relative_path,source,identity_id,split_group,contract_label,true_label,predicted_label,prediction_confidence,uncertain,classifier_mode,classifier_version,labelConfidence,smileType,smileTypeConfidence,fold,media_type,training_role,is_smile_subtype,frames_sampled,frames_ok,face_detection_rate,smile_detection_rate,image_width_median,image_height_median,brightness_mean,brightness_std,contrast_rms_mean,sharpness_laplacian_var_mean,edge_density_mean,lower_face_brightness_mean,lower_face_edge_density_mean,lower_face_symmetry_mad_mean,lower_face_dark_ratio_mean,face_area_pct_mean,face_area_pct_std,face_center_x_pct_mean,face_center_y_pct_mean,smile_area_pct_mean,smile_area_pct_std,smile_to_face_width_ratio_mean,smile_to_face_width_ratio_std,duration_ms,extraction_status,extractor_version,notes,basic_target,basic_prob_neutral,basic_prob_smile
FEI Face Database/frontalimages_manuallyaligned_part1/100a.jpg,fei_face_database,100,fei_subject_100,neutral,neutral,smile,0.7083963911617923,False,basic,phase4-logreg-v1,0.7083963911617923,,,3,image,basic_expression_support,False,1,1,1.0,1.0,260.0,360.0,89.8931623931624,54.83804726288224,54.83805084228515,55.56579166484038,0.0252136752136752,75.89002308907523,0.0271802973224774,0.0997996926307678,0.2519949771134605,0.4756517094017094,0.0,0.5096153846153846,0.5597222222222222,0.0577777777777777,0.0,0.4928909952606635,0.0,,ok,phase3-opencv-v1,Aggregated from Phase 3 frame features.,neutral,0.2916036088382077,0.7083963911617923
FEI Face Database/frontalimages_manuallyaligned_part1/100b.jpg,fei_face_database,100,fei_subject_100,generic_smile,smile,smile,0.9965731308632423,False,basic,phase4-logreg-v1,0.9965731308632423,,,3,image,basic_expression_support,False,1,1,1.0,1.0,260.0,360.0,88.59383547008547,54.72495347198928,54.724952697753906,38.693081012925525,0.0233119658119658,72.23274391512378,0.032868733097566,0.0811869576573371,0.2534220927813605,0.4666773504273504,0.0,0.5134615384615384,0.5541666666666667,0.1664102564102564,0.0,0.84688995215311,0.0,,ok,phase3-opencv-v1,Aggregated from Phase 3 frame features.,smile,0.0034268691367577153,0.9965731308632423
FEI Face Database/frontalimages_manuallyaligned_part1/10a.jpg,fei_face_database,10,fei_subject_10,neutral,neutral,neutral,0.7404145603952252,False,basic,phase4-logreg-v1,0.7404145603952252,,,4,image,basic_expression_support,False,1,1,1.0,1.0,260.0,360.0,74.45732905982906,51.47339010199905,51.473392486572266,78.02229980230477,0.0217948717948717,87.47632910515007,0.0186109378249116,0.0782558247447013,0.2538296250086643,0.5602670940170941,0.0,0.5173076923076924,0.5486111111111112,0.0577777777777777,0.0,0.4541484716157205,0.0,,ok,phase3-opencv-v1,Aggregated from Phase 3 frame features.,neutral,0.7404145603952252,0.2595854396047747
FEI Face Database/frontalimages_manuallyaligned_part1/10b.jpg,fei_face_database,10,fei_subject_10,generic_smile,smile,smile,0.9914374456569177,False,basic,phase4-logreg-v1,0.9914374456569177,,,4,image,basic_expression_support,False,1,1,1.0,1.0,260.0,360.0,76.92476495726496,52.226157013899474,52.22615814208984,58.33652332061782,0.0233333333333333,84.75114695340501,0.0250537634408602,0.1060794442892074,0.2512903225806451,0.5408653846153846,0.0,0.4942307692307692,0.5430555555555555,0.1664102564102564,0.0,0.7866666666666666,0.0,,ok,phase3-opencv-v1,Aggregated from Phase 3 frame features.,smile,0.008562554343082285,0.9914374456569177
FEI Face Database/frontalimages_manuallyaligned_part1/11a.jpg,fei_face_database,11,fei_subject_11,neutral,neutral,smile,0.5304105603955271,True,basic,phase4-logreg-v1,0.5304105603955271,,,3,image,basic_expression_support,False,1,1,1.0,1.0,260.0,360.0,75.91058760683761,55.71315852832009,55.713157653808594,44.4268176633611,0.0236752136752136,85.77781809385583,0.0206418319625866,0.0526395179331302,0.2504434768585712,0.4801709401709402,0.0,0.5115384615384615,0.5527777777777778,0.0577777777777777,0.0,0.490566037735849,0.0,,ok,phase3-opencv-v1,Aggregated from Phase 3 frame features.,neutral,0.46958943960447286,0.5304105603955271
FEI Face Database/frontalimages_manuallyaligned_part1/11b.jpg,fei_face_database,11,fei_subject_11,generic_smile,smile,smile,0.8565788567902735,False,basic,phase4-logreg-v1,0.8565788567902735,,,3,image,basic_expression_support,False,1,1,1.0,1.0,260.0,360.0,76.24941239316239,54.72859399548918,54.72859191894531,27.61147668018117,0.0210897435897435,83.22236810694676,0.0207686798758653,0.0628426074981689,0.250656481260444,0.4847115384615384,0.0,0.5019230769230769,0.5486111111111112,0.0577777777777777,0.0,0.488262910798122,0.0,,ok,phase3-opencv-v1,Aggregated from Phase 3 frame features.,smile,0.14342114320972654,0.8565788567902735
FEI Face Database/frontalimages_manuallyaligned_part1/12a.jpg,fei_face_database,12,fei_subject_12,neutral,neutral,smile,0.6618285817439267,False,basic,phase4-logreg-v1,0.6618285817439267,,,3,image,basic_expression_support,False,1,1,1.0,1.0,260.0,360.0,81.28458333333333,51.520954428585384,51.520957946777344,59.194882806907,0.0234829059829059,73.4126058249281,0.0237371896139668,0.1013006493449211,0.2585571353343865,0.4756517094017094,0.0,0.5134615384615384,0.5430555555555555,0.0577777777777777,0.0,0.4928909952606635,0.0,,ok,phase3-opencv-v1,Aggregated from Phase 3 frame features.,neutral,0.33817141825607333,0.6618285817439267
FEI Face Database/frontalimages_manuallyaligned_part1/12b.jpg,fei_face_database,12,fei_subject_12,generic_smile,smile,smile,0.7863771454270869,False,basic,phase4-logreg-v1,0.7863771454270869,,,3,image,basic_expression_support,False,1,1,1.0,1.0,260.0,360.0,80.92569444444445,51.350655190693274,51.35065460205078,63.17937934187578,0.0251923076923076,74.55871511321749,0.0277473974156438,0.1027575507760047,0.2640256005184915,0.4756517094017094,0.0,0.5134615384615384,0.5430555555555555,0.0577777777777777,0.0,0.4928909952606635,0.0,,ok,phase3-opencv-v1,Aggregated from Phase 3 frame features.,smile,0.21362285457291308,0.7863771454270869
FEI Face Database/frontalimages_manuallyaligned_part1/13a.jpg,fei_face_database,13,fei_subject_13,neutral,neutral,neutral,0.520488707524002,True,basic,phase4-logreg-v1,0.520488707524002,,,1,image,basic_expression_support,False,1,1,1.0,1.0,260.0,360.0,71.10185897435898,55.7249060917771,55.72490310668945,63.87670094190592,0.0260470085470085,82.44864612511671,0.0271553065670712,0.111408919095993,0.2512838468720821,0.4984615384615384,0.0,0.5192307692307693,0.5555555555555556,0.0577777777777777,0.0,0.4814814814814814,0.0,,ok,phase3-opencv-v1,Aggregated from Phase 3 frame features.,neutral,0.520488707524002,0.479511292475998
FEI Face Database/frontalimages_manuallyaligned_part1/13b.jpg,fei_face_database,13,fei_subject_13,generic_smile,smile,smile,0.7308765027318865,False,basic,phase4-logreg-v1,0.7308765027318865,,,1,image,basic_expression_support,False,1,1,1.0,1.0,260.0,360.0,72.5721047008547,56.64213037475504,56.64213180541992,74.17904671166174,0.0278418803418803,80.25155617802676,0.0328353563647681,0.0975333079695701,0.2511671335200747,0.4984615384615384,0.0,0.5115384615384615,0.5555555555555556,0.0577777777777777,0.0,0.4814814814814814,0.0,,ok,phase3-opencv-v1,Aggregated from Phase 3 frame features.,smile,0.26912349726811347,0.7308765027318865
FEI Face Database/frontalimages_manuallyaligned_part1/14a.jpg,fei_face_database,14,fei_subject_14,neutral,neutral,smile,0.8101388564687595,False,basic,phase4-logreg-v1,0.8101388564687595,,,5,image,basic_expression_support,False,1,1,1.0,1.0,260.0,360.0,83.81803418803419,53.6790351209874,53.67903518676758,53.53162498618873,0.0252991452991453,98.93662659654396,0.0274981217129977,0.1243007555603981,0.2584898572501878,0.5170940170940171,0.0,0.5038461538461538,0.55,0.0577777777777777,0.0,0.4727272727272727,0.0,,ok,phase3-opencv-v1,Aggregated from Phase 3 frame features.,neutral,0.1898611435312405,0.8101388564687595
FEI Face Database/frontalimages_manuallyaligned_part1/14b.jpg,fei_face_database,14,fei_subject_14,generic_smile,smile,smile,0.7638730301945205,False,basic,phase4-logreg-v1,0.7638730301945205,,,5,image,basic_expression_support,False,1,1,1.0,1.0,260.0,360.0,88.97654914529915,55.28884772685534,55.288848876953125,51.18817348783696,0.0268589743589743,100.02629601803156,0.0308790383170548,0.1409772932529449,0.2588279489105935,0.5170940170940171,0.0,0.5076923076923077,0.5416666666666666,0.0577777777777777,0.0,0.4727272727272727,0.0,,ok,phase3-opencv-v1,Aggregated from Phase 3 frame features.,smile,0.23612696980547954,0.7638730301945205
FEI Face Database/frontalimages_manuallyaligned_part1/15a.jpg,fei_face_database,15,fei_subject_15,neutral,neutral,neutral,0.6794569023556354,False,basic,phase4-logreg-v1,0.6794569023556354,,,4,image,basic_expression_support,False,1,1,1.0,1.0,260.0,360.0,108.39143162393162,48.53382166475612,48.5338249206543,49.99413946919059,0.0241452991452991,107.23657474600871,0.0183034994355749,0.1075329408049583,0.2543138203515562,0.4801709401709402,0.0,0.5115384615384615,0.5527777777777778,0.0577777777777777,0.0,0.490566037735849,0.0,,ok,phase3-opencv-v1,Aggregated from Phase 3 frame features.,neutral,0.6794569023556354,0.32054309764436467
FEI Face Database/frontalimages_manuallyaligned_part1/15b.jpg,fei_face_database,15,fei_subject_15,generic_smile,smile,smile,0.9664043283366481,False,basic,phase4-logreg-v1,0.9664043283366481,,,4,image,basic_expression_support,False,1,1,1.0,1.0,260.0,360.0,108.40360042735044,48.35605414092074,48.35605239868164,52.19234371290361,0.0238141025641025,101.63111658456486,0.0220032840722495,0.1034334674477577,0.2551313628899835,0.4711538461538461,0.0,0.5038461538461538,0.5472222222222223,0.1664102564102564,0.0,0.8428571428571429,0.0,,ok,phase3-opencv-v1,Aggregated from Phase 3 frame features.,smile,0.03359567166335187,0.9664043283366481
FEI Face Database/frontalimages_manuallyaligned_part1/16a.jpg,fei_face_database,16,fei_subject_16,neutral,neutral,neutral,0.9769248674216684,False,basic,phase4-logreg-v1,0.9769248674216684,,,3,image,basic_expression_support,False,1,1,1.0,0.0,260.0,360.0,90.3822435897436,57.0000684218406,57.00006866455078,50.753802231262334,0.0147863247863247,65.52995249824068,0.0146463757916959,0.0836706534028053,0.2703641801548205,0.440267094017094,0.0,0.5173076923076924,0.5458333333333333,,,,,,ok,phase3-opencv-v1,Aggregated from Phase 3 frame features.,neutral,0.9769248674216684,0.02307513257833163
FEI Face Database/frontalimages_manuallyaligned_part1/16b.jpg,fei_face_database,16,fei_subject_16,generic_smile,smile,smile,0.5428148410918405,True,basic,phase4-logreg-v1,0.5428148410918405,,,3,image,basic_expression_support,False,1,1,1.0,1.0,260.0,360.0,90.62521367521369,57.29948580635163,57.29948806762695,47.95556623646267,0.0153952991452991,65.15566587524282,0.0186488236563781,0.0864994078874588,0.2576300453270019,0.4489850427350427,0.0,0.5134615384615384,0.5458333333333333,0.0577777777777777,0.0,0.5073170731707317,0.0,,ok,phase3-opencv-v1,Aggregated from Phase 3 frame features.,smile,0.4571851589081595,0.5428148410918405
FEI Face Database/frontalimages_manuallyaligned_part1/17a.jpg,fei_face_database,17,fei_subject_17,neutral,neutral,smile,0.6556146779906162,False,basic,phase4-logreg-v1,0.6556146779906162,,,3,image,basic_expression_support,False,1,1,1.0,1.0,260.0,360.0,87.52978632478633,49.854583942956374,49.854583740234375,56.12200597879685,0.0235363247863247,99.2725778842862,0.0182129407737076,0.1266979426145553,0.2527216706607326,0.5651709401709402,0.0,0.5,0.5722222222222222,0.0577777777777777,0.0,0.4521739130434782,0.0,,ok,phase3-opencv-v1,Aggregated from Phase 3 frame features.,neutral,0.34438532200938377,0.6556146779906162
FEI Face Database/frontalimages_manuallyaligned_part1/17b.jpg,fei_face_database,17,fei_subject_17,generic_smile,smile,smile,0.7015409295166056,False,basic,phase4-logreg-v1,0.7015409295166056,,,3,image,basic_expression_support,False,1,1,1.0,1.0,260.0,360.0,88.75636752136752,49.77638631588624,49.77638626098633,58.17105264617119,0.0235790598290598,94.86295526632397,0.0225673557184002,0.1123505160212516,0.2578657625141274,0.531292735042735,0.0,0.5057692307692307,0.5652777777777778,0.0577777777777777,0.0,0.4663677130044843,0.0,,ok,phase3-opencv-v1,Aggregated from Phase 3 frame features.,smile,0.2984590704833944,0.7015409295166056
FEI Face Database/frontalimages_manuallyaligned_part1/18a.jpg,fei_face_database,18,fei_subject_18,neutral,neutral,smile,0.7460960075158973,False,basic,phase4-logreg-v1,0.7460960075158973,,,2,image,basic_expression_support,False,1,1,1.0,1.0,260.0,360.0,77.01601495726496,46.00488721176586,46.00489044189453,51.16262149170867,0.0281730769230769,87.30993622400845,0.0205668138420317,0.0958882868289947,0.2640854371863089,0.5124038461538462,0.0,0.5096153846153846,0.5513888888888889,0.0577777777777777,0.0,0.4748858447488584,0.0,,ok,phase3-opencv-v1,Aggregated from Phase 3 frame features.,neutral,0.25390399248410267,0.7460960075158973
FEI Face Database/frontalimages_manuallyaligned_part1/18b.jpg,fei_face_database,18,fei_subject_18,generic_smile,smile,smile,0.8465984999750679,False,basic,phase4-logreg-v1,0.8465984999750679,,,2,image,basic_expression_support,False,1,1,1.0,1.0,260.0,360.0,75.75524572649573,45.96720773797277,45.96720886230469,43.99505535420776,0.0287072649572649,82.48762838468721,0.0270385932150638,0.0845920071005821,0.2636554621848739,0.4984615384615384,0.0,0.5115384615384615,0.5472222222222223,0.0577777777777777,0.0,0.4814814814814814,0.0,,ok,phase3-opencv-v1,Aggregated from Phase 3 frame features.,smile,0.15340150002493214,0.8465984999750679
FEI Face Database/frontalimages_manuallyaligned_part1/19a.jpg,fei_face_database,19,fei_subject_19,neutral,neutral,smile,0.5205327952571207,True,basic,phase4-logreg-v1,0.5205327952571207,,,2,image,basic_expression_support,False,1,1,1.0,1.0,260.0,360.0,80.56478632478633,56.78216125615645,56.78215789794922,55.54096105620846,0.0205662393162393,90.22487039170508,0.0169210829493087,0.1161115244030952,0.2627448156682028,0.5360683760683761,0.0,0.5115384615384615,0.5527777777777778,0.0577777777777777,0.0,0.4642857142857143,0.0,,ok,phase3-opencv-v1,Aggregated from Phase 3 frame features.,neutral,0.4794672047428793,0.5205327952571207
FEI Face Database/frontalimages_manuallyaligned_part1/19b.jpg,fei_face_database,19,fei_subject_19,generic_smile,smile,neutral,0.5382239369222437,True,basic,phase4-logreg-v1,0.5382239369222437,,,2,image,basic_expression_support,False,1,1,1.0,1.0,260.0,360.0,82.66976495726496,57.080134706830215,57.08013153076172,32.81944948943951,0.0200106837606837,89.70785840707964,0.0176283185840707,0.1155439838767051,0.2575221238938053,0.5456837606837607,0.0,0.5115384615384615,0.55,0.0577777777777777,0.0,0.4601769911504424,0.0,,ok,phase3-opencv-v1,Aggregated from Phase 3 frame features.,smile,0.5382239369222437,0.46177606307775626
FEI Face Database/frontalimages_manuallyaligned_part1/1a.jpg,fei_face_database,1,fei_subject_1,neutral,neutral,neutral,0.9919388154654853,False,basic,phase4-logreg-v1,0.9919388154654853,,,5,image,basic_expression_support,False,1,1,1.0,0.0,260.0,360.0,87.52982905982905,53.66682659608127,53.66683197021485,63.70311823316166,0.0258333333333333,98.56693425076452,0.0167048929663608,0.0920048579573631,0.2552752293577982,0.5077350427350428,0.0,0.5192307692307693,0.5583333333333333,,,,,,ok,phase3-opencv-v1,Aggregated from Phase 3 frame features.,neutral,0.9919388154654853,0.00806118453451468
FEI Face Database/frontalimages_manuallyaligned_part1/1b.jpg,fei_face_database,1,fei_subject_1,generic_smile,smile,neutral,0.5439084204813482,True,basic,phase4-logreg-v1,0.5439084204813482,,,5,image,basic_expression_support,False,1,1,1.0,1.0,260.0,360.0,86.16887820512821,53.83620889579328,53.83620834350586,50.84914983563446,0.0246153846153846,97.08669656203288,0.0166611980021145,0.099083587527275,0.259542819643443,0.531292735042735,0.0,0.5057692307692307,0.5541666666666667,0.0577777777777777,0.0,0.4663677130044843,0.0,,ok,phase3-opencv-v1,Aggregated from Phase 3 frame features.,smile,0.5439084204813482,0.4560915795186518
FEI Face Database/frontalimages_manuallyaligned_part1/20a.jpg,fei_face_database,20,fei_subject_20,neutral,neutral,neutral,0.9436917359536308,False,basic,phase4-logreg-v1,0.9436917359536308,,,4,image,basic_expression_support,False,1,1,1.0,0.0,260.0,360.0,83.14924145299145,49.306677249974506,49.30667495727539,51.39712732805538,0.0202991452991453,80.68118279569893,0.016594982078853,0.0889324694871902,0.261505376344086,0.5408653846153846,0.0,0.5096153846153846,0.5513888888888889,,,,,,ok,phase3-opencv-v1,Aggregated from Phase 3 frame features.,neutral,0.9436917359536308,0.056308264046369266
FEI Face Database/frontalimages_manuallyaligned_part1/20b.jpg,fei_face_database,20,fei_subject_20,generic_smile,smile,neutral,0.5533010501722864,True,basic,phase4-logreg-v1,0.5533010501722864,,,4,image,basic_expression_support,False,1,1,1.0,1.0,260.0,360.0,82.24590811965813,49.62860257680646,49.62860107421875,57.268775320398674,0.0213995726495726,78.67526166216122,0.0196159977819366,0.0906470939517021,0.2541068829278436,0.5602670940170941,0.0,0.5096153846153846,0.5513888888888889,0.0577777777777777,0.0,0.4541484716157205,0.0,,ok,phase3-opencv-v1,Aggregated from Phase 3 frame features.,smile,0.5533010501722864,0.4466989498277136
FEI Face Database/frontalimages_manuallyaligned_part1/21a.jpg,fei_face_database,21,fei_subject_21,neutral,neutral,neutral,0.9689349720497735,False,basic,phase4-logreg-v1,0.9689349720497735,,,2,image,basic_expression_support,False,1,1,1.0,0.0,260.0,360.0,73.99570512820513,51.50810743103192,51.50811004638672,53.89122095067207,0.0366025641025641,75.6063709204612,0.0323627125268712,0.0655311271548271,0.2512018760992769,0.4938568376068376,0.0,0.5211538461538462,0.5541666666666667,,,,,,ok,phase3-opencv-v1,Aggregated from Phase 3 frame features.,neutral,0.9689349720497735,0.03106502795022651
FEI Face Database/frontalimages_manuallyaligned_part1/21b.jpg,fei_face_database,21,fei_subject_21,generic_smile,smile,smile,0.8252903791646676,False,basic,phase4-logreg-v1,0.8252903791646676,,,2,image,basic_expression_support,False,1,1,1.0,1.0,260.0,360.0,72.56003205128205,50.50327977416606,50.50327682495117,39.183173074069515,0.0320833333333333,73.86957201485245,0.0358022278678913,0.0746200606226921,0.2547586476451045,0.4938568376068376,0.0,0.5134615384615384,0.5513888888888889,0.0577777777777777,0.0,0.4837209302325581,0.0,,ok,phase3-opencv-v1,Aggregated from Phase 3 frame features.,smile,0.17470962083533237,0.8252903791646676
FEI Face Database/frontalimages_manuallyaligned_part1/22a.jpg,fei_face_database,22,fei_subject_22,neutral,neutral,neutral,0.7415843751117359,False,basic,phase4-logreg-v1,0.7415843751117359,,,1,image,basic_expression_support,False,1,1,1.0,1.0,260.0,360.0,92.75121794871797,52.17064198635797,52.1706428527832,74.6010788059756,0.0254059829059829,85.28289473684211,0.0165343915343915,0.0811918154358863,0.2580757449178502,0.5553846153846154,0.0,0.5115384615384615,0.5555555555555556,0.0577777777777777,0.0,0.4561403508771929,0.0,,ok,phase3-opencv-v1,Aggregated from Phase 3 frame features.,neutral,0.7415843751117359,0.2584156248882641
FEI Face Database/frontalimages_manuallyaligned_part1/22b.jpg,fei_face_database,22,fei_subject_22,generic_smile,smile,smile,0.8166317294824915,False,basic,phase4-logreg-v1,0.8166317294824915,,,1,image,basic_expression_support,False,1,1,1.0,1.0,260.0,360.0,95.67753205128206,53.922562784446384,53.92256546020508,74.65502220578567,0.0282799145299145,82.84583813364056,0.0309979838709677,0.1163989827036857,0.2527721774193548,0.5360683760683761,0.0,0.5,0.55,0.0577777777777777,0.0,0.4642857142857143,0.0,,ok,phase3-opencv-v1,Aggregated from Phase 3 frame features.,smile,0.18336827051750848,0.8166317294824915
FEI Face Database/frontalimages_manuallyaligned_part1/23a.jpg,fei_face_database,23,fei_subject_23,neutral,neutral,neutral,0.9602792624151698,False,basic,phase4-logreg-v1,0.9602792624151698,,,5,image,basic_expression_support,False,1,1,1.0,0.0,260.0,360.0,90.1294123931624,45.55871826692234,45.55872344970703,62.539902841697696,0.0240064102564102,82.08151955959022,0.0175361843304531,0.0731170177459716,0.2565532830216194,0.531292735042735,0.0,0.5096153846153846,0.5541666666666667,,,,,,ok,phase3-opencv-v1,Aggregated from Phase 3 frame features.,neutral,0.9602792624151698,0.039720737584830156
FEI Face Database/frontalimages_manuallyaligned_part1/23b.jpg,fei_face_database,23,fei_subject_23,generic_smile,smile,smile,0.8036154292639639,False,basic,phase4-logreg-v1,0.8036154292639639,,,5,image,basic_expression_support,False,1,1,1.0,1.0,260.0,360.0,88.48978632478632,45.22062868789754,45.22062683105469,53.79804045401418,0.0246153846153846,79.87062555066079,0.0248810572687224,0.0734039917588234,0.2505726872246696,0.5505235042735043,0.0,0.5057692307692307,0.5708333333333333,0.0577777777777777,0.0,0.4581497797356828,0.0,,ok,phase3-opencv-v1,Aggregated from Phase 3 frame features.,smile,0.1963845707360361,0.8036154292639639
FEI Face Database/frontalimages_manuallyaligned_part1/24a.jpg,fei_face_database,24,fei_subject_24,neutral,neutral,neutral,0.9849902243239115,False,basic,phase4-logreg-v1,0.9849902243239115,,,4,image,basic_expression_support,False,1,1,1.0,0.0,260.0,360.0,99.76957264957264,50.84790671120482,50.847904205322266,81.3170298031266,0.0351068376068376,92.28707976268952,0.0252325496227935,0.1147497594356536,0.2505676408115432,0.5265384615384615,0.0,0.5115384615384615,0.5444444444444444,,,,,,ok,phase3-opencv-v1,Aggregated from Phase 3 frame features.,neutral,0.9849902243239115,0.015009775676088527
FEI Face Database/frontalimages_manuallyaligned_part1/24b.jpg,fei_face_database,24,fei_subject_24,generic_smile,smile,neutral,0.7452617657862557,False,basic,phase4-logreg-v1,0.7452617657862557,,,4,image,basic_expression_support,False,1,1,1.0,1.0,260.0,360.0,95.98239316239317,49.88074806582302,49.8807487487793,73.38895619646706,0.0345405982905982,87.62186326070623,0.0264087152516904,0.118101380765438,0.2528925619834711,0.5170940170940171,0.0,0.5153846153846153,0.5527777777777778,0.0577777777777777,0.0,0.4727272727272727,0.0,,ok,phase3-opencv-v1,Aggregated from Phase 3 frame features.,smile,0.7452617657862557,0.25473823421374425
FEI Face Database/frontalimages_manuallyaligned_part1/25a.jpg,fei_face_database,25,fei_subject_25,neutral,neutral,neutral,0.7192330867407473,False,basic,phase4-logreg-v1,0.7192330867407473,,,3,image,basic_expression_support,False,1,1,1.0,0.0,260.0,360.0,82.87429487179487,50.94908940345505,50.94908905029297,61.0245341862079,0.0232692307692307,79.11885560675883,0.0241167434715821,0.0971940830349922,0.2662826420890937,0.5030876068376068,0.0,0.5019230769230769,0.5402777777777777,,,,,,ok,phase3-opencv-v1,Aggregated from Phase 3 frame features.,neutral,0.7192330867407473,0.28076691325925274
FEI Face Database/frontalimages_manuallyaligned_part1/25b.jpg,fei_face_database,25,fei_subject_25,generic_smile,smile,smile,0.844797003894097,False,basic,phase4-logreg-v1,0.844797003894097,,,3,image,basic_expression_support,False,1,1,1.0,1.0,260.0,360.0,84.1318376068376,51.792429148824645,51.79243087768555,57.96203227728467,0.0243589743589743,77.83253058103976,0.0216743119266055,0.1008511707186698,0.2662844036697248,0.5077350427350428,0.0,0.5038461538461538,0.5444444444444444,0.0577777777777777,0.0,0.4770642201834862,0.0,,ok,phase3-opencv-v1,Aggregated from Phase 3 frame features.,smile,0.15520299610590305,0.844797003894097
FEI Face Database/frontalimages_manuallyaligned_part1/26a.jpg,fei_face_database,26,fei_subject_26,neutral,neutral,neutral,0.9438355421279196,False,basic,phase4-logreg-v1,0.9438355421279196,,,2,image,basic_expression_support,False,1,1,1.0,0.0,260.0,360.0,88.0596688034188,49.84382379824485,49.84382247924805,81.80102194280079,0.029594017094017,76.16822619192287,0.0332158625997488,0.0887110829353332,0.2577874994936606,0.4756517094017094,0.0,0.5211538461538462,0.5486111111111112,,,,,,ok,phase3-opencv-v1,Aggregated from Phase 3 frame features.,neutral,0.9438355421279196,0.05616445787208031
FEI Face Database/frontalimages_manuallyaligned_part1/26b.jpg,fei_face_database,26,fei_subject_26,generic_smile,smile,smile,0.7839468332528845,False,basic,phase4-logreg-v1,0.7839468332528845,,,2,image,basic_expression_support,False,1,1,1.0,1.0,260.0,360.0,85.43885683760683,49.5490713426135,49.549068450927734,76.74563102491052,0.0331730769230769,75.84059633027523,0.0433103975535168,0.0941386371850967,0.2515290519877676,0.5077350427350428,0.0,0.5153846153846153,0.5527777777777778,0.0577777777777777,0.0,0.4770642201834862,0.0,,ok,phase3-opencv-v1,Aggregated from Phase 3 frame features.,smile,0.2160531667471155,0.7839468332528845
FEI Face Database/frontalimages_manuallyaligned_part1/27a.jpg,fei_face_database,27,fei_subject_27,neutral,neutral,neutral,0.988230675520603,False,basic,phase4-logreg-v1,0.988230675520603,,,1,image,basic_expression_support,False,1,1,1.0,0.0,260.0,360.0,93.30397435897436,51.46761276464695,51.46761322021485,49.08196836876325,0.0281196581196581,106.1353386247311,0.0186558860618648,0.0955609083175659,0.2603293524219272,0.5218055555555555,0.0,0.5134615384615384,0.5458333333333333,,,,,,ok,phase3-opencv-v1,Aggregated from Phase 3 frame features.,neutral,0.988230675520603,0.011769324479397101
FEI Face Database/frontalimages_manuallyaligned_part1/27b.jpg,fei_face_database,27,fei_subject_27,generic_smile,smile,smile,0.5275062279911193,True,basic,phase4-logreg-v1,0.5275062279911193,,,1,image,basic_expression_support,False,1,1,1.0,1.0,260.0,360.0,88.11516025641026,50.27400282362859,50.27400207519531,39.52485131754968,0.026517094017094,100.759036578341,0.0236175115207373,0.094364158809185,0.2590725806451613,0.5360683760683761,0.0,0.5115384615384615,0.5583333333333333,0.0577777777777777,0.0,0.4642857142857143,0.0,,ok,phase3-opencv-v1,Aggregated from Phase 3 frame features.,smile,0.47249377200888065,0.5275062279911193
FEI Face Database/frontalimages_manuallyaligned_part1/28a.jpg,fei_face_database,28,fei_subject_28,neutral,neutral,neutral,0.7111800288428891,False,basic,phase4-logreg-v1,0.7111800288428891,,,5,image,basic_expression_support,False,1,1,1.0,1.0,260.0,360.0,83.35139957264957,61.16053584141261,61.16053009033203,36.0168770407581,0.024059829059829,97.0133256528418,0.0222734254992319,0.1035847812891006,0.2504224270353302,0.5030876068376068,0.0,0.5173076923076924,0.5569444444444445,0.0577777777777777,0.0,0.4792626728110599,0.0,,ok,phase3-opencv-v1,Aggregated from Phase 3 frame features.,neutral,0.7111800288428891,0.28881997115711083
FEI Face Database/frontalimages_manuallyaligned_part1/28b.jpg,fei_face_database,28,fei_subject_28,generic_smile,smile,smile,0.6985853161719323,False,basic,phase4-logreg-v1,0.6985853161719323,,,5,image,basic_expression_support,False,1,1,1.0,1.0,260.0,360.0,85.73514957264958,61.884246642067644,61.884246826171875,20.008339861270912,0.0223076923076923,97.01440280098672,0.0302379247234821,0.1150018498301506,0.2585740431288295,0.4847115384615384,0.0,0.5134615384615384,0.5541666666666667,0.0577777777777777,0.0,0.488262910798122,0.0,,ok,phase3-opencv-v1,Aggregated from Phase 3 frame features.,smile,0.3014146838280677,0.6985853161719323
FEI Face Database/frontalimages_manuallyaligned_part1/29a.jpg,fei_face_database,29,fei_subject_29,neutral,neutral,neutral,0.9501515352983001,False,basic,phase4-logreg-v1,0.9501515352983001,,,4,image,basic_expression_support,False,1,1,1.0,0.0,260.0,360.0,83.57934829059829,47.34474793300976,47.344749450683594,48.00576468286581,0.0247435897435897,94.49430837004404,0.0223436123348017,0.0813956633210182,0.2593127753303965,0.5505235042735043,0.0,0.5173076923076924,0.5708333333333333,,,,,,ok,phase3-opencv-v1,Aggregated from Phase 3 frame features.,neutral,0.9501515352983001,0.04984846470169985
FEI Face Database/frontalimages_manuallyaligned_part1/29b.jpg,fei_face_database,29,fei_subject_29,generic_smile,smile,smile,0.9766092915336567,False,basic,phase4-logreg-v1,0.9766092915336567,,,4,image,basic_expression_support,False,1,1,1.0,1.0,260.0,360.0,86.39339743589744,48.94012261636961,48.94012069702149,74.38768096544216,0.0304807692307692,90.59655913978494,0.033010752688172,0.0776009187102317,0.2527598566308244,0.5408653846153846,0.0,0.5096153846153846,0.5597222222222222,0.1664102564102564,0.0,0.7866666666666666,0.0,,ok,phase3-opencv-v1,Aggregated from Phase 3 frame features.,smile,0.02339070846634328,0.9766092915336567
FEI Face Database/frontalimages_manuallyaligned_part1/2a.jpg,fei_face_database,2,fei_subject_2,neutral,neutral,neutral,0.5531746898336543,True,basic,phase4-logreg-v1,0.5531746898336543,,,5,image,basic_expression_support,False,1,1,1.0,0.0,260.0,360.0,86.99719017094017,48.82827315397174,48.82827377319336,128.2625145955466,0.0503739316239316,89.20109133523768,0.054859737786567,0.0939076840877533,0.2543030835713762,0.5265384615384615,0.0,0.5076923076923077,0.5472222222222223,,,,,,ok,phase3-opencv-v1,Aggregated from Phase 3 frame features.,neutral,0.5531746898336543,0.4468253101663457
FEI Face Database/frontalimages_manuallyaligned_part1/2b.jpg,fei_face_database,2,fei_subject_2,generic_smile,smile,smile,0.8234975687525625,False,basic,phase4-logreg-v1,0.8234975687525625,,,5,image,basic_expression_support,False,1,1,1.0,1.0,260.0,360.0,88.25784188034189,50.47548267127393,50.47548294067383,146.9259615343524,0.0559722222222222,86.02065870484385,0.053816482456791,0.0872718542814254,0.2535791113418886,0.5218055555555555,0.0,0.5134615384615384,0.5458333333333333,0.0577777777777777,0.0,0.4705882352941176,0.0,,ok,phase3-opencv-v1,Aggregated from Phase 3 frame features.,smile,0.17650243124743747,0.8234975687525625
FEI Face Database/frontalimages_manuallyaligned_part1/30a.jpg,fei_face_database,30,fei_subject_30,neutral,neutral,neutral,0.9979067613085282,False,basic,phase4-logreg-v1,0.9979067613085282,,,3,image,basic_expression_support,False,1,1,1.0,0.0,260.0,360.0,104.26021367521368,38.00530443124496,38.00530242919922,98.14669575925468,0.0334401709401709,99.86394074675324,0.0114650974025974,0.0807110518217086,0.256256764069264,0.5700961538461539,0.0,0.5173076923076924,0.5569444444444445,,,,,,ok,phase3-opencv-v1,Aggregated from Phase 3 frame features.,neutral,0.9979067613085282,0.0020932386914717955
FEI Face Database/frontalimages_manuallyaligned_part1/30b.jpg,fei_face_database,30,fei_subject_30,generic_smile,smile,smile,0.9692317315764775,False,basic,phase4-logreg-v1,0.9692317315764775,,,3,image,basic_expression_support,False,1,1,1.0,1.0,260.0,360.0,102.50549145299144,37.4395651446436,37.4395637512207,90.39277905058348,0.0379166666666666,98.91089767972612,0.0224736908837327,0.0827204287052154,0.2634081399771776,0.610267094017094,0.0,0.5096153846153846,0.5652777777777778,0.1664102564102564,0.0,0.7405857740585774,0.0,,ok,phase3-opencv-v1,Aggregated from Phase 3 frame features.,smile,0.030768268423522538,0.9692317315764775
FEI Face Database/frontalimages_manuallyaligned_part1/31a.jpg,fei_face_database,31,fei_subject_31,neutral,neutral,neutral,0.9856387697808666,False,basic,phase4-logreg-v1,0.9856387697808666,,,1,image,basic_expression_support,False,1,1,1.0,0.0,260.0,360.0,84.69898504273505,37.156323141522115,37.15632247924805,54.20604637836494,0.0243376068376068,98.0320463742754,0.0125050129425061,0.0870710015296936,0.2536366619271574,0.531292735042735,0.0,0.5096153846153846,0.5597222222222222,,,,,,ok,phase3-opencv-v1,Aggregated from Phase 3 frame features.,neutral,0.9856387697808666,0.014361230219133344
FEI Face Database/frontalimages_manuallyaligned_part1/31b.jpg,fei_face_database,31,fei_subject_31,generic_smile,smile,neutral,0.5875881370670284,True,basic,phase4-logreg-v1,0.5875881370670284,,,1,image,basic_expression_support,False,1,1,1.0,1.0,260.0,360.0,82.28236111111111,36.84546361317223,36.845462799072266,37.28093012535156,0.0197542735042735,92.7285176309483,0.0124957206436152,0.085701510310173,0.25662444368367,0.5651709401709402,0.0,0.5115384615384615,0.5722222222222222,0.0577777777777777,0.0,0.4521739130434782,0.0,,ok,phase3-opencv-v1,Aggregated from Phase 3 frame features.,smile,0.5875881370670284,0.41241186293297155
FEI Face Database/frontalimages_manuallyaligned_part1/32a.jpg,fei_face_database,32,fei_subject_32,neutral,neutral,neutral,0.9808708039127567,False,basic,phase4-logreg-v1,0.9808708039127567,,,3,image,basic_expression_support,False,1,1,1.0,0.0,260.0,360.0,92.05819444444444,54.58388764788619,54.583885192871094,37.10147762984878,0.0234508547008547,92.5547619047619,0.0209293394777265,0.0917199254035949,0.2504992319508448,0.5030876068376068,0.0,0.5134615384615384,0.5402777777777777,,,,,,ok,phase3-opencv-v1,Aggregated from Phase 3 frame features.,neutral,0.9808708039127567,0.019129196087243294
FEI Face Database/frontalimages_manuallyaligned_part1/32b.jpg,fei_face_database,32,fei_subject_32,generic_smile,smile,smile,0.613183618112551,False,basic,phase4-logreg-v1,0.613183618112551,,,3,image,basic_expression_support,False,1,1,1.0,1.0,260.0,360.0,87.5836752136752,53.827440204522425,53.82744216918945,46.43228302606107,0.0256730769230769,87.93403524661308,0.0251707611607985,0.0994899198412895,0.2518962979735084,0.5124038461538462,0.0,0.5096153846153846,0.5513888888888889,0.0577777777777777,0.0,0.4748858447488584,0.0,,ok,phase3-opencv-v1,Aggregated from Phase 3 frame features.,smile,0.38681638188744905,0.613183618112551
FEI Face Database/frontalimages_manuallyaligned_part1/33a.jpg,fei_face_database,33,fei_subject_33,neutral,neutral,neutral,0.924434297048393,False,basic,phase4-logreg-v1,0.924434297048393,,,4,image,basic_expression_support,False,1,1,1.0,0.0,260.0,360.0,80.00213675213675,48.328750619687355,48.32875061035156,55.9010568540434,0.0215918803418803,82.36447359703173,0.0151725965679454,0.1295881867408752,0.2511760418737163,0.585,0.0,0.4961538461538461,0.5527777777777778,,,,,,ok,phase3-opencv-v1,Aggregated from Phase 3 frame features.,neutral,0.924434297048393,0.07556570295160708
FEI Face Database/frontalimages_manuallyaligned_part1/33b.jpg,fei_face_database,33,fei_subject_33,generic_smile,smile,smile,0.664857159665448,False,basic,phase4-logreg-v1,0.664857159665448,,,4,image,basic_expression_support,False,1,1,1.0,1.0,260.0,360.0,79.40104700854701,48.26321499838874,48.263214111328125,29.40075719510191,0.014284188034188,80.45355462797323,0.0128867687007221,0.1045359298586845,0.2564102564102564,0.585,0.0,0.5,0.5666666666666667,0.0577777777777777,0.0,0.4444444444444444,0.0,,ok,phase3-opencv-v1,Aggregated from Phase 3 frame features.,smile,0.335142840334552,0.664857159665448
FEI Face Database/frontalimages_manuallyaligned_part1/34a.jpg,fei_face_database,34,fei_subject_34,neutral,neutral,neutral,0.9992554858262503,False,basic,phase4-logreg-v1,0.9992554858262503,,,3,image,basic_expression_support,False,1,1,1.0,0.0,260.0,360.0,84.49626068376068,56.48394661612938,56.48394775390625,59.48974883562989,0.0296047008547008,96.72273047149896,0.0167135819845179,0.1445863395929336,0.2563335679099225,0.440267094017094,0.0,0.5326923076923077,0.5430555555555555,,,,,,ok,phase3-opencv-v1,Aggregated from Phase 3 frame features.,neutral,0.9992554858262503,0.0007445141737496081
FEI Face Database/frontalimages_manuallyaligned_part1/34b.jpg,fei_face_database,34,fei_subject_34,generic_smile,smile,neutral,0.9960866415272485,False,basic,phase4-logreg-v1,0.9960866415272485,,,3,image,basic_expression_support,False,1,1,1.0,0.0,260.0,360.0,84.24449786324786,56.348291867951886,56.348289489746094,59.098224835634454,0.0320192307692307,89.49838735687793,0.0221335268505079,0.1275942176580429,0.2513707466537655,0.4801709401709402,0.0,0.5230769230769231,0.5583333333333333,,,,,,ok,phase3-opencv-v1,Aggregated from Phase 3 frame features.,smile,0.9960866415272485,0.003913358472751499
FEI Face Database/frontalimages_manuallyaligned_part1/35a.jpg,fei_face_database,35,fei_subject_35,neutral,neutral,neutral,0.9626377861569115,False,basic,phase4-logreg-v1,0.9626377861569115,,,2,image,basic_expression_support,False,1,1,1.0,0.0,260.0,360.0,77.91893162393163,48.99637598376368,48.996376037597656,40.941130763637766,0.0238782051282051,93.3661709418771,0.0192966696609774,0.1010058149695396,0.2549156602455334,0.5800106837606838,0.0,0.5134615384615384,0.5458333333333333,,,,,,ok,phase3-opencv-v1,Aggregated from Phase 3 frame features.,neutral,0.9626377861569115,0.037362213843088514
FEI Face Database/frontalimages_manuallyaligned_part1/35b.jpg,fei_face_database,35,fei_subject_35,generic_smile,smile,smile,0.8066359738353102,False,basic,phase4-logreg-v1,0.8066359738353102,,,2,image,basic_expression_support,False,1,1,1.0,1.0,260.0,360.0,79.15694444444445,50.454523875986276,50.45452499389648,46.54768799720578,0.0262820512820512,89.22543649435124,0.0246490927764464,0.0982669070363044,0.2536802464909277,0.5651709401709402,0.0,0.5,0.5472222222222223,0.0577777777777777,0.0,0.4521739130434782,0.0,,ok,phase3-opencv-v1,Aggregated from Phase 3 frame features.,smile,0.19336402616468984,0.8066359738353102
FEI Face Database/frontalimages_manuallyaligned_part1/36a.jpg,fei_face_database,36,fei_subject_36,neutral,neutral,neutral,0.7852576184351274,False,basic,phase4-logreg-v1,0.7852576184351274,,,1,image,basic_expression_support,False,1,1,1.0,1.0,260.0,360.0,101.64938034188036,53.17305035263689,53.17304992675781,80.63565088472042,0.0317628205128205,104.19009030801485,0.0294307369779067,0.0904297530651092,0.2553620383809063,0.4801709401709402,0.0,0.5192307692307693,0.5416666666666666,0.0577777777777777,0.0,0.490566037735849,0.0,,ok,phase3-opencv-v1,Aggregated from Phase 3 frame features.,neutral,0.7852576184351274,0.21474238156487255
FEI Face Database/frontalimages_manuallyaligned_part1/36b.jpg,fei_face_database,36,fei_subject_36,generic_smile,smile,smile,0.9503266739399041,False,basic,phase4-logreg-v1,0.9503266739399041,,,1,image,basic_expression_support,False,1,1,1.0,1.0,260.0,360.0,98.94107905982906,53.26945915177673,53.26945495605469,96.05991209684784,0.0324893162393162,100.7127752257247,0.037264375099002,0.0852554440498352,0.2526136543640108,0.4892735042735043,0.0,0.5115384615384615,0.55,0.1664102564102564,0.0,0.8271028037383178,0.0,,ok,phase3-opencv-v1,Aggregated from Phase 3 frame features.,smile,0.04967332606009589,0.9503266739399041
FEI Face Database/frontalimages_manuallyaligned_part1/37a.jpg,fei_face_database,37,fei_subject_37,neutral,neutral,neutral,0.6914764125391633,False,basic,phase4-logreg-v1,0.6914764125391633,,,5,image,basic_expression_support,False,1,1,1.0,1.0,260.0,360.0,84.83813034188034,69.58224308318384,69.58223724365234,61.79710496749213,0.0363782051282051,97.70705021086974,0.0335004376541736,0.091947428882122,0.2526856051563619,0.4847115384615384,0.0,0.5173076923076924,0.5513888888888889,0.0577777777777777,0.0,0.488262910798122,0.0,,ok,phase3-opencv-v1,Aggregated from Phase 3 frame features.,neutral,0.6914764125391633,0.3085235874608368
FEI Face Database/frontalimages_manuallyaligned_part1/37b.jpg,fei_face_database,37,fei_subject_37,generic_smile,smile,smile,0.7758732342744858,False,basic,phase4-logreg-v1,0.7758732342744858,,,5,image,basic_expression_support,False,1,1,1.0,1.0,260.0,360.0,82.95543803418803,69.3259956000677,69.32599639892578,74.73551523931167,0.0416132478632478,94.83438155136268,0.0493468795355587,0.0900272205471992,0.2530237058538945,0.4801709401709402,0.0,0.5153846153846153,0.5527777777777778,0.0577777777777777,0.0,0.490566037735849,0.0,,ok,phase3-opencv-v1,Aggregated from Phase 3 frame features.,smile,0.22412676572551415,0.7758732342744858
FEI Face Database/frontalimages_manuallyaligned_part1/38a.jpg,fei_face_database,38,fei_subject_38,neutral,neutral,neutral,0.7863181370376342,False,basic,phase4-logreg-v1,0.7863181370376342,,,4,image,basic_expression_support,False,1,1,1.0,0.0,260.0,360.0,72.12865384615385,42.49853199455416,42.498531341552734,30.26652743980112,0.0155876068376068,95.0770284149264,0.0132488873673399,0.0945204123854637,0.2615884970900377,0.5651709401709402,0.0,0.5038461538461538,0.5472222222222223,,,,,,ok,phase3-opencv-v1,Aggregated from Phase 3 frame features.,neutral,0.7863181370376342,0.21368186296236585
FEI Face Database/frontalimages_manuallyaligned_part1/38b.jpg,fei_face_database,38,fei_subject_38,generic_smile,smile,smile,0.9926412754837339,False,basic,phase4-logreg-v1,0.9926412754837339,,,4,image,basic_expression_support,False,1,1,1.0,1.0,260.0,360.0,71.87682692307692,42.849088060586425,42.84908676147461,61.68978336438016,0.0232264957264957,91.96964025784986,0.0225272059333194,0.0822410061955452,0.2606917585083524,0.5602670940170941,0.0,0.5019230769230769,0.5541666666666667,0.1664102564102564,0.0,0.7729257641921398,0.0,,ok,phase3-opencv-v1,Aggregated from Phase 3 frame features.,smile,0.007358724516266069,0.9926412754837339
FEI Face Database/frontalimages_manuallyaligned_part1/39a.jpg,fei_face_database,39,fei_subject_39,neutral,neutral,neutral,0.6966206158973645,False,basic,phase4-logreg-v1,0.6966206158973645,,,3,image,basic_expression_support,False,1,1,1.0,1.0,260.0,360.0,76.82463675213675,63.92904851049946,63.92905044555664,82.14932545736998,0.0217735042735042,76.72826652785008,0.0212996703106021,0.0728861913084983,0.250086760367864,0.4446153846153846,0.0,0.5153846153846153,0.5555555555555556,0.0577777777777777,0.0,0.5098039215686274,0.0,,ok,phase3-opencv-v1,Aggregated from Phase 3 frame features.,neutral,0.6966206158973645,0.3033793841026355
FEI Face Database/frontalimages_manuallyaligned_part1/39b.jpg,fei_face_database,39,fei_subject_39,generic_smile,smile,smile,0.9688732579713085,False,basic,phase4-logreg-v1,0.9688732579713085,,,3,image,basic_expression_support,False,1,1,1.0,1.0,260.0,360.0,75.48070512820513,63.7962663646306,63.7962646484375,66.15481748564083,0.0232905982905982,76.76954545454545,0.0352727272727272,0.0805618539452552,0.2528636363636363,0.4273504273504273,0.0,0.5,0.5472222222222223,0.0577777777777777,0.0,0.52,0.0,,ok,phase3-opencv-v1,Aggregated from Phase 3 frame features.,smile,0.03112674202869148,0.9688732579713085
FEI Face Database/frontalimages_manuallyaligned_part1/3a.jpg,fei_face_database,3,fei_subject_3,neutral,neutral,neutral,0.6212832965086125,False,basic,phase4-logreg-v1,0.6212832965086125,,,5,image,basic_expression_support,False,1,1,1.0,1.0,260.0,360.0,90.69971153846154,44.14541152703357,44.14541244506836,54.769172316732416,0.0213888888888888,93.42549526270456,0.0143112701252236,0.0649842843413353,0.2600874577618763,0.585,0.0,0.5115384615384615,0.55,0.0577777777777777,0.0,0.4444444444444444,0.0,,ok,phase3-opencv-v1,Aggregated from Phase 3 frame features.,neutral,0.6212832965086125,0.37871670349138753
FEI Face Database/frontalimages_manuallyaligned_part1/3b.jpg,fei_face_database,3,fei_subject_3,generic_smile,smile,smile,0.9596119910168506,False,basic,phase4-logreg-v1,0.9596119910168506,,,5,image,basic_expression_support,False,1,1,1.0,1.0,260.0,360.0,87.68136752136752,43.86580632789681,43.86580657958984,48.350148700484866,0.0181944444444444,90.06885470938758,0.0157863538514335,0.0634783059358596,0.2504601753346021,0.6205235042735042,0.0,0.5057692307692307,0.5708333333333333,0.1664102564102564,0.0,0.7344398340248963,0.0,,ok,phase3-opencv-v1,Aggregated from Phase 3 frame features.,smile,0.040388008983149426,0.9596119910168506
FEI Face Database/frontalimages_manuallyaligned_part1/40a.jpg,fei_face_database,40,fei_subject_40,neutral,neutral,neutral,0.9916579893527937,False,basic,phase4-logreg-v1,0.9916579893527937,,,1,image,basic_expression_support,False,1,1,1.0,0.0,260.0,360.0,68.13726495726496,51.690536299664096,51.69053649902344,48.012193045511,0.016784188034188,79.29741170778907,0.0114900822447992,0.0786176174879074,0.2524189646831156,0.4801709401709402,0.0,0.5192307692307693,0.5472222222222223,,,,,,ok,phase3-opencv-v1,Aggregated from Phase 3 frame features.,neutral,0.9916579893527937,0.008342010647206324
FEI Face Database/frontalimages_manuallyaligned_part1/40b.jpg,fei_face_database,40,fei_subject_40,generic_smile,smile,smile,0.9389009564784336,False,basic,phase4-logreg-v1,0.9389009564784336,,,1,image,basic_expression_support,False,1,1,1.0,1.0,260.0,360.0,67.52916666666667,52.21978887510228,52.21979141235352,37.42130735946745,0.0171474358974359,80.60348583877996,0.0218253968253968,0.1173547431826591,0.2535014005602241,0.4984615384615384,0.0,0.4923076923076923,0.5583333333333333,0.0577777777777777,0.0,0.4814814814814814,0.0,,ok,phase3-opencv-v1,Aggregated from Phase 3 frame features.,smile,0.061099043521566365,0.9389009564784336
FEI Face Database/frontalimages_manuallyaligned_part1/41a.jpg,fei_face_database,41,fei_subject_41,neutral,neutral,neutral,0.9698019712771364,False,basic,phase4-logreg-v1,0.9698019712771364,,,5,image,basic_expression_support,False,1,1,1.0,0.0,260.0,360.0,86.87561965811966,51.292007379157475,51.29201126098633,78.05857321754694,0.0317735042735042,90.17025154939849,0.0267752258273585,0.0960980653762817,0.2636205290233726,0.4756517094017094,0.0,0.5173076923076924,0.5486111111111112,,,,,,ok,phase3-opencv-v1,Aggregated from Phase 3 frame features.,neutral,0.9698019712771364,0.030198028722863566
FEI Face Database/frontalimages_manuallyaligned_part1/41b.jpg,fei_face_database,41,fei_subject_41,generic_smile,smile,smile,0.9858176009918671,False,basic,phase4-logreg-v1,0.9858176009918671,,,5,image,basic_expression_support,False,1,1,1.0,1.0,260.0,360.0,92.38463675213676,52.57437368380264,52.57437515258789,65.01284319343999,0.0347649572649572,87.56680658957707,0.042333280532235,0.1090544536709785,0.2507920164739426,0.4892735042735043,0.0,0.5115384615384615,0.5388888888888889,0.1664102564102564,0.0,0.8271028037383178,0.0,,ok,phase3-opencv-v1,Aggregated from Phase 3 frame features.,smile,0.014182399008132895,0.9858176009918671
FEI Face Database/frontalimages_manuallyaligned_part1/42a.jpg,fei_face_database,42,fei_subject_42,neutral,neutral,neutral,0.9040825637294261,False,basic,phase4-logreg-v1,0.9040825637294261,,,4,image,basic_expression_support,False,1,1,1.0,0.0,260.0,360.0,63.66725427350428,42.14179711960008,42.14179611206055,44.81987480264719,0.0175106837606837,83.02153303964758,0.0150132158590308,0.0809986516833305,0.2518766519823788,0.5505235042735043,0.0,0.5096153846153846,0.5458333333333333,,,,,,ok,phase3-opencv-v1,Aggregated from Phase 3 frame features.,neutral,0.9040825637294261,0.09591743627057392
FEI Face Database/frontalimages_manuallyaligned_part1/42b.jpg,fei_face_database,42,fei_subject_42,generic_smile,smile,smile,0.9902026891783959,False,basic,phase4-logreg-v1,0.9902026891783959,,,4,image,basic_expression_support,False,1,1,1.0,1.0,260.0,360.0,64.37955128205128,42.4345657742391,42.43456268310547,48.22004507165881,0.0200747863247863,82.6597168141593,0.023504424778761,0.0753116086125373,0.2534867256637168,0.5456837606837607,0.0,0.5076923076923077,0.5555555555555556,0.1664102564102564,0.0,0.7831858407079646,0.0,,ok,phase3-opencv-v1,Aggregated from Phase 3 frame features.,smile,0.009797310821604066,0.9902026891783959
FEI Face Database/frontalimages_manuallyaligned_part1/43a.jpg,fei_face_database,43,fei_subject_43,neutral,neutral,smile,0.5929809869163235,True,basic,phase4-logreg-v1,0.5929809869163235,,,3,image,basic_expression_support,False,1,1,1.0,1.0,260.0,360.0,105.85386752136752,48.71844970727091,48.718448638916016,45.427206550880264,0.0348931623931623,94.3841719077568,0.0300757942267376,0.0802568271756172,0.2503225286244154,0.4801709401709402,0.0,0.5115384615384615,0.5527777777777778,0.0577777777777777,0.0,0.490566037735849,0.0,,ok,phase3-opencv-v1,Aggregated from Phase 3 frame features.,neutral,0.4070190130836765,0.5929809869163235
FEI Face Database/frontalimages_manuallyaligned_part1/43b.jpg,fei_face_database,43,fei_subject_43,generic_smile,smile,smile,0.9975620920875402,False,basic,phase4-logreg-v1,0.9975620920875402,,,3,image,basic_expression_support,False,1,1,1.0,1.0,260.0,360.0,101.67239316239316,48.732401410809075,48.73240280151367,42.883913803852536,0.0338675213675213,87.09616397294123,0.0373475918499615,0.0678356289863586,0.251427877020294,0.4756517094017094,0.0,0.5096153846153846,0.5486111111111112,0.1664102564102564,0.0,0.8388625592417062,0.0,,ok,phase3-opencv-v1,Aggregated from Phase 3 frame features.,smile,0.0024379079124597913,0.9975620920875402
FEI Face Database/frontalimages_manuallyaligned_part1/44a.jpg,fei_face_database,44,fei_subject_44,neutral,neutral,smile,0.7649172541192428,False,basic,phase4-logreg-v1,0.7649172541192428,,,2,image,basic_expression_support,False,1,1,1.0,1.0,260.0,360.0,93.9817735042735,53.37935383327623,53.37935256958008,51.52554415943001,0.0235042735042735,89.61000586281024,0.0180574555403556,0.1232040226459503,0.2637092046120773,0.4938568376068376,0.0,0.5019230769230769,0.5430555555555555,0.0577777777777777,0.0,0.4837209302325581,0.0,,ok,phase3-opencv-v1,Aggregated from Phase 3 frame features.,neutral,0.23508274588075717,0.7649172541192428
FEI Face Database/frontalimages_manuallyaligned_part1/44b.jpg,fei_face_database,44,fei_subject_44,generic_smile,smile,smile,0.6669655078917044,False,basic,phase4-logreg-v1,0.6669655078917044,,,2,image,basic_expression_support,False,1,1,1.0,1.0,260.0,360.0,90.20936965811966,52.82509136380288,52.82509231567383,57.348071896116394,0.0246581196581196,87.75414166572324,0.0216611947620664,0.1248699575662612,0.2531038907128571,0.5124038461538462,0.0,0.5019230769230769,0.5486111111111112,0.0577777777777777,0.0,0.4748858447488584,0.0,,ok,phase3-opencv-v1,Aggregated from Phase 3 frame features.,smile,0.3330344921082956,0.6669655078917044
FEI Face Database/frontalimages_manuallyaligned_part1/45a.jpg,fei_face_database,45,fei_subject_45,neutral,neutral,neutral,0.99570142441515,False,basic,phase4-logreg-v1,0.99570142441515,,,1,image,basic_expression_support,False,1,1,1.0,0.0,260.0,360.0,86.97965811965813,44.453734624948446,44.4537353515625,156.8315762463246,0.0283867521367521,89.81352354895446,0.0157123314442055,0.1033707410097122,0.2583154191909322,0.4938568376068376,0.0,0.5134615384615384,0.5569444444444445,,,,,,ok,phase3-opencv-v1,Aggregated from Phase 3 frame features.,neutral,0.99570142441515,0.004298575584850046
FEI Face Database/frontalimages_manuallyaligned_part1/45b.jpg,fei_face_database,45,fei_subject_45,generic_smile,smile,smile,0.5657482144124402,True,basic,phase4-logreg-v1,0.5657482144124402,,,1,image,basic_expression_support,False,1,1,1.0,1.0,260.0,360.0,87.38774572649572,45.28085321864915,45.28084945678711,147.87980654129225,0.0261752136752136,87.74489149374307,0.020869634088389,0.114622488617897,0.2618802471091399,0.4892735042735043,0.0,0.5,0.5666666666666667,0.0577777777777777,0.0,0.4859813084112149,0.0,,ok,phase3-opencv-v1,Aggregated from Phase 3 frame features.,smile,0.43425178558755984,0.5657482144124402
FEI Face Database/frontalimages_manuallyaligned_part1/46a.jpg,fei_face_database,46,fei_subject_46,neutral,neutral,neutral,0.9978342329726398,False,basic,phase4-logreg-v1,0.9978342329726398,,,5,image,basic_expression_support,False,1,1,1.0,0.0,260.0,360.0,77.88925213675213,44.41323241493761,44.41323471069336,77.62189002118487,0.0345619658119658,85.99695073657531,0.0194044036115951,0.0988464504480362,0.2535244733090448,0.4892735042735043,0.0,0.5346153846153846,0.5388888888888889,,,,,,ok,phase3-opencv-v1,Aggregated from Phase 3 frame features.,neutral,0.9978342329726398,0.002165767027360165
FEI Face Database/frontalimages_manuallyaligned_part1/46b.jpg,fei_face_database,46,fei_subject_46,generic_smile,smile,smile,0.5247473914832484,True,basic,phase4-logreg-v1,0.5247473914832484,,,5,image,basic_expression_support,False,1,1,1.0,1.0,260.0,360.0,76.00163461538462,43.68364990125658,43.683650970458984,64.98169937130176,0.0303205128205128,79.8191899710704,0.0249239670647578,0.0818848088383674,0.2572880350122394,0.5218055555555555,0.0,0.5173076923076924,0.5513888888888889,0.0577777777777777,0.0,0.4705882352941176,0.0,,ok,phase3-opencv-v1,Aggregated from Phase 3 frame features.,smile,0.47525260851675155,0.5247473914832484
FEI Face Database/frontalimages_manuallyaligned_part1/47a.jpg,fei_face_database,47,fei_subject_47,neutral,neutral,neutral,0.9608592623125272,False,basic,phase4-logreg-v1,0.9608592623125272,,,4,image,basic_expression_support,False,1,1,1.0,0.0,260.0,360.0,101.90448717948718,53.49302995128892,53.4930305480957,90.53532899408285,0.0339423076923076,101.76724014336918,0.0274551971326164,0.121130384504795,0.2555197132616487,0.5408653846153846,0.0,0.5057692307692307,0.5486111111111112,,,,,,ok,phase3-opencv-v1,Aggregated from Phase 3 frame features.,neutral,0.9608592623125272,0.03914073768747288
FEI Face Database/frontalimages_manuallyaligned_part1/47b.jpg,fei_face_database,47,fei_subject_47,generic_smile,smile,smile,0.7471152341819278,False,basic,phase4-logreg-v1,0.7471152341819278,,,4,image,basic_expression_support,False,1,1,1.0,1.0,260.0,360.0,101.22838675213676,54.99167971024978,54.99168395996094,107.75239186105172,0.0346794871794871,98.6626733921816,0.0335286699799718,0.1239516660571098,0.2553964839403605,0.5218055555555555,0.0,0.4980769230769231,0.5486111111111112,0.0577777777777777,0.0,0.4705882352941176,0.0,,ok,phase3-opencv-v1,Aggregated from Phase 3 frame features.,smile,0.2528847658180722,0.7471152341819278
FEI Face Database/frontalimages_manuallyaligned_part1/48a.jpg,fei_face_database,48,fei_subject_48,neutral,neutral,smile,0.7652798815329418,False,basic,phase4-logreg-v1,0.7652798815329418,,,3,image,basic_expression_support,False,1,1,1.0,1.0,260.0,360.0,90.32896367521369,50.85351258568182,50.853511810302734,76.3366185897436,0.0297115384615384,91.22541835283825,0.024390243902439,0.1034945994615554,0.258740748842466,0.531292735042735,0.0,0.5019230769230769,0.5513888888888889,0.0577777777777777,0.0,0.4663677130044843,0.0,,ok,phase3-opencv-v1,Aggregated from Phase 3 frame features.,neutral,0.2347201184670582,0.7652798815329418
FEI Face Database/frontalimages_manuallyaligned_part1/48b.jpg,fei_face_database,48,fei_subject_48,generic_smile,smile,smile,0.9489896246490047,False,basic,phase4-logreg-v1,0.9489896246490047,,,3,image,basic_expression_support,False,1,1,1.0,1.0,260.0,360.0,92.55698717948718,52.24066636775266,52.24066925048828,60.46090501212195,0.0294658119658119,90.44265232974912,0.0341218637992831,0.1340412348508834,0.2593548387096774,0.5408653846153846,0.0,0.4980769230769231,0.5541666666666667,0.0577777777777777,0.0,0.4622222222222222,0.0,,ok,phase3-opencv-v1,Aggregated from Phase 3 frame features.,smile,0.051010375350995285,0.9489896246490047
FEI Face Database/frontalimages_manuallyaligned_part1/49a.jpg,fei_face_database,49,fei_subject_49,neutral,neutral,neutral,0.9775253308948637,False,basic,phase4-logreg-v1,0.9775253308948637,,,2,image,basic_expression_support,False,1,1,1.0,0.0,260.0,360.0,80.2891452991453,50.46674696116381,50.46674728393555,49.2880822621037,0.0268803418803418,84.52630568356375,0.0220046082949308,0.0772110298275947,0.2513440860215054,0.5030876068376068,0.0,0.5173076923076924,0.5513888888888889,,,,,,ok,phase3-opencv-v1,Aggregated from Phase 3 frame features.,neutral,0.9775253308948637,0.0224746691051363
FEI Face Database/frontalimages_manuallyaligned_part1/49b.jpg,fei_face_database,49,fei_subject_49,generic_smile,smile,smile,0.6988595499272837,False,basic,phase4-logreg-v1,0.6988595499272837,,,2,image,basic_expression_support,False,1,1,1.0,1.0,260.0,360.0,79.03306623931624,50.2023012825081,50.20229721069336,37.71950834566074,0.0272008547008547,84.10941324827535,0.0253319486684964,0.09646737575531,0.255359394703657,0.5218055555555555,0.0,0.5096153846153846,0.5597222222222222,0.0577777777777777,0.0,0.4705882352941176,0.0,,ok,phase3-opencv-v1,Aggregated from Phase 3 frame features.,smile,0.3011404500727163,0.6988595499272837
FEI Face Database/frontalimages_manuallyaligned_part1/4a.jpg,fei_face_database,4,fei_subject_4,neutral,neutral,neutral,0.6277332042149588,False,basic,phase4-logreg-v1,0.6277332042149588,,,2,image,basic_expression_support,False,1,1,1.0,1.0,260.0,360.0,90.9391452991453,51.07506075271392,51.0750617980957,56.03680491350263,0.0188141025641025,75.02436403964788,0.0154224717543494,0.072506695985794,0.2567754903999446,0.5602670940170941,0.0,0.5096153846153846,0.5513888888888889,0.0577777777777777,0.0,0.4541484716157205,0.0,,ok,phase3-opencv-v1,Aggregated from Phase 3 frame features.,neutral,0.6277332042149588,0.37226679578504124
FEI Face Database/frontalimages_manuallyaligned_part1/4b.jpg,fei_face_database,4,fei_subject_4,generic_smile,smile,smile,0.6746846412484085,False,basic,phase4-logreg-v1,0.6746846412484085,,,2,image,basic_expression_support,False,1,1,1.0,1.0,260.0,360.0,90.12152777777776,51.700313550017945,51.700313568115234,49.71168803007889,0.0195299145299145,74.28564466722362,0.0153160679476468,0.0965447351336479,0.2584238373712058,0.5553846153846154,0.0,0.5,0.5583333333333333,0.0577777777777777,0.0,0.4561403508771929,0.0,,ok,phase3-opencv-v1,Aggregated from Phase 3 frame features.,smile,0.32531535875159145,0.6746846412484085
FEI Face Database/frontalimages_manuallyaligned_part1/50a.jpg,fei_face_database,50,fei_subject_50,neutral,neutral,neutral,0.9123771274876253,False,basic,phase4-logreg-v1,0.9123771274876253,,,5,image,basic_expression_support,False,1,1,1.0,0.0,260.0,360.0,93.54464743589745,49.44678735884406,49.4467887878418,55.05363777485572,0.0304380341880341,103.45826771653545,0.0293735022252653,0.0985818728804588,0.2570352618966107,0.5651709401709402,0.0,0.5076923076923077,0.5305555555555556,,,,,,ok,phase3-opencv-v1,Aggregated from Phase 3 frame features.,neutral,0.9123771274876253,0.08762287251237463
FEI Face Database/frontalimages_manuallyaligned_part1/50b.jpg,fei_face_database,50,fei_subject_50,generic_smile,smile,smile,0.9832212287330052,False,basic,phase4-logreg-v1,0.9832212287330052,,,5,image,basic_expression_support,False,1,1,1.0,1.0,260.0,360.0,95.58904914529914,50.239736777239415,50.2397346496582,54.085416962410505,0.0320833333333333,99.38886634199136,0.0379802489177489,0.09213288128376,0.2572375541125541,0.5700961538461539,0.0,0.5096153846153846,0.5291666666666667,0.1664102564102564,0.0,0.7662337662337663,0.0,,ok,phase3-opencv-v1,Aggregated from Phase 3 frame features.,smile,0.016778771266994785,0.9832212287330052
FEI Face Database/frontalimages_manuallyaligned_part1/51a.jpg,fei_face_database,51,fei_subject_51,neutral,neutral,smile,0.5186218997260648,True,basic,phase4-logreg-v1,0.5186218997260648,,,4,image,basic_expression_support,False,1,1,1.0,1.0,260.0,360.0,77.9627564102564,63.62235269531984,63.622352600097656,38.74247549572193,0.0215384615384615,77.81067031463748,0.0229040453390658,0.0624004639685153,0.2524916943521594,0.4938568376068376,0.0,0.5096153846153846,0.5513888888888889,0.0577777777777777,0.0,0.4837209302325581,0.0,,ok,phase3-opencv-v1,Aggregated from Phase 3 frame features.,neutral,0.48137810027393524,0.5186218997260648
FEI Face Database/frontalimages_manuallyaligned_part1/51b.jpg,fei_face_database,51,fei_subject_51,generic_smile,smile,smile,0.9713044073477531,False,basic,phase4-logreg-v1,0.9713044073477531,,,4,image,basic_expression_support,False,1,1,1.0,1.0,260.0,360.0,79.202702991453,64.01741242131853,64.01741027832031,57.14205840273211,0.0259081196581196,76.54527649769585,0.0329877112135176,0.068472221493721,0.2506144393241167,0.5030876068376068,0.0,0.5096153846153846,0.5486111111111112,0.1664102564102564,0.0,0.815668202764977,0.0,,ok,phase3-opencv-v1,Aggregated from Phase 3 frame features.,smile,0.02869559265224686,0.9713044073477531
FEI Face Database/frontalimages_manuallyaligned_part1/52a.jpg,fei_face_database,52,fei_subject_52,neutral,neutral,smile,0.5565480302817852,True,basic,phase4-logreg-v1,0.5565480302817852,,,2,image,basic_expression_support,False,1,1,1.0,1.0,260.0,360.0,62.74278846153846,47.686939457136326,47.68693923950195,64.13896109969683,0.0244017094017094,93.07599062477112,0.016626382480041,0.1166351363062858,0.2565004028418662,0.5265384615384615,0.0,0.5115384615384615,0.5694444444444444,0.0577777777777777,0.0,0.4684684684684684,0.0,,ok,phase3-opencv-v1,Aggregated from Phase 3 frame features.,neutral,0.44345196971821477,0.5565480302817852
FEI Face Database/frontalimages_manuallyaligned_part1/52b.jpg,fei_face_database,52,fei_subject_52,generic_smile,smile,smile,0.9951308575568578,False,basic,phase4-logreg-v1,0.9951308575568578,,,2,image,basic_expression_support,False,1,1,1.0,1.0,260.0,360.0,61.08195512820513,45.64897494685769,45.64897537231445,51.83049127938034,0.0299679487179487,85.43464945860221,0.028947464362536,0.1110683158040046,0.2613657078274818,0.531292735042735,0.0,0.5057692307692307,0.5513888888888889,0.1664102564102564,0.0,0.7937219730941704,0.0,,ok,phase3-opencv-v1,Aggregated from Phase 3 frame features.,smile,0.004869142443142183,0.9951308575568578
FEI Face Database/frontalimages_manuallyaligned_part1/53a.jpg,fei_face_database,53,fei_subject_53,neutral,neutral,neutral,0.9666378054244191,False,basic,phase4-logreg-v1,0.9666378054244191,,,1,image,basic_expression_support,False,1,1,1.0,0.0,260.0,360.0,77.89584401709402,49.78248323028854,49.7824821472168,43.92181569131693,0.0291880341880341,86.01776917663616,0.0259940182969739,0.0931812822818756,0.259280436312456,0.440267094017094,0.0,0.5211538461538462,0.5513888888888889,,,,,,ok,phase3-opencv-v1,Aggregated from Phase 3 frame features.,neutral,0.9666378054244191,0.033362194575580865
FEI Face Database/frontalimages_manuallyaligned_part1/53b.jpg,fei_face_database,53,fei_subject_53,generic_smile,smile,smile,0.6964988259013741,False,basic,phase4-logreg-v1,0.6964988259013741,,,1,image,basic_expression_support,False,1,1,1.0,1.0,260.0,360.0,74.33858974358975,47.70391132947942,47.70391082763672,47.43733248913361,0.0306303418803418,84.28933239962652,0.02536570183629,0.0890496969223022,0.2617880485527544,0.4984615384615384,0.0,0.5153846153846153,0.5611111111111111,0.0577777777777777,0.0,0.4814814814814814,0.0,,ok,phase3-opencv-v1,Aggregated from Phase 3 frame features.,smile,0.30350117409862587,0.6964988259013741
FEI Face Database/frontalimages_manuallyaligned_part1/54a.jpg,fei_face_database,54,fei_subject_54,neutral,neutral,smile,0.5647940370302886,True,basic,phase4-logreg-v1,0.5647940370302886,,,2,image,basic_expression_support,False,1,1,1.0,1.0,260.0,360.0,76.71574786324787,50.52461395451396,50.52461242675781,58.36981267794853,0.0189209401709401,90.2610693400167,0.0160122528543581,0.0957753881812095,0.2518448900027847,0.5553846153846154,0.0,0.5038461538461538,0.55,0.0577777777777777,0.0,0.4561403508771929,0.0,,ok,phase3-opencv-v1,Aggregated from Phase 3 frame features.,neutral,0.43520596296971137,0.5647940370302886
FEI Face Database/frontalimages_manuallyaligned_part1/54b.jpg,fei_face_database,54,fei_subject_54,generic_smile,smile,smile,0.9582503839514365,False,basic,phase4-logreg-v1,0.9582503839514365,,,2,image,basic_expression_support,False,1,1,1.0,1.0,260.0,360.0,80.76435897435897,51.288604670370304,51.288604736328125,79.28204764363723,0.0216987179487179,83.5701592920354,0.0222654867256637,0.096915915608406,0.2652743362831858,0.5456837606837607,0.0,0.5153846153846153,0.5472222222222223,0.1664102564102564,0.0,0.7831858407079646,0.0,,ok,phase3-opencv-v1,Aggregated from Phase 3 frame features.,smile,0.04174961604856353,0.9582503839514365
FEI Face Database/frontalimages_manuallyaligned_part1/55a.jpg,fei_face_database,55,fei_subject_55,neutral,neutral,neutral,0.9700222192434915,False,basic,phase4-logreg-v1,0.9700222192434915,,,5,image,basic_expression_support,False,1,1,1.0,0.0,260.0,360.0,85.78833333333333,54.39703404237071,54.39703369140625,60.58357440234862,0.0272222222222222,83.45967513266092,0.0239397253615263,0.0932308658957481,0.256167213513185,0.4756517094017094,0.0,0.5134615384615384,0.5347222222222222,,,,,,ok,phase3-opencv-v1,Aggregated from Phase 3 frame features.,neutral,0.9700222192434915,0.02997778075650848
FEI Face Database/frontalimages_manuallyaligned_part1/55b.jpg,fei_face_database,55,fei_subject_55,generic_smile,smile,smile,0.8673432416958344,False,basic,phase4-logreg-v1,0.8673432416958344,,,5,image,basic_expression_support,False,1,1,1.0,1.0,260.0,360.0,84.20213675213675,53.76260233623559,53.762603759765625,54.00200912731025,0.028076923076923,77.77394775036285,0.0326963393001128,0.0881796479225158,0.2581035316884373,0.4801709401709402,0.0,0.5038461538461538,0.5333333333333333,0.0577777777777777,0.0,0.490566037735849,0.0,,ok,phase3-opencv-v1,Aggregated from Phase 3 frame features.,smile,0.13265675830416557,0.8673432416958344
FEI Face Database/frontalimages_manuallyaligned_part1/56a.jpg,fei_face_database,56,fei_subject_56,neutral,neutral,neutral,0.9238941224819617,False,basic,phase4-logreg-v1,0.9238941224819617,,,4,image,basic_expression_support,False,1,1,1.0,0.0,260.0,360.0,88.34403846153846,50.82516656480726,50.825164794921875,36.92691791299127,0.0196901709401709,82.15532538596834,0.0250928278288059,0.0971725434064865,0.2576509673636896,0.4938568376068376,0.0,0.5173076923076924,0.5486111111111112,,,,,,ok,phase3-opencv-v1,Aggregated from Phase 3 frame features.,neutral,0.9238941224819617,0.07610587751803827
FEI Face Database/frontalimages_manuallyaligned_part1/56b.jpg,fei_face_database,56,fei_subject_56,generic_smile,smile,smile,0.9306353322354491,False,basic,phase4-logreg-v1,0.9306353322354491,,,4,image,basic_expression_support,False,1,1,1.0,1.0,260.0,360.0,86.8907905982906,50.93683385716124,50.93683242797851,38.78562962403664,0.0209829059829059,80.65114379084967,0.0303065670712729,0.1198785006999969,0.2608543417366947,0.4984615384615384,0.0,0.5038461538461538,0.5472222222222223,0.0577777777777777,0.0,0.4814814814814814,0.0,,ok,phase3-opencv-v1,Aggregated from Phase 3 frame features.,smile,0.06936466776455086,0.9306353322354491
FEI Face Database/frontalimages_manuallyaligned_part1/57a.jpg,fei_face_database,57,fei_subject_57,neutral,neutral,neutral,0.5566845532757949,True,basic,phase4-logreg-v1,0.5566845532757949,,,3,image,basic_expression_support,False,1,1,1.0,1.0,260.0,360.0,74.17185897435897,53.534691352133024,53.534690856933594,54.745867979764775,0.0306410256410256,87.68016404057846,0.0248650982085042,0.0858862996101379,0.2511979279084826,0.4489850427350427,0.0,0.5173076923076924,0.5569444444444445,0.0577777777777777,0.0,0.5073170731707317,0.0,,ok,phase3-opencv-v1,Aggregated from Phase 3 frame features.,neutral,0.5566845532757949,0.4433154467242051
FEI Face Database/frontalimages_manuallyaligned_part1/57b.jpg,fei_face_database,57,fei_subject_57,generic_smile,smile,smile,0.9428291865502996,False,basic,phase4-logreg-v1,0.9428291865502996,,,3,image,basic_expression_support,False,1,1,1.0,1.0,260.0,360.0,71.75274572649573,52.56509403635391,52.56509017944336,37.912456574507814,0.0276388888888888,82.32311360926589,0.0345767330948731,0.0963058695197105,0.2517884517118038,0.4533760683760683,0.0,0.5076923076923077,0.5527777777777778,0.0577777777777777,0.0,0.5048543689320388,0.0,,ok,phase3-opencv-v1,Aggregated from Phase 3 frame features.,smile,0.05717081344970043,0.9428291865502996
FEI Face Database/frontalimages_manuallyaligned_part1/58a.jpg,fei_face_database,58,fei_subject_58,neutral,neutral,neutral,0.9673101142191408,False,basic,phase4-logreg-v1,0.9673101142191408,,,2,image,basic_expression_support,False,1,1,1.0,0.0,260.0,360.0,93.78774572649571,60.23718682637709,60.237186431884766,65.25326039600682,0.0334935897435897,106.44296636085627,0.0276758409785932,0.0904401317238807,0.2560015290519877,0.5077350427350428,0.0,0.5115384615384615,0.5416666666666666,,,,,,ok,phase3-opencv-v1,Aggregated from Phase 3 frame features.,neutral,0.9673101142191408,0.032689885780859164
FEI Face Database/frontalimages_manuallyaligned_part1/58b.jpg,fei_face_database,58,fei_subject_58,generic_smile,smile,smile,0.9276665508393749,False,basic,phase4-logreg-v1,0.9276665508393749,,,2,image,basic_expression_support,False,1,1,1.0,1.0,260.0,360.0,91.00548076923076,59.74901495704542,59.74901580810547,99.0980271192883,0.0371367521367521,98.5301765179814,0.035962792060353,0.0834019109606742,0.2527649600820332,0.5265384615384615,0.0,0.5115384615384615,0.5472222222222223,0.1664102564102564,0.0,0.7972972972972973,0.0,,ok,phase3-opencv-v1,Aggregated from Phase 3 frame features.,smile,0.07233344916062512,0.9276665508393749
FEI Face Database/frontalimages_manuallyaligned_part1/59a.jpg,fei_face_database,59,fei_subject_59,neutral,neutral,neutral,0.960097288115274,False,basic,phase4-logreg-v1,0.960097288115274,,,1,image,basic_expression_support,False,1,1,1.0,0.0,260.0,360.0,70.5383547008547,50.094413457851296,50.09441375732422,59.98875624543428,0.0260897435897435,83.48282428770234,0.019482897531678,0.0696765631437301,0.2533509118874972,0.5265384615384615,0.0,0.5076923076923077,0.5416666666666666,,,,,,ok,phase3-opencv-v1,Aggregated from Phase 3 frame features.,neutral,0.960097288115274,0.039902711884726
FEI Face Database/frontalimages_manuallyaligned_part1/59b.jpg,fei_face_database,59,fei_subject_59,generic_smile,smile,smile,0.7762286280244113,False,basic,phase4-logreg-v1,0.7762286280244113,,,1,image,basic_expression_support,False,1,1,1.0,1.0,260.0,360.0,70.06467948717949,49.957346168727355,49.95734405517578,73.01452659799838,0.027318376068376,79.48685697619308,0.0295672463451091,0.0700109004974365,0.261657369936928,0.531292735042735,0.0,0.5134615384615384,0.5458333333333333,0.0577777777777777,0.0,0.4663677130044843,0.0,,ok,phase3-opencv-v1,Aggregated from Phase 3 frame features.,smile,0.22377137197558872,0.7762286280244113
FEI Face Database/frontalimages_manuallyaligned_part1/5a.jpg,fei_face_database,5,fei_subject_5,neutral,neutral,neutral,0.6160126360530007,False,basic,phase4-logreg-v1,0.6160126360530007,,,1,image,basic_expression_support,False,1,1,1.0,1.0,260.0,360.0,97.63806623931625,40.98090286038148,40.98090362548828,73.65202904236521,0.034284188034188,95.14956478332762,0.0231803575328362,0.1038077995181083,0.2519264967397747,0.6205235042735042,0.0,0.5096153846153846,0.5763888888888888,0.0577777777777777,0.0,0.4315352697095436,0.0,,ok,phase3-opencv-v1,Aggregated from Phase 3 frame features.,neutral,0.6160126360530007,0.38398736394699934
FEI Face Database/frontalimages_manuallyaligned_part1/5b.jpg,fei_face_database,5,fei_subject_5,generic_smile,smile,neutral,0.5675354838046424,True,basic,phase4-logreg-v1,0.5675354838046424,,,1,image,basic_expression_support,False,1,1,1.0,1.0,260.0,360.0,98.25876068376068,41.72834855135139,41.72834777832031,50.52190266534718,0.023525641025641,96.2613782937166,0.0165223266384128,0.1038678810000419,0.2558810883852343,0.6308653846153847,0.0,0.5057692307692307,0.5819444444444445,0.0577777777777777,0.0,0.4279835390946502,0.0,,ok,phase3-opencv-v1,Aggregated from Phase 3 frame features.,smile,0.5675354838046424,0.43246451619535764
FEI Face Database/frontalimages_manuallyaligned_part1/60a.jpg,fei_face_database,60,fei_subject_60,neutral,neutral,neutral,0.6440165225960333,False,basic,phase4-logreg-v1,0.6440165225960333,,,4,image,basic_expression_support,False,1,1,1.0,1.0,260.0,360.0,69.22919871794872,61.764421652357875,61.76441955566406,41.66148943392049,0.018344017094017,77.55484693877551,0.0241402116402116,0.0969687923789024,0.2503306878306878,0.4104273504273504,0.0,0.5269230769230769,0.5611111111111111,0.0577777777777777,0.0,0.5306122448979592,0.0,,ok,phase3-opencv-v1,Aggregated from Phase 3 frame features.,neutral,0.6440165225960333,0.3559834774039668
FEI Face Database/frontalimages_manuallyaligned_part1/60b.jpg,fei_face_database,60,fei_subject_60,generic_smile,smile,smile,0.9478976041935734,False,basic,phase4-logreg-v1,0.9478976041935734,,,4,image,basic_expression_support,False,1,1,1.0,1.0,260.0,360.0,70.64004273504274,62.0810815561203,62.08108139038086,54.24214385991946,0.0237393162393162,77.19876674053377,0.0402736294440697,0.0821689367294311,0.2524809711918296,0.4020940170940171,0.0,0.5115384615384615,0.55,0.0577777777777777,0.0,0.5360824742268041,0.0,,ok,phase3-opencv-v1,Aggregated from Phase 3 frame features.,smile,0.052102395806426616,0.9478976041935734
FEI Face Database/frontalimages_manuallyaligned_part1/61a.jpg,fei_face_database,61,fei_subject_61,neutral,neutral,neutral,0.9800162917511775,False,basic,phase4-logreg-v1,0.9800162917511775,,,3,image,basic_expression_support,False,1,1,1.0,0.0,260.0,360.0,72.86207264957265,47.90189709475788,47.90190124511719,49.68353885316221,0.0295299145299145,95.96791833758658,0.0189573459715639,0.0879143178462982,0.25799003524122,0.4756517094017094,0.0,0.5173076923076924,0.5430555555555555,,,,,,ok,phase3-opencv-v1,Aggregated from Phase 3 frame features.,neutral,0.9800162917511775,0.019983708248822424
FEI Face Database/frontalimages_manuallyaligned_part1/61b.jpg,fei_face_database,61,fei_subject_61,generic_smile,smile,smile,0.8255858864901133,False,basic,phase4-logreg-v1,0.8255858864901133,,,3,image,basic_expression_support,False,1,1,1.0,1.0,260.0,360.0,74.75597222222223,49.19021330568772,49.19021224975586,54.27015797172913,0.0308226495726495,91.55120210368143,0.0334710743801652,0.0863413959741592,0.2531555221637866,0.5170940170940171,0.0,0.5115384615384615,0.5388888888888889,0.0577777777777777,0.0,0.4727272727272727,0.0,,ok,phase3-opencv-v1,Aggregated from Phase 3 frame features.,smile,0.17441411350988667,0.8255858864901133
FEI Face Database/frontalimages_manuallyaligned_part1/62a.jpg,fei_face_database,62,fei_subject_62,neutral,neutral,smile,0.6533929287088014,False,basic,phase4-logreg-v1,0.6533929287088014,,,2,image,basic_expression_support,False,1,1,1.0,1.0,260.0,360.0,85.99830128205129,49.59882915908362,49.59883117675781,41.83362257549401,0.021784188034188,103.2568369646882,0.0211495116453794,0.1105808690190315,0.2539819684447784,0.5170940170940171,0.0,0.5076923076923077,0.5527777777777778,0.0577777777777777,0.0,0.4727272727272727,0.0,,ok,phase3-opencv-v1,Aggregated from Phase 3 frame features.,neutral,0.3466070712911986,0.6533929287088014
FEI Face Database/frontalimages_manuallyaligned_part1/62b.jpg,fei_face_database,62,fei_subject_62,generic_smile,smile,smile,0.9236012589842448,False,basic,phase4-logreg-v1,0.9236012589842448,,,2,image,basic_expression_support,False,1,1,1.0,1.0,260.0,360.0,87.70290598290599,50.50605409356656,50.50605392456055,41.43675898486011,0.0245192307692307,100.71670489296636,0.0334097859327217,0.1145628690719604,0.2611620795107033,0.5077350427350428,0.0,0.5076923076923077,0.5472222222222223,0.0577777777777777,0.0,0.4770642201834862,0.0,,ok,phase3-opencv-v1,Aggregated from Phase 3 frame features.,smile,0.07639874101575517,0.9236012589842448
FEI Face Database/frontalimages_manuallyaligned_part1/63a.jpg,fei_face_database,63,fei_subject_63,neutral,neutral,neutral,0.9916627288418126,False,basic,phase4-logreg-v1,0.9916627288418126,,,1,image,basic_expression_support,False,1,1,1.0,0.0,260.0,360.0,107.50814102564102,60.186640249252434,60.186641693115234,79.27608275805392,0.0307478632478632,104.50856954515493,0.024609975829488,0.0826884284615516,0.2598696257232842,0.5265384615384615,0.0,0.5115384615384615,0.5388888888888889,,,,,,ok,phase3-opencv-v1,Aggregated from Phase 3 frame features.,neutral,0.9916627288418126,0.008337271158187439
FEI Face Database/frontalimages_manuallyaligned_part1/63b.jpg,fei_face_database,63,fei_subject_63,generic_smile,smile,neutral,0.8142916397107536,False,basic,phase4-logreg-v1,0.8142916397107536,,,1,image,basic_expression_support,False,1,1,1.0,1.0,260.0,360.0,103.37127136752136,58.19650536442449,58.19650650024414,90.9256088646678,0.0323076923076923,99.79118279569892,0.0237275985663082,0.0719230026006698,0.2551971326164874,0.5408653846153846,0.0,0.5096153846153846,0.5402777777777777,0.0577777777777777,0.0,0.4622222222222222,0.0,,ok,phase3-opencv-v1,Aggregated from Phase 3 frame features.,smile,0.8142916397107536,0.1857083602892464
FEI Face Database/frontalimages_manuallyaligned_part1/64a.jpg,fei_face_database,64,fei_subject_64,neutral,neutral,neutral,0.6659345935426229,False,basic,phase4-logreg-v1,0.6659345935426229,,,5,image,basic_expression_support,False,1,1,1.0,1.0,260.0,360.0,87.02346153846153,56.597535742471294,56.5975341796875,193.53381176446416,0.0574465811965812,87.25679217807364,0.0398585396297066,0.1105849519371986,0.2553359683794466,0.4666773504273504,0.0,0.5096153846153846,0.5375,0.0577777777777777,0.0,0.4976076555023923,0.0,,ok,phase3-opencv-v1,Aggregated from Phase 3 frame features.,neutral,0.6659345935426229,0.33406540645737715
FEI Face Database/frontalimages_manuallyaligned_part1/64b.jpg,fei_face_database,64,fei_subject_64,generic_smile,smile,smile,0.7495526847532151,False,basic,phase4-logreg-v1,0.7495526847532151,,,5,image,basic_expression_support,False,1,1,1.0,1.0,260.0,360.0,90.39873931623931,59.408918134958775,59.40892028808594,305.33772630385255,0.067008547008547,87.08397206608755,0.0611480156702435,0.1328904777765274,0.2574518821325157,0.4533760683760683,0.0,0.5076923076923077,0.5416666666666666,0.0577777777777777,0.0,0.5048543689320388,0.0,,ok,phase3-opencv-v1,Aggregated from Phase 3 frame features.,smile,0.2504473152467849,0.7495526847532151
FEI Face Database/frontalimages_manuallyaligned_part1/65a.jpg,fei_face_database,65,fei_subject_65,neutral,neutral,smile,0.6044494452612718,False,basic,phase4-logreg-v1,0.6044494452612718,,,4,image,basic_expression_support,False,1,1,1.0,1.0,260.0,360.0,79.73373931623932,53.16653728093324,53.16653823852539,59.03270048385109,0.024594017094017,88.1579180777294,0.0241090146750524,0.0903184488415718,0.2591517497177874,0.4801709401709402,0.0,0.5153846153846153,0.55,0.0577777777777777,0.0,0.490566037735849,0.0,,ok,phase3-opencv-v1,Aggregated from Phase 3 frame features.,neutral,0.39555055473872824,0.6044494452612718
FEI Face Database/frontalimages_manuallyaligned_part1/65b.jpg,fei_face_database,65,fei_subject_65,generic_smile,smile,smile,0.9062625812333294,False,basic,phase4-logreg-v1,0.9062625812333294,,,4,image,basic_expression_support,False,1,1,1.0,1.0,260.0,360.0,81.22797008547009,53.46218345292924,53.462181091308594,70.0790055514464,0.0277350427350427,87.68622239593512,0.0319718585108462,0.1063588112592697,0.2510064490912644,0.4938568376068376,0.0,0.4980769230769231,0.5486111111111112,0.0577777777777777,0.0,0.4837209302325581,0.0,,ok,phase3-opencv-v1,Aggregated from Phase 3 frame features.,smile,0.09373741876667063,0.9062625812333294
FEI Face Database/frontalimages_manuallyaligned_part1/66a.jpg,fei_face_database,66,fei_subject_66,neutral,neutral,neutral,0.9722636072293696,False,basic,phase4-logreg-v1,0.9722636072293696,,,3,image,basic_expression_support,False,1,1,1.0,0.0,260.0,360.0,81.26477564102564,52.068988697984715,52.06898880004883,92.82988373146318,0.0346367521367521,100.32108054767484,0.0221413593191069,0.1216586008667945,0.254039718761564,0.6256837606837606,0.0,0.5038461538461538,0.5361111111111111,,,,,,ok,phase3-opencv-v1,Aggregated from Phase 3 frame features.,neutral,0.9722636072293696,0.027736392770630496
FEI Face Database/frontalimages_manuallyaligned_part1/66b.jpg,fei_face_database,66,fei_subject_66,generic_smile,smile,smile,0.9855330508661598,False,basic,phase4-logreg-v1,0.9855330508661598,,,3,image,basic_expression_support,False,1,1,1.0,1.0,260.0,360.0,77.95501068376069,50.55003461389218,50.55003356933594,56.58366758711375,0.0304807692307692,99.73301687087049,0.0171916094682147,0.1210778355598449,0.2557251908396946,0.6051709401709402,0.0,0.5,0.5638888888888889,0.1664102564102564,0.0,0.7436974789915967,0.0,,ok,phase3-opencv-v1,Aggregated from Phase 3 frame features.,smile,0.014466949133840168,0.9855330508661598
FEI Face Database/frontalimages_manuallyaligned_part1/67a.jpg,fei_face_database,67,fei_subject_67,neutral,neutral,neutral,0.9912607885782349,False,basic,phase4-logreg-v1,0.9912607885782349,,,2,image,basic_expression_support,False,1,1,1.0,0.0,260.0,360.0,94.31672008547008,53.182477939213975,53.18247985839844,90.06798633528746,0.0303846153846153,99.63596460176991,0.0217345132743362,0.12203199416399,0.2561061946902654,0.5456837606837607,0.0,0.5192307692307693,0.55,,,,,,ok,phase3-opencv-v1,Aggregated from Phase 3 frame features.,neutral,0.9912607885782349,0.008739211421765166
FEI Face Database/frontalimages_manuallyaligned_part1/67b.jpg,fei_face_database,67,fei_subject_67,generic_smile,smile,smile,0.929167003745232,False,basic,phase4-logreg-v1,0.929167003745232,,,2,image,basic_expression_support,False,1,1,1.0,1.0,260.0,360.0,96.17866452991451,54.70984645446577,54.70984649658203,73.76028561698718,0.0315277777777777,97.84858768340152,0.0237548657550653,0.1062961593270301,0.2582426722560468,0.5800106837606838,0.0,0.5057692307692307,0.5569444444444445,0.1664102564102564,0.0,0.759656652360515,0.0,,ok,phase3-opencv-v1,Aggregated from Phase 3 frame features.,smile,0.07083299625476802,0.929167003745232
FEI Face Database/frontalimages_manuallyaligned_part1/68a.jpg,fei_face_database,68,fei_subject_68,neutral,neutral,neutral,0.9643723757087429,False,basic,phase4-logreg-v1,0.9643723757087429,,,1,image,basic_expression_support,False,1,1,1.0,0.0,260.0,360.0,90.52675213675214,54.70213055943966,54.70212936401367,59.13549430016803,0.0251388888888888,98.35086021505376,0.0193906810035842,0.0893286317586898,0.2531182795698924,0.5408653846153846,0.0,0.4980769230769231,0.5513888888888889,,,,,,ok,phase3-opencv-v1,Aggregated from Phase 3 frame features.,neutral,0.9643723757087429,0.03562762429125713
FEI Face Database/frontalimages_manuallyaligned_part1/68b.jpg,fei_face_database,68,fei_subject_68,generic_smile,smile,smile,0.6700869963658023,False,basic,phase4-logreg-v1,0.6700869963658023,,,1,image,basic_expression_support,False,1,1,1.0,1.0,260.0,360.0,89.33719017094018,53.94906557782299,53.94906234741211,37.59416495167197,0.0238675213675213,94.03025994385504,0.0188486638229611,0.0887995660305023,0.2502460899048452,0.531292735042735,0.0,0.4942307692307692,0.5625,0.0577777777777777,0.0,0.4663677130044843,0.0,,ok,phase3-opencv-v1,Aggregated from Phase 3 frame features.,smile,0.32991300363419773,0.6700869963658023
FEI Face Database/frontalimages_manuallyaligned_part1/69a.jpg,fei_face_database,69,fei_subject_69,neutral,neutral,neutral,0.692467687414644,False,basic,phase4-logreg-v1,0.692467687414644,,,5,image,basic_expression_support,False,1,1,1.0,1.0,260.0,360.0,72.16323717948718,61.57221603437639,61.57221603393555,48.2535790505835,0.0222329059829059,80.6476688135456,0.025843561388585,0.0992273390293121,0.2508607769271276,0.4756517094017094,0.0,0.525,0.5569444444444445,0.0577777777777777,0.0,0.4928909952606635,0.0,,ok,phase3-opencv-v1,Aggregated from Phase 3 frame features.,neutral,0.692467687414644,0.307532312585356
FEI Face Database/frontalimages_manuallyaligned_part1/69b.jpg,fei_face_database,69,fei_subject_69,generic_smile,smile,smile,0.540325122239771,True,basic,phase4-logreg-v1,0.540325122239771,,,5,image,basic_expression_support,False,1,1,1.0,1.0,260.0,360.0,87.93457264957264,68.18120208350989,68.18119812011719,42.47234028862133,0.0263675213675213,83.87504105090312,0.027791461412151,0.0803805664181709,0.2522577996715928,0.4711538461538461,0.0,0.5076923076923077,0.5472222222222223,0.0577777777777777,0.0,0.4952380952380952,0.0,,ok,phase3-opencv-v1,Aggregated from Phase 3 frame features.,smile,0.459674877760229,0.540325122239771
FEI Face Database/frontalimages_manuallyaligned_part1/6a.jpg,fei_face_database,6,fei_subject_6,neutral,neutral,neutral,0.6668323147562009,False,basic,phase4-logreg-v1,0.6668323147562009,,,5,image,basic_expression_support,False,1,1,1.0,1.0,260.0,360.0,110.7373076923077,45.27092505289285,45.27092361450195,63.54031169141282,0.0278311965811965,98.33601774042953,0.0213196389666977,0.1044027656316757,0.2512838468720821,0.4984615384615384,0.0,0.5115384615384615,0.5472222222222223,0.0577777777777777,0.0,0.4814814814814814,0.0,,ok,phase3-opencv-v1,Aggregated from Phase 3 frame features.,neutral,0.6668323147562009,0.33316768524379914
FEI Face Database/frontalimages_manuallyaligned_part1/6b.jpg,fei_face_database,6,fei_subject_6,generic_smile,smile,smile,0.9916006831175985,False,basic,phase4-logreg-v1,0.9916006831175985,,,5,image,basic_expression_support,False,1,1,1.0,1.0,260.0,360.0,109.7969764957265,46.173466469561134,46.173465728759766,50.501682116914125,0.0303632478632478,96.83764181388696,0.0325714475829257,0.1190533116459846,0.2531856140000665,0.5800106837606838,0.0,0.4980769230769231,0.5597222222222222,0.1664102564102564,0.0,0.759656652360515,0.0,,ok,phase3-opencv-v1,Aggregated from Phase 3 frame features.,smile,0.008399316882401475,0.9916006831175985
FEI Face Database/frontalimages_manuallyaligned_part1/70a.jpg,fei_face_database,70,fei_subject_70,neutral,neutral,neutral,0.9766633465444171,False,basic,phase4-logreg-v1,0.9766633465444171,,,3,image,basic_expression_support,False,1,1,1.0,0.0,260.0,360.0,115.9421688034188,52.636372531216566,52.636375427246094,73.02599756008473,0.0231196581196581,108.95276999688764,0.0222922502334267,0.1178521066904068,0.2564192343604108,0.4984615384615384,0.0,0.5076923076923077,0.5444444444444444,,,,,,ok,phase3-opencv-v1,Aggregated from Phase 3 frame features.,neutral,0.9766633465444171,0.023336653455582886
FEI Face Database/frontalimages_manuallyaligned_part1/70b.jpg,fei_face_database,70,fei_subject_70,generic_smile,smile,smile,0.969538637948638,False,basic,phase4-logreg-v1,0.969538637948638,,,3,image,basic_expression_support,False,1,1,1.0,1.0,260.0,360.0,116.32036324786324,55.0832054759804,55.08320617675781,61.83070898520253,0.0254059829059829,103.28065210007924,0.0280387939167515,0.1042942777276039,0.2567644062040077,0.5124038461538462,0.0,0.5134615384615384,0.5486111111111112,0.1664102564102564,0.0,0.8082191780821918,0.0,,ok,phase3-opencv-v1,Aggregated from Phase 3 frame features.,smile,0.030461362051361962,0.969538637948638
FEI Face Database/frontalimages_manuallyaligned_part1/71a.jpg,fei_face_database,71,fei_subject_71,neutral,neutral,smile,0.7133614789238001,False,basic,phase4-logreg-v1,0.7133614789238001,,,2,image,basic_expression_support,False,1,1,1.0,1.0,260.0,360.0,89.37986111111111,46.80046444887361,46.80046081542969,37.762342533694934,0.0251709401709401,88.96280961981567,0.0246975806451612,0.1051179766654968,0.2607286866359447,0.5360683760683761,0.0,0.5115384615384615,0.5416666666666666,0.0577777777777777,0.0,0.4642857142857143,0.0,,ok,phase3-opencv-v1,Aggregated from Phase 3 frame features.,neutral,0.2866385210761999,0.7133614789238001
FEI Face Database/frontalimages_manuallyaligned_part1/71b.jpg,fei_face_database,71,fei_subject_71,generic_smile,smile,smile,0.7278421792387249,False,basic,phase4-logreg-v1,0.7278421792387249,,,2,image,basic_expression_support,False,1,1,1.0,1.0,260.0,360.0,88.86292735042736,47.01717741179812,47.017181396484375,45.709872980929035,0.0312286324786324,84.49885321100918,0.0341360856269113,0.0995784625411033,0.2509938837920489,0.5077350427350428,0.0,0.5115384615384615,0.5555555555555556,0.0577777777777777,0.0,0.4770642201834862,0.0,,ok,phase3-opencv-v1,Aggregated from Phase 3 frame features.,smile,0.27215782076127515,0.7278421792387249
FEI Face Database/frontalimages_manuallyaligned_part1/72a.jpg,fei_face_database,72,fei_subject_72,neutral,neutral,smile,0.6197193503780848,False,basic,phase4-logreg-v1,0.6197193503780848,,,1,image,basic_expression_support,False,1,1,1.0,1.0,260.0,360.0,79.96445512820513,63.870756147360545,63.870758056640625,68.27796693227683,0.0325,86.8075117370892,0.0363650831542929,0.079025499522686,0.2513726426354739,0.4847115384615384,0.0,0.5134615384615384,0.5486111111111112,0.0577777777777777,0.0,0.488262910798122,0.0,,ok,phase3-opencv-v1,Aggregated from Phase 3 frame features.,neutral,0.3802806496219152,0.6197193503780848
FEI Face Database/frontalimages_manuallyaligned_part1/72b.jpg,fei_face_database,72,fei_subject_72,generic_smile,smile,smile,0.9236938985195244,False,basic,phase4-logreg-v1,0.9236938985195244,,,1,image,basic_expression_support,False,1,1,1.0,1.0,260.0,360.0,76.93207264957265,62.57424548359234,62.57424545288086,79.70595126276116,0.0329380341880341,83.61052757221294,0.0493753481340017,0.0959991067647934,0.2512532824063022,0.4847115384615384,0.0,0.5096153846153846,0.5458333333333333,0.0577777777777777,0.0,0.488262910798122,0.0,,ok,phase3-opencv-v1,Aggregated from Phase 3 frame features.,smile,0.07630610148047556,0.9236938985195244
FEI Face Database/frontalimages_manuallyaligned_part1/73a.jpg,fei_face_database,73,fei_subject_73,neutral,neutral,neutral,0.9498204754368496,False,basic,phase4-logreg-v1,0.9498204754368496,,,5,image,basic_expression_support,False,1,1,1.0,0.0,260.0,360.0,88.31689102564103,51.144865030291726,51.14486312866211,66.44523380816713,0.0306303418803418,107.84823084340924,0.0202507232401157,0.0926916226744651,0.2566575179882798,0.5218055555555555,0.0,0.5019230769230769,0.5486111111111112,,,,,,ok,phase3-opencv-v1,Aggregated from Phase 3 frame features.,neutral,0.9498204754368496,0.05017952456315047
FEI Face Database/frontalimages_manuallyaligned_part1/73b.jpg,fei_face_database,73,fei_subject_73,generic_smile,smile,smile,0.7165160489099873,False,basic,phase4-logreg-v1,0.7165160489099873,,,5,image,basic_expression_support,False,1,1,1.0,1.0,260.0,360.0,88.70711538461538,52.02325487377641,52.02325439453125,53.577736949375414,0.0288782051282051,106.17390698969646,0.0224171539961013,0.1082286313176155,0.2606864383180172,0.5553846153846154,0.0,0.5,0.5555555555555556,0.0577777777777777,0.0,0.4561403508771929,0.0,,ok,phase3-opencv-v1,Aggregated from Phase 3 frame features.,smile,0.2834839510900127,0.7165160489099873
FEI Face Database/frontalimages_manuallyaligned_part1/74a.jpg,fei_face_database,74,fei_subject_74,neutral,neutral,neutral,0.6773412433543115,False,basic,phase4-logreg-v1,0.6773412433543115,,,4,image,basic_expression_support,False,1,1,1.0,1.0,260.0,360.0,88.20259615384616,47.48246743109983,47.48246383666992,74.21400986010667,0.0274572649572649,98.17613678510496,0.0192122246124174,0.1200832799077034,0.2559899117276166,0.5218055555555555,0.0,0.5134615384615384,0.5597222222222222,0.0577777777777777,0.0,0.4705882352941176,0.0,,ok,phase3-opencv-v1,Aggregated from Phase 3 frame features.,neutral,0.6773412433543115,0.32265875664568855
FEI Face Database/frontalimages_manuallyaligned_part1/74b.jpg,fei_face_database,74,fei_subject_74,generic_smile,smile,smile,0.9955410898226847,False,basic,phase4-logreg-v1,0.9955410898226847,,,4,image,basic_expression_support,False,1,1,1.0,1.0,260.0,360.0,87.64542735042735,47.68709671143851,47.68709945678711,47.07057014939001,0.0261858974358974,96.14595334101382,0.0257776497695852,0.139959454536438,0.264544930875576,0.5360683760683761,0.0,0.4961538461538461,0.5555555555555556,0.1664102564102564,0.0,0.7901785714285714,0.0,,ok,phase3-opencv-v1,Aggregated from Phase 3 frame features.,smile,0.004458910177315256,0.9955410898226847
FEI Face Database/frontalimages_manuallyaligned_part1/75a.jpg,fei_face_database,75,fei_subject_75,neutral,neutral,smile,0.8214829471280748,False,basic,phase4-logreg-v1,0.8214829471280748,,,5,image,basic_expression_support,False,1,1,1.0,1.0,260.0,360.0,92.14668803418805,50.04738950530627,50.047386169433594,60.65726029464809,0.0238461538461538,90.78894748406944,0.0325569471910935,0.0980656445026397,0.2558778290485607,0.5265384615384615,0.0,0.5115384615384615,0.5583333333333333,0.0577777777777777,0.0,0.4684684684684684,0.0,,ok,phase3-opencv-v1,Aggregated from Phase 3 frame features.,neutral,0.1785170528719252,0.8214829471280748
FEI Face Database/frontalimages_manuallyaligned_part1/75b.jpg,fei_face_database,75,fei_subject_75,generic_smile,smile,smile,0.6716725042439795,False,basic,phase4-logreg-v1,0.6716725042439795,,,5,image,basic_expression_support,False,1,1,1.0,1.0,260.0,360.0,94.32885683760684,49.910368856778405,49.91036605834961,58.704388283361645,0.0242094017094017,85.88678804855276,0.0326019296607531,0.0961046740412712,0.2575474634298164,0.4984615384615384,0.0,0.5192307692307693,0.5527777777777778,0.0577777777777777,0.0,0.4814814814814814,0.0,,ok,phase3-opencv-v1,Aggregated from Phase 3 frame features.,smile,0.3283274957560205,0.6716725042439795
FEI Face Database/frontalimages_manuallyaligned_part1/76a.jpg,fei_face_database,76,fei_subject_76,neutral,neutral,neutral,0.9940848091766623,False,basic,phase4-logreg-v1,0.9940848091766623,,,3,image,basic_expression_support,False,1,1,1.0,0.0,260.0,360.0,99.71985042735042,53.24708048634694,53.2470817565918,61.39069034340987,0.0262606837606837,109.28096794273264,0.0188297541238717,0.1017008125782013,0.2505835667600373,0.4984615384615384,0.0,0.5153846153846153,0.5388888888888889,,,,,,ok,phase3-opencv-v1,Aggregated from Phase 3 frame features.,neutral,0.9940848091766623,0.005915190823337661
FEI Face Database/frontalimages_manuallyaligned_part1/76b.jpg,fei_face_database,76,fei_subject_76,generic_smile,smile,neutral,0.6725841220621773,False,basic,phase4-logreg-v1,0.6725841220621773,,,3,image,basic_expression_support,False,1,1,1.0,1.0,260.0,360.0,97.644797008547,52.990843182353146,52.990840911865234,76.71565303790908,0.0279914529914529,105.01542912246866,0.0250352347748683,0.0969816744327545,0.2565833395148728,0.5218055555555555,0.0,0.5134615384615384,0.5458333333333333,0.0577777777777777,0.0,0.4705882352941176,0.0,,ok,phase3-opencv-v1,Aggregated from Phase 3 frame features.,smile,0.6725841220621773,0.32741587793782273
FEI Face Database/frontalimages_manuallyaligned_part1/77a.jpg,fei_face_database,77,fei_subject_77,neutral,neutral,neutral,0.5550225856262783,True,basic,phase4-logreg-v1,0.5550225856262783,,,1,image,basic_expression_support,False,1,1,1.0,1.0,260.0,360.0,82.74209401709402,54.50728036426978,54.50727844238281,118.287168602071,0.0536858974358974,96.72229074889869,0.0395418502202643,0.128741830587387,0.2583964757709251,0.5505235042735043,0.0,0.5211538461538462,0.5708333333333333,0.0577777777777777,0.0,0.4581497797356828,0.0,,ok,phase3-opencv-v1,Aggregated from Phase 3 frame features.,neutral,0.5550225856262783,0.4449774143737218
FEI Face Database/frontalimages_manuallyaligned_part1/77b.jpg,fei_face_database,77,fei_subject_77,generic_smile,smile,smile,0.9872769845910839,False,basic,phase4-logreg-v1,0.9872769845910839,,,1,image,basic_expression_support,False,1,1,1.0,1.0,260.0,360.0,79.56672008547008,53.798230332342094,53.7982292175293,81.56916984394405,0.0492948717948718,93.46526872246696,0.0475418502202643,0.1112328991293907,0.2543436123348017,0.5505235042735043,0.0,0.5173076923076924,0.5680555555555555,0.1664102564102564,0.0,0.7797356828193832,0.0,,ok,phase3-opencv-v1,Aggregated from Phase 3 frame features.,smile,0.012723015408916072,0.9872769845910839
FEI Face Database/frontalimages_manuallyaligned_part1/78a.jpg,fei_face_database,78,fei_subject_78,neutral,neutral,smile,0.6770097131470625,False,basic,phase4-logreg-v1,0.6770097131470625,,,3,image,basic_expression_support,False,1,1,1.0,1.0,260.0,360.0,83.06001068376068,63.70509009034277,63.70509338378906,53.21703813178007,0.0276816239316239,90.18574159021406,0.0293577981651376,0.0889953225851059,0.2535168195718654,0.5077350427350428,0.0,0.5076923076923077,0.5472222222222223,0.0577777777777777,0.0,0.4770642201834862,0.0,,ok,phase3-opencv-v1,Aggregated from Phase 3 frame features.,neutral,0.3229902868529375,0.6770097131470625
FEI Face Database/frontalimages_manuallyaligned_part1/78b.jpg,fei_face_database,78,fei_subject_78,generic_smile,smile,smile,0.9328778668271882,False,basic,phase4-logreg-v1,0.9328778668271882,,,3,image,basic_expression_support,False,1,1,1.0,1.0,260.0,360.0,89.22961538461539,68.514248245694,68.51424407958984,44.52520679194975,0.0331730769230769,92.12536802737328,0.0415373597517307,0.094386339187622,0.2537200604758494,0.4847115384615384,0.0,0.5019230769230769,0.5513888888888889,0.0577777777777777,0.0,0.488262910798122,0.0,,ok,phase3-opencv-v1,Aggregated from Phase 3 frame features.,smile,0.0671221331728118,0.9328778668271882
FEI Face Database/frontalimages_manuallyaligned_part1/79a.jpg,fei_face_database,79,fei_subject_79,neutral,neutral,smile,0.5162297806013703,True,basic,phase4-logreg-v1,0.5162297806013703,,,4,image,basic_expression_support,False,1,1,1.0,1.0,260.0,360.0,101.69767094017094,54.42909630418284,54.42909622192383,54.796827925706765,0.0443696581196581,89.30365242301265,0.0400254635155566,0.0773127153515815,0.2532824063022201,0.4847115384615384,0.0,0.5173076923076924,0.5430555555555555,0.0577777777777777,0.0,0.488262910798122,0.0,,ok,phase3-opencv-v1,Aggregated from Phase 3 frame features.,neutral,0.48377021939862974,0.5162297806013703
FEI Face Database/frontalimages_manuallyaligned_part1/79b.jpg,fei_face_database,79,fei_subject_79,generic_smile,smile,smile,0.8249484375588707,False,basic,phase4-logreg-v1,0.8249484375588707,,,4,image,basic_expression_support,False,1,1,1.0,1.0,260.0,360.0,103.3096794871795,55.22633515218727,55.22633743286133,74.47034077076029,0.0486538461538461,88.39147938245065,0.0547586476451045,0.0761002302169799,0.254328708227477,0.4938568376068376,0.0,0.5173076923076924,0.5458333333333333,0.0577777777777777,0.0,0.4837209302325581,0.0,,ok,phase3-opencv-v1,Aggregated from Phase 3 frame features.,smile,0.1750515624411293,0.8249484375588707
FEI Face Database/frontalimages_manuallyaligned_part1/7a.jpg,fei_face_database,7,fei_subject_7,neutral,neutral,neutral,0.9563872774249282,False,basic,phase4-logreg-v1,0.9563872774249282,,,4,image,basic_expression_support,False,1,1,1.0,0.0,260.0,360.0,88.59525641025641,55.17886714320762,55.17886734008789,91.75800013685716,0.0327350427350427,96.2152688172043,0.0233333333333333,0.1284935027360916,0.2541577060931899,0.5408653846153846,0.0,0.5019230769230769,0.5430555555555555,,,,,,ok,phase3-opencv-v1,Aggregated from Phase 3 frame features.,neutral,0.9563872774249282,0.04361272257507177
FEI Face Database/frontalimages_manuallyaligned_part1/7b.jpg,fei_face_database,7,fei_subject_7,generic_smile,smile,smile,0.6744441619173682,False,basic,phase4-logreg-v1,0.6744441619173682,,,4,image,basic_expression_support,False,1,1,1.0,1.0,260.0,360.0,86.13647435897435,54.454078971457086,54.454078674316406,88.55535764299803,0.0344764957264957,92.3454449339207,0.0309074889867841,0.1241661682724952,0.2527224669603524,0.5505235042735043,0.0,0.5019230769230769,0.5458333333333333,0.0577777777777777,0.0,0.4581497797356828,0.0,,ok,phase3-opencv-v1,Aggregated from Phase 3 frame features.,smile,0.3255558380826318,0.6744441619173682
FEI Face Database/frontalimages_manuallyaligned_part1/80a.jpg,fei_face_database,80,fei_subject_80,neutral,neutral,neutral,0.827511435371171,False,basic,phase4-logreg-v1,0.827511435371171,,,2,image,basic_expression_support,False,1,1,1.0,0.0,260.0,360.0,75.27701923076923,49.23294469843458,49.23294448852539,45.88064280341423,0.022094017094017,93.95179211469534,0.0202867383512544,0.1318356394767761,0.2545519713261648,0.5408653846153846,0.0,0.5019230769230769,0.5458333333333333,,,,,,ok,phase3-opencv-v1,Aggregated from Phase 3 frame features.,neutral,0.827511435371171,0.17248856462882897
FEI Face Database/frontalimages_manuallyaligned_part1/80b.jpg,fei_face_database,80,fei_subject_80,generic_smile,smile,smile,0.9466548604073537,False,basic,phase4-logreg-v1,0.9466548604073537,,,2,image,basic_expression_support,False,1,1,1.0,1.0,260.0,360.0,75.19294871794872,49.05533694470005,49.05533981323242,24.073691784347837,0.0167628205128205,88.91596485471581,0.0193590725144919,0.1156921610236167,0.2631885960115206,0.531292735042735,0.0,0.4980769230769231,0.5458333333333333,0.0577777777777777,0.0,0.4663677130044843,0.0,,ok,phase3-opencv-v1,Aggregated from Phase 3 frame features.,smile,0.05334513959264631,0.9466548604073537
FEI Face Database/frontalimages_manuallyaligned_part1/81a.jpg,fei_face_database,81,fei_subject_81,neutral,neutral,neutral,0.9894224185415599,False,basic,phase4-logreg-v1,0.9894224185415599,,,1,image,basic_expression_support,False,1,1,1.0,0.0,260.0,360.0,91.37260683760684,50.31981531879085,50.3198127746582,34.76825861538005,0.0166559829059829,99.99255504514494,0.0159987327736416,0.093384638428688,0.2567321400285126,0.4892735042735043,0.0,0.5153846153846153,0.5555555555555556,,,,,,ok,phase3-opencv-v1,Aggregated from Phase 3 frame features.,neutral,0.9894224185415599,0.010577581458440082
FEI Face Database/frontalimages_manuallyaligned_part1/81b.jpg,fei_face_database,81,fei_subject_81,generic_smile,smile,smile,0.742738350033856,False,basic,phase4-logreg-v1,0.742738350033856,,,1,image,basic_expression_support,False,1,1,1.0,1.0,260.0,360.0,99.24084401709402,50.53764396798334,50.53764343261719,43.75583140101085,0.0240491452991453,97.0756498470948,0.0329892966360856,0.0882985591888427,0.2542048929663608,0.5077350427350428,0.0,0.5076923076923077,0.5444444444444444,0.0577777777777777,0.0,0.4770642201834862,0.0,,ok,phase3-opencv-v1,Aggregated from Phase 3 frame features.,smile,0.257261649966144,0.742738350033856
FEI Face Database/frontalimages_manuallyaligned_part1/82a.jpg,fei_face_database,82,fei_subject_82,neutral,neutral,neutral,0.9450763621338283,False,basic,phase4-logreg-v1,0.9450763621338283,,,5,image,basic_expression_support,False,1,1,1.0,0.0,260.0,360.0,96.92564102564104,56.15506047451804,56.155059814453125,49.66080550031046,0.0248076923076923,89.80381156998489,0.0235537518898702,0.1268490105867386,0.2537598472189066,0.4847115384615384,0.0,0.5057692307692307,0.5430555555555555,,,,,,ok,phase3-opencv-v1,Aggregated from Phase 3 frame features.,neutral,0.9450763621338283,0.05492363786617174
FEI Face Database/frontalimages_manuallyaligned_part1/82b.jpg,fei_face_database,82,fei_subject_82,generic_smile,smile,smile,0.5608280341085982,True,basic,phase4-logreg-v1,0.5608280341085982,,,5,image,basic_expression_support,False,1,1,1.0,1.0,260.0,360.0,95.93721153846154,57.01806525018238,57.018062591552734,28.489151379643328,0.0227991452991453,87.1628078817734,0.0246305418719211,0.127892717719078,0.263752052545156,0.4711538461538461,0.0,0.5115384615384615,0.5416666666666666,0.0577777777777777,0.0,0.4952380952380952,0.0,,ok,phase3-opencv-v1,Aggregated from Phase 3 frame features.,smile,0.43917196589140184,0.5608280341085982
FEI Face Database/frontalimages_manuallyaligned_part1/83a.jpg,fei_face_database,83,fei_subject_83,neutral,neutral,neutral,0.8850377918290026,False,basic,phase4-logreg-v1,0.8850377918290026,,,4,image,basic_expression_support,False,1,1,1.0,1.0,260.0,360.0,81.37190170940171,60.78944677072817,60.78944778442383,79.6871027540361,0.0265384615384615,77.04464831804282,0.0221712538226299,0.1278575211763382,0.2549694189602446,0.5077350427350428,0.0,0.5230769230769231,0.5361111111111111,0.0577777777777777,0.0,0.4770642201834862,0.0,,ok,phase3-opencv-v1,Aggregated from Phase 3 frame features.,neutral,0.8850377918290026,0.11496220817099741
FEI Face Database/frontalimages_manuallyaligned_part1/83b.jpg,fei_face_database,83,fei_subject_83,generic_smile,smile,neutral,0.5547082818587836,True,basic,phase4-logreg-v1,0.5547082818587836,,,4,image,basic_expression_support,False,1,1,1.0,1.0,260.0,360.0,78.55201923076923,60.10242919262358,60.10243225097656,106.82740562392708,0.0277991452991453,71.71863326741375,0.03149490954369,0.1174589172005653,0.2567933787445982,0.5265384615384615,0.0,0.5153846153846153,0.5305555555555556,0.0577777777777777,0.0,0.4684684684684684,0.0,,ok,phase3-opencv-v1,Aggregated from Phase 3 frame features.,smile,0.5547082818587836,0.4452917181412163
FEI Face Database/frontalimages_manuallyaligned_part1/84a.jpg,fei_face_database,84,fei_subject_84,neutral,neutral,smile,0.6114086240921699,False,basic,phase4-logreg-v1,0.6114086240921699,,,3,image,basic_expression_support,False,1,1,1.0,1.0,260.0,360.0,104.26514957264958,69.14045267210885,69.14044952392578,97.29101558002776,0.0429380341880341,105.4338256708966,0.0407322654462242,0.1194737404584884,0.2507177033492823,0.4666773504273504,0.0,0.5057692307692307,0.5486111111111112,0.0577777777777777,0.0,0.4976076555023923,0.0,,ok,phase3-opencv-v1,Aggregated from Phase 3 frame features.,neutral,0.3885913759078301,0.6114086240921699
FEI Face Database/frontalimages_manuallyaligned_part1/84b.jpg,fei_face_database,84,fei_subject_84,generic_smile,smile,smile,0.9049570952299696,False,basic,phase4-logreg-v1,0.9049570952299696,,,3,image,basic_expression_support,False,1,1,1.0,1.0,260.0,360.0,112.81127136752136,72.61430358059448,72.61429595947266,130.58460459812622,0.0508867521367521,105.815328854314,0.0551626591230551,0.1003841161727905,0.2510166195190947,0.4359401709401709,0.0,0.5,0.5527777777777778,0.0577777777777777,0.0,0.5148514851485149,0.0,,ok,phase3-opencv-v1,Aggregated from Phase 3 frame features.,smile,0.09504290477003041,0.9049570952299696
FEI Face Database/frontalimages_manuallyaligned_part1/85a.jpg,fei_face_database,85,fei_subject_85,neutral,neutral,neutral,0.8708912090810312,False,basic,phase4-logreg-v1,0.8708912090810312,,,2,image,basic_expression_support,False,1,1,1.0,0.0,260.0,360.0,97.5882905982906,47.78088838137946,47.78089141845703,67.13058686536635,0.031025641025641,98.2042652329749,0.0318279569892473,0.1442102640867233,0.2530824372759856,0.5408653846153846,0.0,0.5057692307692307,0.5513888888888889,,,,,,ok,phase3-opencv-v1,Aggregated from Phase 3 frame features.,neutral,0.8708912090810312,0.1291087909189688
FEI Face Database/frontalimages_manuallyaligned_part1/85b.jpg,fei_face_database,85,fei_subject_85,generic_smile,smile,smile,0.9316924979465327,False,basic,phase4-logreg-v1,0.9316924979465327,,,2,image,basic_expression_support,False,1,1,1.0,1.0,260.0,360.0,96.2541346153846,48.82563800178165,48.82563781738281,50.13990116962068,0.0292521367521367,94.82872246696036,0.0337973568281938,0.1530094742774963,0.2567753303964757,0.5505235042735043,0.0,0.4980769230769231,0.5597222222222222,0.0577777777777777,0.0,0.4581497797356828,0.0,,ok,phase3-opencv-v1,Aggregated from Phase 3 frame features.,smile,0.06830750205346725,0.9316924979465327
FEI Face Database/frontalimages_manuallyaligned_part1/86a.jpg,fei_face_database,86,fei_subject_86,neutral,neutral,neutral,0.7993738613227104,False,basic,phase4-logreg-v1,0.7993738613227104,,,1,image,basic_expression_support,False,1,1,1.0,1.0,260.0,360.0,102.35753205128204,66.03646753698997,66.03646850585938,108.08242596416372,0.0445833333333333,101.98423937871172,0.0388761991777067,0.1112954840064048,0.2539515760621288,0.4230876068376068,0.0,0.5211538461538462,0.5569444444444445,0.0577777777777777,0.0,0.5226130653266332,0.0,,ok,phase3-opencv-v1,Aggregated from Phase 3 frame features.,neutral,0.7993738613227104,0.20062613867728968
FEI Face Database/frontalimages_manuallyaligned_part1/86b.jpg,fei_face_database,86,fei_subject_86,generic_smile,smile,neutral,0.6037264455417876,False,basic,phase4-logreg-v1,0.6037264455417876,,,1,image,basic_expression_support,False,1,1,1.0,1.0,260.0,360.0,104.5813888888889,66.5473541296777,66.54735565185547,102.1477961446006,0.0453205128205128,98.31603712497302,0.0405352903086553,0.0977255180478096,0.2554284480897906,0.4489850427350427,0.0,0.5134615384615384,0.5597222222222222,0.0577777777777777,0.0,0.5073170731707317,0.0,,ok,phase3-opencv-v1,Aggregated from Phase 3 frame features.,smile,0.6037264455417876,0.39627355445821244
FEI Face Database/frontalimages_manuallyaligned_part1/87a.jpg,fei_face_database,87,fei_subject_87,neutral,neutral,neutral,0.9905354501906936,False,basic,phase4-logreg-v1,0.9905354501906936,,,5,image,basic_expression_support,False,1,1,1.0,0.0,260.0,360.0,100.76169871794872,56.25070879799427,56.25071334838867,51.36194345779458,0.0267948717948717,94.45591860517234,0.0196763928107211,0.0784250125288963,0.2531934919994622,0.4316346153846154,0.0,0.5173076923076924,0.5597222222222222,,,,,,ok,phase3-opencv-v1,Aggregated from Phase 3 frame features.,neutral,0.9905354501906936,0.009464549809306473
FEI Face Database/frontalimages_manuallyaligned_part1/87b.jpg,fei_face_database,87,fei_subject_87,generic_smile,smile,neutral,0.6452165084997489,False,basic,phase4-logreg-v1,0.6452165084997489,,,5,image,basic_expression_support,False,1,1,1.0,1.0,260.0,360.0,97.58548076923076,55.92176885167019,55.92176818847656,59.7201712647929,0.0321047008547008,91.64210869463976,0.0291063195641037,0.0788620039820671,0.2531551250407488,0.4146260683760683,0.0,0.5173076923076924,0.5541666666666667,0.0577777777777777,0.0,0.5279187817258884,0.0,,ok,phase3-opencv-v1,Aggregated from Phase 3 frame features.,smile,0.6452165084997489,0.3547834915002511
FEI Face Database/frontalimages_manuallyaligned_part1/88a.jpg,fei_face_database,88,fei_subject_88,neutral,neutral,neutral,0.9936988951670437,False,basic,phase4-logreg-v1,0.9936988951670437,,,4,image,basic_expression_support,False,1,1,1.0,0.0,260.0,360.0,88.17042735042735,52.21020417820822,52.210208892822266,62.06275287080411,0.0256623931623931,93.83597094801225,0.0151758409785932,0.1032137125730514,0.2514525993883792,0.5077350427350428,0.0,0.5192307692307693,0.5472222222222223,,,,,,ok,phase3-opencv-v1,Aggregated from Phase 3 frame features.,neutral,0.9936988951670437,0.006301104832956352
FEI Face Database/frontalimages_manuallyaligned_part1/88b.jpg,fei_face_database,88,fei_subject_88,generic_smile,smile,smile,0.9018540902984983,False,basic,phase4-logreg-v1,0.9018540902984983,,,4,image,basic_expression_support,False,1,1,1.0,1.0,260.0,360.0,93.4113141025641,53.54165482573603,53.54165267944336,78.33329388514501,0.0287820512820512,92.79870938525984,0.0222649911317408,0.0969821885228157,0.2621985735310766,0.5124038461538462,0.0,0.5134615384615384,0.5319444444444444,0.1664102564102564,0.0,0.8082191780821918,0.0,,ok,phase3-opencv-v1,Aggregated from Phase 3 frame features.,smile,0.09814590970150172,0.9018540902984983
FEI Face Database/frontalimages_manuallyaligned_part1/89a.jpg,fei_face_database,89,fei_subject_89,neutral,neutral,neutral,0.9782355227380558,False,basic,phase4-logreg-v1,0.9782355227380558,,,3,image,basic_expression_support,False,1,1,1.0,0.0,260.0,360.0,85.12737179487179,52.02587943636057,52.02587890625,65.99472210534006,0.0299786324786324,102.27598202071526,0.0238811803791283,0.1299294829368591,0.2540551104162595,0.4938568376068376,0.0,0.5134615384615384,0.5375,,,,,,ok,phase3-opencv-v1,Aggregated from Phase 3 frame features.,neutral,0.9782355227380558,0.021764477261944228
FEI Face Database/frontalimages_manuallyaligned_part1/89b.jpg,fei_face_database,89,fei_subject_89,generic_smile,smile,smile,0.6548010749723436,False,basic,phase4-logreg-v1,0.6548010749723436,,,3,image,basic_expression_support,False,1,1,1.0,1.0,260.0,360.0,88.97662393162393,53.42359577974942,53.4235954284668,61.50558566994941,0.03383547008547,101.04795659749723,0.0357991446222081,0.10797980427742,0.2551481070806273,0.4892735042735043,0.0,0.5153846153846153,0.5416666666666666,0.0577777777777777,0.0,0.4859813084112149,0.0,,ok,phase3-opencv-v1,Aggregated from Phase 3 frame features.,smile,0.34519892502765637,0.6548010749723436
FEI Face Database/frontalimages_manuallyaligned_part1/8a.jpg,fei_face_database,8,fei_subject_8,neutral,neutral,neutral,0.5372834294775196,True,basic,phase4-logreg-v1,0.5372834294775196,,,3,image,basic_expression_support,False,1,1,1.0,1.0,260.0,360.0,92.3433547008547,54.79891730973005,54.798919677734375,80.27192782423387,0.027051282051282,91.39600178028336,0.0148356946814034,0.1450366675853729,0.26162747570655,0.5218055555555555,0.0,0.5019230769230769,0.5569444444444445,0.0577777777777777,0.0,0.4705882352941176,0.0,,ok,phase3-opencv-v1,Aggregated from Phase 3 frame features.,neutral,0.5372834294775196,0.4627165705224804
FEI Face Database/frontalimages_manuallyaligned_part1/8b.jpg,fei_face_database,8,fei_subject_8,generic_smile,smile,neutral,0.5782211612830404,True,basic,phase4-logreg-v1,0.5782211612830404,,,3,image,basic_expression_support,False,1,1,1.0,1.0,260.0,360.0,91.44912393162392,54.76345341949397,54.76345443725586,100.94507340519765,0.0260897435897435,88.92477843697355,0.017871530066652,0.1365147083997726,0.2577455504284772,0.5265384615384615,0.0,0.5038461538461538,0.5638888888888889,0.0577777777777777,0.0,0.4684684684684684,0.0,,ok,phase3-opencv-v1,Aggregated from Phase 3 frame features.,smile,0.5782211612830404,0.42177883871695965
FEI Face Database/frontalimages_manuallyaligned_part1/90a.jpg,fei_face_database,90,fei_subject_90,neutral,neutral,neutral,0.99159589767114,False,basic,phase4-logreg-v1,0.99159589767114,,,1,image,basic_expression_support,False,1,1,1.0,0.0,260.0,360.0,84.4256623931624,55.38364109027084,55.38364028930664,72.25530445932866,0.0338461538461538,95.67222727272728,0.0246363636363636,0.0715197846293449,0.2624545454545454,0.4273504273504273,0.0,0.5230769230769231,0.5444444444444444,,,,,,ok,phase3-opencv-v1,Aggregated from Phase 3 frame features.,neutral,0.99159589767114,0.008404102328860021
FEI Face Database/frontalimages_manuallyaligned_part1/90b.jpg,fei_face_database,90,fei_subject_90,generic_smile,smile,smile,0.7953576058541508,False,basic,phase4-logreg-v1,0.7953576058541508,,,1,image,basic_expression_support,False,1,1,1.0,1.0,260.0,360.0,84.45933760683761,56.179487165634704,56.17948913574219,55.03232839312132,0.0343162393162393,90.21276500380978,0.0398906369055622,0.0858502015471458,0.2603200215140513,0.4316346153846154,0.0,0.5173076923076924,0.5486111111111112,0.0577777777777777,0.0,0.5174129353233831,0.0,,ok,phase3-opencv-v1,Aggregated from Phase 3 frame features.,smile,0.20464239414584917,0.7953576058541508
FEI Face Database/frontalimages_manuallyaligned_part1/91a.jpg,fei_face_database,91,fei_subject_91,neutral,neutral,neutral,0.6609431572407058,False,basic,phase4-logreg-v1,0.6609431572407058,,,5,image,basic_expression_support,False,1,1,1.0,1.0,260.0,360.0,102.37208333333334,52.20271205477161,52.20271301269531,57.259667652403394,0.0306410256410256,102.86088230635195,0.035165531443054,0.1115193367004394,0.2512672263583082,0.4892735042735043,0.0,0.5269230769230769,0.5472222222222223,0.0577777777777777,0.0,0.4859813084112149,0.0,,ok,phase3-opencv-v1,Aggregated from Phase 3 frame features.,neutral,0.6609431572407058,0.3390568427592942
FEI Face Database/frontalimages_manuallyaligned_part1/91b.jpg,fei_face_database,91,fei_subject_91,generic_smile,smile,smile,0.7810887284737251,False,basic,phase4-logreg-v1,0.7810887284737251,,,5,image,basic_expression_support,False,1,1,1.0,1.0,260.0,360.0,106.26314102564102,53.747001390868554,53.74700546264648,53.46001047271075,0.0322542735042735,98.16826389988913,0.0449073340725487,0.1162037253379821,0.2567717408522097,0.4892735042735043,0.0,0.5192307692307693,0.5416666666666666,0.0577777777777777,0.0,0.4859813084112149,0.0,,ok,phase3-opencv-v1,Aggregated from Phase 3 frame features.,smile,0.21891127152627488,0.7810887284737251
FEI Face Database/frontalimages_manuallyaligned_part1/92a.jpg,fei_face_database,92,fei_subject_92,neutral,neutral,neutral,0.9895147478140025,False,basic,phase4-logreg-v1,0.9895147478140025,,,4,image,basic_expression_support,False,1,1,1.0,0.0,260.0,360.0,99.12114316239315,51.12389983328017,51.123897552490234,40.13858326473355,0.0255555555555555,94.62548368184484,0.0172366621067031,0.1048650816082954,0.2585499316005472,0.4938568376068376,0.0,0.5211538461538462,0.5402777777777777,,,,,,ok,phase3-opencv-v1,Aggregated from Phase 3 frame features.,neutral,0.9895147478140025,0.01048525218599749
FEI Face Database/frontalimages_manuallyaligned_part1/92b.jpg,fei_face_database,92,fei_subject_92,generic_smile,smile,smile,0.5089793022752718,True,basic,phase4-logreg-v1,0.5089793022752718,,,4,image,basic_expression_support,False,1,1,1.0,1.0,260.0,360.0,99.8769764957265,51.73924703349929,51.7392463684082,36.01939567125064,0.0235042735042735,87.70763305322129,0.0235760971055088,0.0877187028527259,0.2615157173980703,0.4984615384615384,0.0,0.5153846153846153,0.5416666666666666,0.0577777777777777,0.0,0.4814814814814814,0.0,,ok,phase3-opencv-v1,Aggregated from Phase 3 frame features.,smile,0.49102069772472823,0.5089793022752718
FEI Face Database/frontalimages_manuallyaligned_part1/93a.jpg,fei_face_database,93,fei_subject_93,neutral,neutral,neutral,0.9592043588124293,False,basic,phase4-logreg-v1,0.9592043588124293,,,3,image,basic_expression_support,False,1,1,1.0,0.0,260.0,360.0,81.24444444444444,51.968002884819974,51.96800231933594,60.199940597263314,0.0216987179487179,83.57452659426343,0.022521581732108,0.089350551366806,0.2544555834029518,0.5553846153846154,0.0,0.5115384615384615,0.5527777777777778,,,,,,ok,phase3-opencv-v1,Aggregated from Phase 3 frame features.,neutral,0.9592043588124293,0.0407956411875707
FEI Face Database/frontalimages_manuallyaligned_part1/93b.jpg,fei_face_database,93,fei_subject_93,generic_smile,smile,smile,0.8037587771651332,False,basic,phase4-logreg-v1,0.8037587771651332,,,3,image,basic_expression_support,False,1,1,1.0,1.0,260.0,360.0,77.89217948717949,52.06472548371191,52.064727783203125,29.187835645294584,0.0164957264957264,83.99403895473765,0.0198585984612185,0.1076935231685638,0.2501906148194358,0.5602670940170941,0.0,0.5019230769230769,0.5625,0.0577777777777777,0.0,0.4541484716157205,0.0,,ok,phase3-opencv-v1,Aggregated from Phase 3 frame features.,smile,0.19624122283486678,0.8037587771651332
FEI Face Database/frontalimages_manuallyaligned_part1/94a.jpg,fei_face_database,94,fei_subject_94,neutral,neutral,neutral,0.9035185093871368,False,basic,phase4-logreg-v1,0.9035185093871368,,,2,image,basic_expression_support,False,1,1,1.0,0.0,260.0,360.0,87.40997863247863,46.48463185524322,46.4846305847168,58.929897937098225,0.0221153846153846,94.46074122903391,0.018970189701897,0.1107032373547554,0.2649234600454113,0.5265384615384615,0.0,0.5115384615384615,0.5444444444444444,,,,,,ok,phase3-opencv-v1,Aggregated from Phase 3 frame features.,neutral,0.9035185093871368,0.09648149061286312
FEI Face Database/frontalimages_manuallyaligned_part1/94b.jpg,fei_face_database,94,fei_subject_94,generic_smile,smile,smile,0.8247242135124909,False,basic,phase4-logreg-v1,0.8247242135124909,,,2,image,basic_expression_support,False,1,1,1.0,1.0,260.0,360.0,84.09918803418803,46.21045261588165,46.210453033447266,89.32914536477739,0.021784188034188,91.44974910394264,0.0198924731182795,0.1068757399916648,0.268494623655914,0.5408653846153846,0.0,0.5057692307692307,0.5597222222222222,0.0577777777777777,0.0,0.4622222222222222,0.0,,ok,phase3-opencv-v1,Aggregated from Phase 3 frame features.,smile,0.17527578648750908,0.8247242135124909
FEI Face Database/frontalimages_manuallyaligned_part1/95a.jpg,fei_face_database,95,fei_subject_95,neutral,neutral,neutral,0.5087794888631346,True,basic,phase4-logreg-v1,0.5087794888631346,,,1,image,basic_expression_support,False,1,1,1.0,1.0,260.0,360.0,78.29096153846154,50.92235164383801,50.9223518371582,84.17205801179323,0.0243696581196581,85.76958525345623,0.0258448540706605,0.0698547586798667,0.2625192012288787,0.5030876068376068,0.0,0.5173076923076924,0.5541666666666667,0.0577777777777777,0.0,0.4792626728110599,0.0,,ok,phase3-opencv-v1,Aggregated from Phase 3 frame features.,neutral,0.5087794888631346,0.4912205111368654
FEI Face Database/frontalimages_manuallyaligned_part1/95b.jpg,fei_face_database,95,fei_subject_95,generic_smile,smile,smile,0.8210282778144157,False,basic,phase4-logreg-v1,0.8210282778144157,,,1,image,basic_expression_support,False,1,1,1.0,1.0,260.0,360.0,82.42336538461538,52.728767580463405,52.72876739501953,61.62269650711795,0.0223931623931623,82.21195144724557,0.030578898225957,0.0855214446783065,0.2582866479925303,0.4984615384615384,0.0,0.5076923076923077,0.5527777777777778,0.0577777777777777,0.0,0.4814814814814814,0.0,,ok,phase3-opencv-v1,Aggregated from Phase 3 frame features.,smile,0.17897172218558433,0.8210282778144157
FEI Face Database/frontalimages_manuallyaligned_part1/96a.jpg,fei_face_database,96,fei_subject_96,neutral,neutral,neutral,0.9508140716454155,False,basic,phase4-logreg-v1,0.9508140716454155,,,5,image,basic_expression_support,False,1,1,1.0,0.0,260.0,360.0,86.62772435897436,60.63680328796903,60.63680267333984,40.785858225468445,0.0213888888888888,95.30615396800252,0.023839695865674,0.0591841302812099,0.2576033581498495,0.4892735042735043,0.0,0.5115384615384615,0.5555555555555556,,,,,,ok,phase3-opencv-v1,Aggregated from Phase 3 frame features.,neutral,0.9508140716454155,0.0491859283545845
FEI Face Database/frontalimages_manuallyaligned_part1/96b.jpg,fei_face_database,96,fei_subject_96,generic_smile,smile,smile,0.9717526213624578,False,basic,phase4-logreg-v1,0.9717526213624578,,,5,image,basic_expression_support,False,1,1,1.0,1.0,260.0,360.0,82.79727564102564,59.725402824743405,59.72540283203125,22.964017495685408,0.0187286324786324,90.3141923436041,0.0275054466230936,0.076335109770298,0.2540460628695923,0.4984615384615384,0.0,0.5115384615384615,0.5555555555555556,0.1664102564102564,0.0,0.8194444444444444,0.0,,ok,phase3-opencv-v1,Aggregated from Phase 3 frame features.,smile,0.02824737863754223,0.9717526213624578
FEI Face Database/frontalimages_manuallyaligned_part1/97a.jpg,fei_face_database,97,fei_subject_97,neutral,neutral,smile,0.5195520247738641,True,basic,phase4-logreg-v1,0.5195520247738641,,,4,image,basic_expression_support,False,1,1,1.0,1.0,260.0,360.0,83.79565170940171,57.1962021360219,57.19620513916016,65.08419567615877,0.0327350427350427,87.36914600550965,0.030755877580286,0.0926752686500549,0.2541982716328918,0.5124038461538462,0.0,0.5134615384615384,0.5569444444444445,0.0577777777777777,0.0,0.4748858447488584,0.0,,ok,phase3-opencv-v1,Aggregated from Phase 3 frame features.,neutral,0.4804479752261359,0.5195520247738641
FEI Face Database/frontalimages_manuallyaligned_part1/97b.jpg,fei_face_database,97,fei_subject_97,generic_smile,smile,smile,0.9901561982041001,False,basic,phase4-logreg-v1,0.9901561982041001,,,4,image,basic_expression_support,False,1,1,1.0,1.0,260.0,360.0,82.13566239316239,56.40083606995818,56.40083694458008,59.308568090711525,0.0324358974358974,79.15048458149779,0.04,0.1044614240527153,0.2534625550660793,0.5505235042735043,0.0,0.5057692307692307,0.5736111111111111,0.1664102564102564,0.0,0.7797356828193832,0.0,,ok,phase3-opencv-v1,Aggregated from Phase 3 frame features.,smile,0.009843801795899942,0.9901561982041001
FEI Face Database/frontalimages_manuallyaligned_part1/98a.jpg,fei_face_database,98,fei_subject_98,neutral,neutral,neutral,0.7852107246555484,False,basic,phase4-logreg-v1,0.7852107246555484,,,4,image,basic_expression_support,False,1,1,1.0,1.0,260.0,360.0,90.4807264957265,67.97576532314349,67.97576141357422,65.68325395561673,0.0234935897435897,85.33010033444816,0.0212792642140468,0.073466457426548,0.2507943143812709,0.4622222222222222,0.0,0.5115384615384615,0.5527777777777778,0.0577777777777777,0.0,0.5,0.0,,ok,phase3-opencv-v1,Aggregated from Phase 3 frame features.,neutral,0.7852107246555484,0.21478927534445155
FEI Face Database/frontalimages_manuallyaligned_part1/98b.jpg,fei_face_database,98,fei_subject_98,generic_smile,smile,smile,0.7185165558067176,False,basic,phase4-logreg-v1,0.7185165558067176,,,4,image,basic_expression_support,False,1,1,1.0,1.0,260.0,360.0,86.05284188034189,66.36194128015488,66.3619384765625,53.57619098546278,0.0246688034188034,82.13929146537842,0.0276294601237393,0.0959668830037117,0.2528180354267311,0.4577884615384615,0.0,0.5019230769230769,0.5569444444444445,0.0577777777777777,0.0,0.5024154589371981,0.0,,ok,phase3-opencv-v1,Aggregated from Phase 3 frame features.,smile,0.2814834441932824,0.7185165558067176
FEI Face Database/frontalimages_manuallyaligned_part1/99a.jpg,fei_face_database,99,fei_subject_99,neutral,neutral,neutral,0.8962046016108455,False,basic,phase4-logreg-v1,0.8962046016108455,,,1,image,basic_expression_support,False,1,1,1.0,1.0,260.0,360.0,96.14804487179488,59.013694045134024,59.013694763183594,77.77478321725016,0.0424893162393162,106.8673234811166,0.03123973727422,0.0777494460344314,0.2502052545155993,0.4711538461538461,0.0,0.5230769230769231,0.5611111111111111,0.0577777777777777,0.0,0.4952380952380952,0.0,,ok,phase3-opencv-v1,Aggregated from Phase 3 frame features.,neutral,0.8962046016108455,0.10379539838915454
FEI Face Database/frontalimages_manuallyaligned_part1/99b.jpg,fei_face_database,99,fei_subject_99,generic_smile,smile,smile,0.9860482626540881,False,basic,phase4-logreg-v1,0.9860482626540881,,,1,image,basic_expression_support,False,1,1,1.0,1.0,260.0,360.0,94.53120726495726,58.04896518836444,58.0489616394043,50.751795561673624,0.0365705128205128,101.58405902273827,0.0366069988711498,0.0981046706438064,0.2553620383809063,0.4801709401709402,0.0,0.5038461538461538,0.5611111111111111,0.1664102564102564,0.0,0.8349056603773585,0.0,,ok,phase3-opencv-v1,Aggregated from Phase 3 frame features.,smile,0.01395173734591193,0.9860482626540881
FEI Face Database/frontalimages_manuallyaligned_part1/9a.jpg,fei_face_database,9,fei_subject_9,neutral,neutral,neutral,0.9377611947696436,False,basic,phase4-logreg-v1,0.9377611947696436,,,2,image,basic_expression_support,False,1,1,1.0,0.0,260.0,360.0,77.1333547008547,49.7903104596573,49.79030990600586,52.78025958753379,0.0225,90.31734513274336,0.0202831858407079,0.0938774943351745,0.2513982300884956,0.5456837606837607,0.0,0.5076923076923077,0.5444444444444444,,,,,,ok,phase3-opencv-v1,Aggregated from Phase 3 frame features.,neutral,0.9377611947696436,0.06223880523035638
FEI Face Database/frontalimages_manuallyaligned_part1/9b.jpg,fei_face_database,9,fei_subject_9,generic_smile,smile,smile,0.8462850287965613,False,basic,phase4-logreg-v1,0.8462850287965613,,,2,image,basic_expression_support,False,1,1,1.0,1.0,260.0,360.0,79.74847222222222,50.78627869252802,50.786277770996094,51.799613258706806,0.0243910256410256,89.77367611513952,0.0280158206987475,0.0768613591790199,0.2654361678751922,0.5265384615384615,0.0,0.5115384615384615,0.5472222222222223,0.0577777777777777,0.0,0.4684684684684684,0.0,,ok,phase3-opencv-v1,Aggregated from Phase 3 frame features.,smile,0.1537149712034387,0.8462850287965613
FEI Face Database/frontalimages_manuallyaligned_part2/101a.jpg,fei_face_database,101,fei_subject_101,neutral,neutral,neutral,0.9956989578929778,False,basic,phase4-logreg-v1,0.9956989578929778,,,2,image,basic_expression_support,False,1,1,1.0,0.0,260.0,360.0,99.68144230769232,71.25912856241861,71.25912475585938,71.57502320795895,0.0300320512820512,111.1548137397194,0.0184244476697306,0.0930210500955581,0.2543944525076601,0.4801709401709402,0.0,0.5153846153846153,0.5472222222222223,,,,,,ok,phase3-opencv-v1,Aggregated from Phase 3 frame features.,neutral,0.9956989578929778,0.004301042107022254
FEI Face Database/frontalimages_manuallyaligned_part2/101b.jpg,fei_face_database,101,fei_subject_101,generic_smile,smile,smile,0.7667043520869429,False,basic,phase4-logreg-v1,0.7667043520869429,,,2,image,basic_expression_support,False,1,1,1.0,1.0,260.0,360.0,103.111452991453,72.62669326051677,72.62669372558594,84.58543631337206,0.0405876068376068,106.71468926553672,0.0448396594254794,0.1207478195428848,0.2526458184133047,0.4847115384615384,0.0,0.5019230769230769,0.5458333333333333,0.0577777777777777,0.0,0.488262910798122,0.0,,ok,phase3-opencv-v1,Aggregated from Phase 3 frame features.,smile,0.23329564791305712,0.7667043520869429
FEI Face Database/frontalimages_manuallyaligned_part2/102a.jpg,fei_face_database,102,fei_subject_102,neutral,neutral,neutral,0.6845613480992936,False,basic,phase4-logreg-v1,0.6845613480992936,,,1,image,basic_expression_support,False,1,1,1.0,1.0,260.0,360.0,89.03044871794872,57.7453873191293,57.745384216308594,57.64348929797647,0.027008547008547,84.05446261284278,0.0238460228240504,0.0842636227607727,0.2510645545903593,0.4533760683760683,0.0,0.5153846153846153,0.5527777777777778,0.0577777777777777,0.0,0.5048543689320388,0.0,,ok,phase3-opencv-v1,Aggregated from Phase 3 frame features.,neutral,0.6845613480992936,0.31543865190070636
FEI Face Database/frontalimages_manuallyaligned_part2/102b.jpg,fei_face_database,102,fei_subject_102,generic_smile,smile,smile,0.9650108138758614,False,basic,phase4-logreg-v1,0.9650108138758614,,,1,image,basic_expression_support,False,1,1,1.0,1.0,260.0,360.0,94.04712606837607,59.4628707976049,59.462867736816406,46.29773411817882,0.0319658119658119,85.33767135172653,0.0393024466423737,0.1270355582237243,0.2523425299323269,0.4446153846153846,0.0,0.4923076923076923,0.5527777777777778,0.0577777777777777,0.0,0.5098039215686274,0.0,,ok,phase3-opencv-v1,Aggregated from Phase 3 frame features.,smile,0.034989186124138594,0.9650108138758614
FEI Face Database/frontalimages_manuallyaligned_part2/103a.jpg,fei_face_database,103,fei_subject_103,neutral,neutral,smile,0.730174723939835,False,basic,phase4-logreg-v1,0.730174723939835,,,5,image,basic_expression_support,False,1,1,1.0,1.0,260.0,360.0,66.71525641025642,54.92280412124905,54.92280197143555,69.20870214725328,0.0261217948717948,80.97235161532682,0.0250187828700225,0.0817954912781715,0.2523290758827949,0.5170940170940171,0.0,0.5076923076923077,0.5666666666666667,0.0577777777777777,0.0,0.4727272727272727,0.0,,ok,phase3-opencv-v1,Aggregated from Phase 3 frame features.,neutral,0.26982527606016504,0.730174723939835
FEI Face Database/frontalimages_manuallyaligned_part2/103b.jpg,fei_face_database,103,fei_subject_103,generic_smile,smile,smile,0.9712444940674998,False,basic,phase4-logreg-v1,0.9712444940674998,,,5,image,basic_expression_support,False,1,1,1.0,1.0,260.0,360.0,67.83520299145299,55.22258601764217,55.22259140014648,61.44045150805392,0.0266452991452991,80.51660405709993,0.0283245679939894,0.090123601257801,0.2521412471825695,0.5170940170940171,0.0,0.5115384615384615,0.5611111111111111,0.1664102564102564,0.0,0.8045454545454546,0.0,,ok,phase3-opencv-v1,Aggregated from Phase 3 frame features.,smile,0.028755505932500203,0.9712444940674998
FEI Face Database/frontalimages_manuallyaligned_part2/104a.jpg,fei_face_database,104,fei_subject_104,neutral,neutral,neutral,0.8666960382854719,False,basic,phase4-logreg-v1,0.8666960382854719,,,4,image,basic_expression_support,False,1,1,1.0,1.0,260.0,360.0,90.46886752136751,57.88811242978392,57.88811111450195,51.20007286142158,0.027008547008547,98.20113600995954,0.0198412698412698,0.1314244270324707,0.2504668534080299,0.4984615384615384,0.0,0.5192307692307693,0.5555555555555556,0.0577777777777777,0.0,0.4814814814814814,0.0,,ok,phase3-opencv-v1,Aggregated from Phase 3 frame features.,neutral,0.8666960382854719,0.13330396171452805
FEI Face Database/frontalimages_manuallyaligned_part2/104b.jpg,fei_face_database,104,fei_subject_104,generic_smile,smile,smile,0.9686771303368976,False,basic,phase4-logreg-v1,0.9686771303368976,,,4,image,basic_expression_support,False,1,1,1.0,1.0,260.0,360.0,86.99239316239316,57.62344965969175,57.62345123291016,59.12282310055063,0.0299679487179487,92.3690082644628,0.0315552216378662,0.0831216424703598,0.2507137490608565,0.5170940170940171,0.0,0.5076923076923077,0.5555555555555556,0.1664102564102564,0.0,0.8045454545454546,0.0,,ok,phase3-opencv-v1,Aggregated from Phase 3 frame features.,smile,0.03132286966310238,0.9686771303368976
FEI Face Database/frontalimages_manuallyaligned_part2/105a.jpg,fei_face_database,105,fei_subject_105,neutral,neutral,neutral,0.993346288378727,False,basic,phase4-logreg-v1,0.993346288378727,,,3,image,basic_expression_support,False,1,1,1.0,0.0,260.0,360.0,79.53692307692307,62.80683063404193,62.806827545166016,54.01583068419442,0.0208867521367521,92.36684403185026,0.0186044756405902,0.0951767563819885,0.2515566625155666,0.5124038461538462,0.0,0.5173076923076924,0.5513888888888889,,,,,,ok,phase3-opencv-v1,Aggregated from Phase 3 frame features.,neutral,0.993346288378727,0.0066537116212730205
FEI Face Database/frontalimages_manuallyaligned_part2/105b.jpg,fei_face_database,105,fei_subject_105,generic_smile,smile,smile,0.8604557719945918,False,basic,phase4-logreg-v1,0.8604557719945918,,,3,image,basic_expression_support,False,1,1,1.0,1.0,260.0,360.0,80.90763888888888,63.62612856774464,63.626129150390625,30.01512590355394,0.0231089743589743,91.53446934329288,0.0328742608154372,0.0903724431991577,0.2561079987550576,0.4984615384615384,0.0,0.5076923076923077,0.55,0.0577777777777777,0.0,0.4814814814814814,0.0,,ok,phase3-opencv-v1,Aggregated from Phase 3 frame features.,smile,0.13954422800540822,0.8604557719945918
FEI Face Database/frontalimages_manuallyaligned_part2/106a.jpg,fei_face_database,106,fei_subject_106,neutral,neutral,neutral,0.9788016246983139,False,basic,phase4-logreg-v1,0.9788016246983139,,,2,image,basic_expression_support,False,1,1,1.0,0.0,260.0,360.0,74.92569444444445,50.37893864953533,50.378936767578125,66.62631475991216,0.0341239316239316,88.0996619083396,0.0332832456799398,0.1073251664638519,0.2514650638617581,0.5170940170940171,0.0,0.5269230769230769,0.5611111111111111,,,,,,ok,phase3-opencv-v1,Aggregated from Phase 3 frame features.,neutral,0.9788016246983139,0.02119837530168614
FEI Face Database/frontalimages_manuallyaligned_part2/106b.jpg,fei_face_database,106,fei_subject_106,generic_smile,smile,neutral,0.6886831011820376,False,basic,phase4-logreg-v1,0.6886831011820376,,,2,image,basic_expression_support,False,1,1,1.0,1.0,260.0,360.0,73.05235042735043,49.95106445942206,49.95106887817383,70.88264191036141,0.0358974358974358,84.47635759839994,0.0363032567266689,0.0944586917757988,0.2515943997886712,0.5124038461538462,0.0,0.5288461538461539,0.5652777777777778,0.0577777777777777,0.0,0.4748858447488584,0.0,,ok,phase3-opencv-v1,Aggregated from Phase 3 frame features.,smile,0.6886831011820376,0.31131689881796243
FEI Face Database/frontalimages_manuallyaligned_part2/107a.jpg,fei_face_database,107,fei_subject_107,neutral,neutral,neutral,0.9809728520815516,False,basic,phase4-logreg-v1,0.9809728520815516,,,1,image,basic_expression_support,False,1,1,1.0,0.0,260.0,360.0,86.9115811965812,48.450248983463915,48.45024871826172,80.07921928373148,0.0250747863247863,79.85843038350271,0.0175432089607595,0.0961266458034515,0.2591795860841184,0.5218055555555555,0.0,0.5134615384615384,0.5375,,,,,,ok,phase3-opencv-v1,Aggregated from Phase 3 frame features.,neutral,0.9809728520815516,0.019027147918448346
FEI Face Database/frontalimages_manuallyaligned_part2/107b.jpg,fei_face_database,107,fei_subject_107,generic_smile,smile,smile,0.6201707125373641,False,basic,phase4-logreg-v1,0.6201707125373641,,,1,image,basic_expression_support,False,1,1,1.0,1.0,260.0,360.0,87.80647435897436,48.643359197120745,48.64336013793945,75.73514466896322,0.0276388888888888,77.64089861751152,0.0249615975422427,0.0923114866018295,0.255568356374808,0.5030876068376068,0.0,0.5096153846153846,0.5486111111111112,0.0577777777777777,0.0,0.4792626728110599,0.0,,ok,phase3-opencv-v1,Aggregated from Phase 3 frame features.,smile,0.3798292874626359,0.6201707125373641
FEI Face Database/frontalimages_manuallyaligned_part2/108a.jpg,fei_face_database,108,fei_subject_108,neutral,neutral,smile,0.7392221241104734,False,basic,phase4-logreg-v1,0.7392221241104734,,,5,image,basic_expression_support,False,1,1,1.0,1.0,260.0,360.0,76.38416666666667,50.106599627480534,50.10660171508789,41.30597649161736,0.0241880341880341,96.1124111866969,0.0241269841269841,0.1049716025590896,0.2523960695389267,0.6412927350427351,0.0,0.5096153846153846,0.5763888888888888,0.0577777777777777,0.0,0.4244897959183673,0.0,,ok,phase3-opencv-v1,Aggregated from Phase 3 frame features.,neutral,0.2607778758895266,0.7392221241104734
FEI Face Database/frontalimages_manuallyaligned_part2/108b.jpg,fei_face_database,108,fei_subject_108,generic_smile,smile,smile,0.9655030494819515,False,basic,phase4-logreg-v1,0.9655030494819515,,,5,image,basic_expression_support,False,1,1,1.0,1.0,260.0,360.0,81.29363247863247,51.67730161482616,51.67729949951172,30.095233230604865,0.0245833333333333,93.41757768501957,0.0262373285629099,0.0920574814081192,0.2520042403763334,0.585,0.0,0.5115384615384615,0.5583333333333333,0.1664102564102564,0.0,0.7564102564102564,0.0,,ok,phase3-opencv-v1,Aggregated from Phase 3 frame features.,smile,0.034496950518048464,0.9655030494819515
FEI Face Database/frontalimages_manuallyaligned_part2/109a.jpg,fei_face_database,109,fei_subject_109,neutral,neutral,neutral,0.9508407819940478,False,basic,phase4-logreg-v1,0.9508407819940478,,,4,image,basic_expression_support,False,1,1,1.0,0.0,260.0,360.0,89.48430555555555,47.981112842261695,47.98111343383789,111.08498847797502,0.0280982905982906,87.7871995169629,0.0210951356654968,0.1122718155384063,0.2593682780482282,0.5124038461538462,0.0,0.5057692307692307,0.5458333333333333,,,,,,ok,phase3-opencv-v1,Aggregated from Phase 3 frame features.,neutral,0.9508407819940478,0.04915921800595221
FEI Face Database/frontalimages_manuallyaligned_part2/109b.jpg,fei_face_database,109,fei_subject_109,generic_smile,smile,smile,0.6755805515364606,False,basic,phase4-logreg-v1,0.6755805515364606,,,4,image,basic_expression_support,False,1,1,1.0,1.0,260.0,360.0,89.46220085470085,48.34509939308408,48.34510040283203,144.76131336109285,0.0308653846153846,86.36817204301076,0.0298566308243727,0.113433800637722,0.2577060931899642,0.5408653846153846,0.0,0.5019230769230769,0.5513888888888889,0.0577777777777777,0.0,0.4622222222222222,0.0,,ok,phase3-opencv-v1,Aggregated from Phase 3 frame features.,smile,0.32441944846353943,0.6755805515364606
FEI Face Database/frontalimages_manuallyaligned_part2/110a.jpg,fei_face_database,110,fei_subject_110,neutral,neutral,neutral,0.9924402963398044,False,basic,phase4-logreg-v1,0.9924402963398044,,,2,image,basic_expression_support,False,1,1,1.0,0.0,260.0,360.0,83.29334401709401,41.94262343757358,41.942623138427734,90.95130511679083,0.0282264957264957,92.94403524229077,0.013215859030837,0.077392466366291,0.2595947136563876,0.5505235042735043,0.0,0.5211538461538462,0.5486111111111112,,,,,,ok,phase3-opencv-v1,Aggregated from Phase 3 frame features.,neutral,0.9924402963398044,0.007559703660195607
FEI Face Database/frontalimages_manuallyaligned_part2/110b.jpg,fei_face_database,110,fei_subject_110,generic_smile,smile,neutral,0.5946725651593556,True,basic,phase4-logreg-v1,0.5946725651593556,,,2,image,basic_expression_support,False,1,1,1.0,1.0,260.0,360.0,84.26895299145299,42.00758597768984,42.00758743286133,63.652064504232406,0.0259829059829059,92.87291190129618,0.0110556595272752,0.0823458433151245,0.2630137935814792,0.5602670940170941,0.0,0.5096153846153846,0.5513888888888889,0.0577777777777777,0.0,0.4541484716157205,0.0,,ok,phase3-opencv-v1,Aggregated from Phase 3 frame features.,smile,0.5946725651593556,0.4053274348406444
FEI Face Database/frontalimages_manuallyaligned_part2/111a.jpg,fei_face_database,111,fei_subject_111,neutral,neutral,neutral,0.9802061265411103,False,basic,phase4-logreg-v1,0.9802061265411103,,,1,image,basic_expression_support,False,1,1,1.0,0.0,260.0,360.0,64.03227564102563,50.06571552146397,50.06571960449219,56.59487534471108,0.0217521367521367,85.66704785362421,0.023926812104152,0.0635604709386825,0.2522871217452498,0.440267094017094,0.0,0.5211538461538462,0.5569444444444445,,,,,,ok,phase3-opencv-v1,Aggregated from Phase 3 frame features.,neutral,0.9802061265411103,0.019793873458889746
FEI Face Database/frontalimages_manuallyaligned_part2/111b.jpg,fei_face_database,111,fei_subject_111,generic_smile,smile,smile,0.6655681079881413,False,basic,phase4-logreg-v1,0.6655681079881413,,,1,image,basic_expression_support,False,1,1,1.0,1.0,260.0,360.0,63.49633547008547,49.156674858582704,49.15667343139648,35.290841167634596,0.0199893162393162,80.87754515599343,0.0210591133004926,0.0876026302576065,0.2502463054187192,0.4711538461538461,0.0,0.5115384615384615,0.5666666666666667,0.0577777777777777,0.0,0.4952380952380952,0.0,,ok,phase3-opencv-v1,Aggregated from Phase 3 frame features.,smile,0.33443189201185874,0.6655681079881413
FEI Face Database/frontalimages_manuallyaligned_part2/112a.jpg,fei_face_database,112,fei_subject_112,neutral,neutral,neutral,0.9900597932192773,False,basic,phase4-logreg-v1,0.9900597932192773,,,5,image,basic_expression_support,False,1,1,1.0,0.0,260.0,360.0,86.01239316239317,47.59360745248409,47.593605041503906,73.06300071213656,0.0326495726495726,99.41954149271224,0.0196660074708855,0.1056781336665153,0.2577455504284772,0.5265384615384615,0.0,0.5192307692307693,0.55,,,,,,ok,phase3-opencv-v1,Aggregated from Phase 3 frame features.,neutral,0.9900597932192773,0.009940206780722674
FEI Face Database/frontalimages_manuallyaligned_part2/112b.jpg,fei_face_database,112,fei_subject_112,generic_smile,smile,smile,0.5750153520328918,True,basic,phase4-logreg-v1,0.5750153520328918,,,5,image,basic_expression_support,False,1,1,1.0,1.0,260.0,360.0,84.37798076923077,47.19392937954713,47.19393157958984,41.36457525191303,0.0248824786324786,96.94322466960352,0.0157533039647577,0.0999582186341285,0.2513832599118942,0.5505235042735043,0.0,0.5019230769230769,0.5513888888888889,0.0577777777777777,0.0,0.4581497797356828,0.0,,ok,phase3-opencv-v1,Aggregated from Phase 3 frame features.,smile,0.4249846479671082,0.5750153520328918
FEI Face Database/frontalimages_manuallyaligned_part2/113a.jpg,fei_face_database,113,fei_subject_113,neutral,neutral,smile,0.6594451186420804,False,basic,phase4-logreg-v1,0.6594451186420804,,,4,image,basic_expression_support,False,1,1,1.0,1.0,260.0,360.0,93.54959401709402,43.6835761672308,43.68357849121094,46.90395313344657,0.0281410256410256,97.28722094686762,0.0201616927837109,0.0870331898331642,0.2641314835146555,0.5800106837606838,0.0,0.5057692307692307,0.5458333333333333,0.0577777777777777,0.0,0.4463519313304721,0.0,,ok,phase3-opencv-v1,Aggregated from Phase 3 frame features.,neutral,0.34055488135791956,0.6594451186420804
FEI Face Database/frontalimages_manuallyaligned_part2/113b.jpg,fei_face_database,113,fei_subject_113,generic_smile,smile,smile,0.96316742547469,False,basic,phase4-logreg-v1,0.96316742547469,,,4,image,basic_expression_support,False,1,1,1.0,1.0,260.0,360.0,91.5934188034188,43.85932435362209,43.85932540893555,65.1058274705055,0.0311645299145299,96.11838953381242,0.0233400896750813,0.0980677604675293,0.2535163687734169,0.6308653846153847,0.0,0.4980769230769231,0.5486111111111112,0.1664102564102564,0.0,0.7283950617283951,0.0,,ok,phase3-opencv-v1,Aggregated from Phase 3 frame features.,smile,0.03683257452530997,0.96316742547469
FEI Face Database/frontalimages_manuallyaligned_part2/114a.jpg,fei_face_database,114,fei_subject_114,neutral,neutral,neutral,0.9210026065882645,False,basic,phase4-logreg-v1,0.9210026065882645,,,3,image,basic_expression_support,False,1,1,1.0,0.0,260.0,360.0,85.19284188034187,54.15410438194778,54.15410232543945,86.74271572692949,0.0377564102564102,90.26922286888052,0.0376583361862375,0.1059771403670311,0.2564190345771996,0.5651709401709402,0.0,0.5115384615384615,0.5527777777777778,,,,,,ok,phase3-opencv-v1,Aggregated from Phase 3 frame features.,neutral,0.9210026065882645,0.0789973934117355
FEI Face Database/frontalimages_manuallyaligned_part2/114b.jpg,fei_face_database,114,fei_subject_114,generic_smile,smile,smile,0.5780727571004092,True,basic,phase4-logreg-v1,0.5780727571004092,,,3,image,basic_expression_support,False,1,1,1.0,1.0,260.0,360.0,82.99679487179488,53.21620562393757,53.21620559692383,73.3740691064678,0.0357051282051282,87.29561061946903,0.0385840707964601,0.0974728465080261,0.2564955752212389,0.5456837606837607,0.0,0.5192307692307693,0.55,0.0577777777777777,0.0,0.4601769911504424,0.0,,ok,phase3-opencv-v1,Aggregated from Phase 3 frame features.,smile,0.4219272428995908,0.5780727571004092
FEI Face Database/frontalimages_manuallyaligned_part2/115a.jpg,fei_face_database,115,fei_subject_115,neutral,neutral,neutral,0.9129957403689214,False,basic,phase4-logreg-v1,0.9129957403689214,,,2,image,basic_expression_support,False,1,1,1.0,0.0,260.0,360.0,83.0892094017094,47.46670550423987,47.466705322265625,42.92572471224615,0.0213034188034188,101.13602391629296,0.0160778737832221,0.1057711988687515,0.2518502315067993,0.531292735042735,0.0,0.5019230769230769,0.5486111111111112,,,,,,ok,phase3-opencv-v1,Aggregated from Phase 3 frame features.,neutral,0.9129957403689214,0.08700425963107859
FEI Face Database/frontalimages_manuallyaligned_part2/115b.jpg,fei_face_database,115,fei_subject_115,generic_smile,smile,smile,0.8750467182668153,False,basic,phase4-logreg-v1,0.8750467182668153,,,2,image,basic_expression_support,False,1,1,1.0,1.0,260.0,360.0,81.07815170940171,46.77015097957455,46.77014923095703,37.14301654053893,0.0202243589743589,98.92089605734768,0.0185663082437275,0.1072586253285408,0.2627598566308243,0.5408653846153846,0.0,0.5019230769230769,0.5597222222222222,0.0577777777777777,0.0,0.4622222222222222,0.0,,ok,phase3-opencv-v1,Aggregated from Phase 3 frame features.,smile,0.12495328173318465,0.8750467182668153
FEI Face Database/frontalimages_manuallyaligned_part2/116a.jpg,fei_face_database,116,fei_subject_116,neutral,neutral,neutral,0.9266432372041206,False,basic,phase4-logreg-v1,0.9266432372041206,,,1,image,basic_expression_support,False,1,1,1.0,0.0,260.0,360.0,90.24202991452992,49.636939676966705,49.636940002441406,38.65076889792899,0.0156196581196581,83.58217170917155,0.0171867574845556,0.1016927361488342,0.2553857120228101,0.4892735042735043,0.0,0.5,0.5611111111111111,,,,,,ok,phase3-opencv-v1,Aggregated from Phase 3 frame features.,neutral,0.9266432372041206,0.07335676279587945
FEI Face Database/frontalimages_manuallyaligned_part2/116b.jpg,fei_face_database,116,fei_subject_116,generic_smile,smile,smile,0.9140247104063884,False,basic,phase4-logreg-v1,0.9140247104063884,,,1,image,basic_expression_support,False,1,1,1.0,1.0,260.0,360.0,94.29542735042736,51.75788998473636,51.75789260864258,58.98286309993424,0.0187606837606837,81.75282874617737,0.0258027522935779,0.1049919053912162,0.2646024464831804,0.5077350427350428,0.0,0.4961538461538461,0.55,0.0577777777777777,0.0,0.4770642201834862,0.0,,ok,phase3-opencv-v1,Aggregated from Phase 3 frame features.,smile,0.08597528959361156,0.9140247104063884
FEI Face Database/frontalimages_manuallyaligned_part2/117a.jpg,fei_face_database,117,fei_subject_117,neutral,neutral,neutral,0.8704067622876303,False,basic,phase4-logreg-v1,0.8704067622876303,,,5,image,basic_expression_support,False,1,1,1.0,1.0,260.0,360.0,87.0430235042735,67.27578952522994,67.27578735351562,64.3797234051976,0.0185042735042735,91.62154170211042,0.014177502329161,0.0659359768033027,0.2517114270668773,0.4756517094017094,0.0,0.5134615384615384,0.5430555555555555,0.0577777777777777,0.0,0.4928909952606635,0.0,,ok,phase3-opencv-v1,Aggregated from Phase 3 frame features.,neutral,0.8704067622876303,0.12959323771236975
FEI Face Database/frontalimages_manuallyaligned_part2/117b.jpg,fei_face_database,117,fei_subject_117,generic_smile,smile,smile,0.9699649065425228,False,basic,phase4-logreg-v1,0.9699649065425228,,,5,image,basic_expression_support,False,1,1,1.0,1.0,260.0,360.0,88.49933760683761,67.55493111172531,67.554931640625,64.88516676893855,0.0229166666666666,91.2417724152278,0.0312460994383191,0.09546560049057,0.253505304763886,0.4666773504273504,0.0,0.5057692307692307,0.5430555555555555,0.1664102564102564,0.0,0.84688995215311,0.0,,ok,phase3-opencv-v1,Aggregated from Phase 3 frame features.,smile,0.030035093457477235,0.9699649065425228
FEI Face Database/frontalimages_manuallyaligned_part2/118a.jpg,fei_face_database,118,fei_subject_118,neutral,neutral,neutral,0.8936529603031859,False,basic,phase4-logreg-v1,0.8936529603031859,,,4,image,basic_expression_support,False,1,1,1.0,0.0,260.0,360.0,80.95236111111112,44.53327918417012,44.53327560424805,57.79547934461522,0.0184401709401709,92.97372258146316,0.0112843920375301,0.1047544106841087,0.2562444528971725,0.610267094017094,0.0,0.4942307692307692,0.5541666666666667,,,,,,ok,phase3-opencv-v1,Aggregated from Phase 3 frame features.,neutral,0.8936529603031859,0.10634703969681415
FEI Face Database/frontalimages_manuallyaligned_part2/118b.jpg,fei_face_database,118,fei_subject_118,generic_smile,smile,smile,0.9818890062676127,False,basic,phase4-logreg-v1,0.9818890062676127,,,4,image,basic_expression_support,False,1,1,1.0,1.0,260.0,360.0,82.42428418803419,45.98157674106501,45.9815788269043,62.94666435824386,0.0243055555555555,88.9391403575504,0.0212057816660327,0.1054509505629539,0.2593508304805376,0.610267094017094,0.0,0.4980769230769231,0.5513888888888889,0.1664102564102564,0.0,0.7405857740585774,0.0,,ok,phase3-opencv-v1,Aggregated from Phase 3 frame features.,smile,0.018110993732387337,0.9818890062676127
FEI Face Database/frontalimages_manuallyaligned_part2/119a.jpg,fei_face_database,119,fei_subject_119,neutral,neutral,neutral,0.9850283567312746,False,basic,phase4-logreg-v1,0.9850283567312746,,,5,image,basic_expression_support,False,1,1,1.0,0.0,260.0,360.0,71.19087606837607,53.53799651275742,53.53799819946289,87.14958665614272,0.0300961538461538,76.10268181818182,0.0275454545454545,0.1113928705453872,0.254,0.4273504273504273,0.0,0.5269230769230769,0.5472222222222223,,,,,,ok,phase3-opencv-v1,Aggregated from Phase 3 frame features.,neutral,0.9850283567312746,0.014971643268725354
FEI Face Database/frontalimages_manuallyaligned_part2/119b.jpg,fei_face_database,119,fei_subject_119,generic_smile,smile,smile,0.5768477068828485,True,basic,phase4-logreg-v1,0.5768477068828485,,,5,image,basic_expression_support,False,1,1,1.0,1.0,260.0,360.0,71.26154914529914,53.23815224878776,53.2381477355957,71.13742192351066,0.0319337606837606,72.22277445460944,0.0361541168191414,0.1059738770127296,0.2511435608726249,0.440267094017094,0.0,0.525,0.5541666666666667,0.0577777777777777,0.0,0.5123152709359606,0.0,,ok,phase3-opencv-v1,Aggregated from Phase 3 frame features.,smile,0.4231522931171515,0.5768477068828485
FEI Face Database/frontalimages_manuallyaligned_part2/120a.jpg,fei_face_database,120,fei_subject_120,neutral,neutral,neutral,0.9807015577809652,False,basic,phase4-logreg-v1,0.9807015577809652,,,1,image,basic_expression_support,False,1,1,1.0,0.0,260.0,360.0,98.77300213675214,56.98565927490637,56.98566055297851,141.79345747851832,0.0354914529914529,99.9492703533026,0.0238095238095238,0.1208614706993103,0.2649385560675883,0.5030876068376068,0.0,0.5019230769230769,0.5458333333333333,,,,,,ok,phase3-opencv-v1,Aggregated from Phase 3 frame features.,neutral,0.9807015577809652,0.019298442219034775
FEI Face Database/frontalimages_manuallyaligned_part2/120b.jpg,fei_face_database,120,fei_subject_120,generic_smile,smile,smile,0.7047195746376159,False,basic,phase4-logreg-v1,0.7047195746376159,,,1,image,basic_expression_support,False,1,1,1.0,1.0,260.0,360.0,102.46219017094018,60.67828838660446,60.67828369140625,87.22350061625666,0.0329594017094017,96.18081761006287,0.035397516529592,0.1253709942102432,0.2570956297371392,0.4801709401709402,0.0,0.5038461538461538,0.5611111111111111,0.0577777777777777,0.0,0.490566037735849,0.0,,ok,phase3-opencv-v1,Aggregated from Phase 3 frame features.,smile,0.2952804253623841,0.7047195746376159
FEI Face Database/frontalimages_manuallyaligned_part2/121a.jpg,fei_face_database,121,fei_subject_121,neutral,neutral,neutral,0.5495159403040983,True,basic,phase4-logreg-v1,0.5495159403040983,,,3,image,basic_expression_support,False,1,1,1.0,1.0,260.0,360.0,106.7197435897436,53.34139285196109,53.34139251708984,65.56587799407828,0.0272542735042735,97.05001193602293,0.0326251293069149,0.0904666557908058,0.2528049653855335,0.4847115384615384,0.0,0.5173076923076924,0.5458333333333333,0.0577777777777777,0.0,0.488262910798122,0.0,,ok,phase3-opencv-v1,Aggregated from Phase 3 frame features.,neutral,0.5495159403040983,0.4504840596959017
FEI Face Database/frontalimages_manuallyaligned_part2/121b.jpg,fei_face_database,121,fei_subject_121,generic_smile,smile,smile,0.6907497074950247,False,basic,phase4-logreg-v1,0.6907497074950247,,,3,image,basic_expression_support,False,1,1,1.0,1.0,260.0,360.0,107.3751282051282,53.76259865252472,53.76259994506836,59.08739146349258,0.0278311965811965,95.58659370725034,0.0367793629079538,0.0999789014458656,0.2525698651553644,0.4938568376068376,0.0,0.5134615384615384,0.5430555555555555,0.0577777777777777,0.0,0.4837209302325581,0.0,,ok,phase3-opencv-v1,Aggregated from Phase 3 frame features.,smile,0.30925029250497527,0.6907497074950247
FEI Face Database/frontalimages_manuallyaligned_part2/122a.jpg,fei_face_database,122,fei_subject_122,neutral,neutral,smile,0.5811273191128962,True,basic,phase4-logreg-v1,0.5811273191128962,,,4,image,basic_expression_support,False,1,1,1.0,1.0,260.0,360.0,74.69184829059829,50.45979157733677,50.45979309082031,70.88121488866517,0.0272970085470085,78.91478254608295,0.0300259216589861,0.0910767912864685,0.2567684331797235,0.5360683760683761,0.0,0.5192307692307693,0.55,0.0577777777777777,0.0,0.4642857142857143,0.0,,ok,phase3-opencv-v1,Aggregated from Phase 3 frame features.,neutral,0.41887268088710383,0.5811273191128962
FEI Face Database/frontalimages_manuallyaligned_part2/122b.jpg,fei_face_database,122,fei_subject_122,generic_smile,smile,smile,0.9860499624411128,False,basic,phase4-logreg-v1,0.9860499624411128,,,4,image,basic_expression_support,False,1,1,1.0,1.0,260.0,360.0,76.15535256410256,50.94372565838599,50.9437255859375,57.048247386587775,0.0291132478632478,77.84441065202878,0.0340479192938209,0.0916483998298645,0.25105704324605,0.5218055555555555,0.0,0.5096153846153846,0.5458333333333333,0.1664102564102564,0.0,0.8009049773755657,0.0,,ok,phase3-opencv-v1,Aggregated from Phase 3 frame features.,smile,0.01395003755888724,0.9860499624411128
FEI Face Database/frontalimages_manuallyaligned_part2/123a.jpg,fei_face_database,123,fei_subject_123,neutral,neutral,smile,0.8132408441088185,False,basic,phase4-logreg-v1,0.8132408441088185,,,3,image,basic_expression_support,False,1,1,1.0,1.0,260.0,360.0,83.78805555555556,57.3834626783203,57.38346481323242,66.40880684023212,0.0244337606837606,91.28801652892562,0.0304282494365139,0.0979086905717849,0.2611194590533433,0.5170940170940171,0.0,0.5076923076923077,0.5472222222222223,0.0577777777777777,0.0,0.4727272727272727,0.0,,ok,phase3-opencv-v1,Aggregated from Phase 3 frame features.,neutral,0.18675915589118153,0.8132408441088185
FEI Face Database/frontalimages_manuallyaligned_part2/123b.jpg,fei_face_database,123,fei_subject_123,generic_smile,smile,smile,0.9064453651061338,False,basic,phase4-logreg-v1,0.9064453651061338,,,3,image,basic_expression_support,False,1,1,1.0,1.0,260.0,360.0,80.56251068376068,55.729366869996426,55.72936248779297,77.0631397066075,0.0264316239316239,84.74935483870968,0.0334767025089605,0.1028971299529075,0.2539784946236559,0.5408653846153846,0.0,0.5019230769230769,0.5458333333333333,0.0577777777777777,0.0,0.4622222222222222,0.0,,ok,phase3-opencv-v1,Aggregated from Phase 3 frame features.,smile,0.09355463489386617,0.9064453651061338
FEI Face Database/frontalimages_manuallyaligned_part2/124a.jpg,fei_face_database,124,fei_subject_124,neutral,neutral,neutral,0.9271833883931794,False,basic,phase4-logreg-v1,0.9271833883931794,,,2,image,basic_expression_support,False,1,1,1.0,0.0,260.0,360.0,98.42805555555556,51.08313961628379,51.08313751220703,123.16178551939512,0.0372542735042735,97.22295180950223,0.0252462357070078,0.0946513712406158,0.2624627344428091,0.5124038461538462,0.0,0.5019230769230769,0.5486111111111112,,,,,,ok,phase3-opencv-v1,Aggregated from Phase 3 frame features.,neutral,0.9271833883931794,0.0728166116068206
FEI Face Database/frontalimages_manuallyaligned_part2/124b.jpg,fei_face_database,124,fei_subject_124,generic_smile,smile,smile,0.8163199836541722,False,basic,phase4-logreg-v1,0.8163199836541722,,,2,image,basic_expression_support,False,1,1,1.0,1.0,260.0,360.0,95.28708333333331,50.01770784549195,50.01770782470703,85.58380991021531,0.033525641025641,89.70280890133832,0.0304232804232804,0.0916115939617157,0.2566915655150949,0.4984615384615384,0.0,0.5,0.55,0.0577777777777777,0.0,0.4814814814814814,0.0,,ok,phase3-opencv-v1,Aggregated from Phase 3 frame features.,smile,0.18368001634582776,0.8163199836541722
FEI Face Database/frontalimages_manuallyaligned_part2/125a.jpg,fei_face_database,125,fei_subject_125,neutral,neutral,smile,0.6195502091910143,False,basic,phase4-logreg-v1,0.6195502091910143,,,1,image,basic_expression_support,False,1,1,1.0,1.0,260.0,360.0,79.30768162393163,53.02967965110328,53.02968215942383,58.95941842800332,0.0291559829059829,87.92937788018433,0.0293394777265745,0.080493226647377,0.2554915514592934,0.5030876068376068,0.0,0.5134615384615384,0.5569444444444445,0.0577777777777777,0.0,0.4792626728110599,0.0,,ok,phase3-opencv-v1,Aggregated from Phase 3 frame features.,neutral,0.38044979080898567,0.6195502091910143
FEI Face Database/frontalimages_manuallyaligned_part2/125b.jpg,fei_face_database,125,fei_subject_125,generic_smile,smile,smile,0.81378881048625,False,basic,phase4-logreg-v1,0.81378881048625,,,1,image,basic_expression_support,False,1,1,1.0,1.0,260.0,360.0,79.95415598290599,53.303398678876555,53.30339813232422,59.16076852297008,0.0309935897435897,81.77688172043011,0.0352534562211981,0.0784870535135269,0.2594470046082949,0.5030876068376068,0.0,0.5134615384615384,0.5597222222222222,0.0577777777777777,0.0,0.4792626728110599,0.0,,ok,phase3-opencv-v1,Aggregated from Phase 3 frame features.,smile,0.18621118951375004,0.81378881048625
FEI Face Database/frontalimages_manuallyaligned_part2/126a.jpg,fei_face_database,126,fei_subject_126,neutral,neutral,neutral,0.5516729173716746,True,basic,phase4-logreg-v1,0.5516729173716746,,,5,image,basic_expression_support,False,1,1,1.0,1.0,260.0,360.0,95.04161324786324,48.88204262290166,48.882041931152344,45.04633745890861,0.0197970085470085,106.76295518207284,0.0163787737317149,0.1181361824274063,0.25322906940554,0.4984615384615384,0.0,0.5076923076923077,0.5472222222222223,0.0577777777777777,0.0,0.4814814814814814,0.0,,ok,phase3-opencv-v1,Aggregated from Phase 3 frame features.,neutral,0.5516729173716746,0.4483270826283254
FEI Face Database/frontalimages_manuallyaligned_part2/126b.jpg,fei_face_database,126,fei_subject_126,generic_smile,smile,smile,0.8535160937883052,False,basic,phase4-logreg-v1,0.8535160937883052,,,5,image,basic_expression_support,False,1,1,1.0,1.0,260.0,360.0,95.04259615384616,50.22921724084008,50.229217529296875,50.28246010665498,0.025844017094017,103.01618425147836,0.0266495487083722,0.1163978427648544,0.2642001244942421,0.4984615384615384,0.0,0.5,0.5527777777777778,0.0577777777777777,0.0,0.4814814814814814,0.0,,ok,phase3-opencv-v1,Aggregated from Phase 3 frame features.,smile,0.14648390621169483,0.8535160937883052
FEI Face Database/frontalimages_manuallyaligned_part2/127a.jpg,fei_face_database,127,fei_subject_127,neutral,neutral,neutral,0.9481462715715945,False,basic,phase4-logreg-v1,0.9481462715715945,,,4,image,basic_expression_support,False,1,1,1.0,0.0,260.0,360.0,95.37832264957264,49.71406921112348,49.71406936645508,55.697843487015106,0.0268055555555555,95.85390683696468,0.0272351615326821,0.0919258743524551,0.2548084147257701,0.5170940170940171,0.0,0.5153846153846153,0.5444444444444444,,,,,,ok,phase3-opencv-v1,Aggregated from Phase 3 frame features.,neutral,0.9481462715715945,0.05185372842840554
FEI Face Database/frontalimages_manuallyaligned_part2/127b.jpg,fei_face_database,127,fei_subject_127,generic_smile,smile,smile,0.7952639557570685,False,basic,phase4-logreg-v1,0.7952639557570685,,,4,image,basic_expression_support,False,1,1,1.0,1.0,260.0,360.0,97.09699786324786,50.50285029998874,50.50284576416016,58.5606959219081,0.027809829059829,94.78673929376409,0.0321187077385424,0.0890903174877166,0.2628099173553719,0.5170940170940171,0.0,0.5115384615384615,0.5472222222222223,0.0577777777777777,0.0,0.4727272727272727,0.0,,ok,phase3-opencv-v1,Aggregated from Phase 3 frame features.,smile,0.20473604424293146,0.7952639557570685
FEI Face Database/frontalimages_manuallyaligned_part2/128a.jpg,fei_face_database,128,fei_subject_128,neutral,neutral,smile,0.6474377084869287,False,basic,phase4-logreg-v1,0.6474377084869287,,,3,image,basic_expression_support,False,1,1,1.0,1.0,260.0,360.0,91.27041666666666,67.87460334081182,67.87460327148438,95.10755032827451,0.0336217948717948,87.42456186014229,0.0335328821794204,0.0851445794105529,0.2541211174735381,0.4446153846153846,0.0,0.5076923076923077,0.5555555555555556,0.0577777777777777,0.0,0.5098039215686274,0.0,,ok,phase3-opencv-v1,Aggregated from Phase 3 frame features.,neutral,0.3525622915130713,0.6474377084869287
FEI Face Database/frontalimages_manuallyaligned_part2/128b.jpg,fei_face_database,128,fei_subject_128,generic_smile,smile,smile,0.9200060235225405,False,basic,phase4-logreg-v1,0.9200060235225405,,,3,image,basic_expression_support,False,1,1,1.0,1.0,260.0,360.0,98.97289529914528,70.9114723033169,70.9114761352539,95.53867330703484,0.0428311965811965,87.98859618104667,0.0501679632248939,0.0890936627984047,0.2513260254596888,0.4359401709401709,0.0,0.5038461538461538,0.5527777777777778,0.0577777777777777,0.0,0.5148514851485149,0.0,,ok,phase3-opencv-v1,Aggregated from Phase 3 frame features.,smile,0.07999397647745954,0.9200060235225405
FEI Face Database/frontalimages_manuallyaligned_part2/129a.jpg,fei_face_database,129,fei_subject_129,neutral,neutral,smile,0.5541961033721348,True,basic,phase4-logreg-v1,0.5541961033721348,,,2,image,basic_expression_support,False,1,1,1.0,1.0,260.0,360.0,97.47417735042735,48.24312687270309,48.243125915527344,53.88052758590382,0.027767094017094,90.12105911330048,0.0267651888341543,0.0802797898650169,0.2524220032840722,0.4711538461538461,0.0,0.5115384615384615,0.5666666666666667,0.0577777777777777,0.0,0.4952380952380952,0.0,,ok,phase3-opencv-v1,Aggregated from Phase 3 frame features.,neutral,0.44580389662786524,0.5541961033721348
FEI Face Database/frontalimages_manuallyaligned_part2/129b.jpg,fei_face_database,129,fei_subject_129,generic_smile,smile,smile,0.9980778509234506,False,basic,phase4-logreg-v1,0.9980778509234506,,,2,image,basic_expression_support,False,1,1,1.0,1.0,260.0,360.0,96.40787393162393,49.03097960989026,49.030982971191406,47.44869037080411,0.0279166666666666,86.60065681444992,0.0323891625615763,0.0937950387597084,0.257799671592775,0.4711538461538461,0.0,0.4923076923076923,0.5583333333333333,0.1664102564102564,0.0,0.8428571428571429,0.0,,ok,phase3-opencv-v1,Aggregated from Phase 3 frame features.,smile,0.0019221490765494176,0.9980778509234506
FEI Face Database/frontalimages_manuallyaligned_part2/130a.jpg,fei_face_database,130,fei_subject_130,neutral,neutral,neutral,0.8890237709697755,False,basic,phase4-logreg-v1,0.8890237709697755,,,5,image,basic_expression_support,False,1,1,1.0,0.0,260.0,360.0,106.46181623931624,47.28800302438883,47.28800201416016,57.19632405581124,0.0269123931623931,98.7497623950578,0.037858387454459,0.1003863736987114,0.2590685886266434,0.4892735042735043,0.0,0.5192307692307693,0.5416666666666666,,,,,,ok,phase3-opencv-v1,Aggregated from Phase 3 frame features.,neutral,0.8890237709697755,0.11097622903022458
FEI Face Database/frontalimages_manuallyaligned_part2/130b.jpg,fei_face_database,130,fei_subject_130,generic_smile,smile,smile,0.9663828607982895,False,basic,phase4-logreg-v1,0.9663828607982895,,,5,image,basic_expression_support,False,1,1,1.0,1.0,260.0,360.0,106.4365064102564,47.34239244493475,47.34239196777344,36.14664391801812,0.0299465811965811,94.48285191374234,0.0434073366754197,0.1111608520150184,0.2608418874830906,0.4847115384615384,0.0,0.5019230769230769,0.5319444444444444,0.0577777777777777,0.0,0.488262910798122,0.0,,ok,phase3-opencv-v1,Aggregated from Phase 3 frame features.,smile,0.0336171392017105,0.9663828607982895
FEI Face Database/frontalimages_manuallyaligned_part2/131a.jpg,fei_face_database,131,fei_subject_131,neutral,neutral,neutral,0.9648097944082235,False,basic,phase4-logreg-v1,0.9648097944082235,,,4,image,basic_expression_support,False,1,1,1.0,0.0,260.0,360.0,102.18142094017094,46.80641441575674,46.80641174316406,80.1058245119256,0.032318376068376,93.77353858955688,0.0255460786353234,0.0943861901760101,0.2566673600998543,0.4666773504273504,0.0,0.5134615384615384,0.5513888888888889,,,,,,ok,phase3-opencv-v1,Aggregated from Phase 3 frame features.,neutral,0.9648097944082235,0.035190205591776505
FEI Face Database/frontalimages_manuallyaligned_part2/131b.jpg,fei_face_database,131,fei_subject_131,generic_smile,smile,smile,0.7482542303840096,False,basic,phase4-logreg-v1,0.7482542303840096,,,4,image,basic_expression_support,False,1,1,1.0,1.0,260.0,360.0,102.1619017094017,48.45733304096843,48.45733642578125,68.80205685404339,0.0351282051282051,91.10909530720852,0.0305999032414126,0.0993761271238327,0.2635865183034994,0.4801709401709402,0.0,0.5076923076923077,0.5555555555555556,0.0577777777777777,0.0,0.490566037735849,0.0,,ok,phase3-opencv-v1,Aggregated from Phase 3 frame features.,smile,0.2517457696159904,0.7482542303840096
FEI Face Database/frontalimages_manuallyaligned_part2/132a.jpg,fei_face_database,132,fei_subject_132,neutral,neutral,smile,0.8446262022744898,False,basic,phase4-logreg-v1,0.8446262022744898,,,3,image,basic_expression_support,False,1,1,1.0,1.0,260.0,360.0,104.49347222222222,52.60805424949712,52.608055114746094,96.49118541518284,0.0337820512820512,93.64571403782752,0.0405604719764011,0.0968936383724212,0.2597171612007635,0.4446153846153846,0.0,0.5115384615384615,0.5388888888888889,0.0577777777777777,0.0,0.5098039215686274,0.0,,ok,phase3-opencv-v1,Aggregated from Phase 3 frame features.,neutral,0.1553737977255102,0.8446262022744898
FEI Face Database/frontalimages_manuallyaligned_part2/132b.jpg,fei_face_database,132,fei_subject_132,generic_smile,smile,smile,0.8239333455609371,False,basic,phase4-logreg-v1,0.8239333455609371,,,3,image,basic_expression_support,False,1,1,1.0,1.0,260.0,360.0,105.02350427350429,54.39428921941971,54.394290924072266,112.37538242829552,0.0431196581196581,96.11271063033077,0.0451425005200748,0.1014961600303649,0.2562096941959642,0.4666773504273504,0.0,0.5096153846153846,0.5402777777777777,0.0577777777777777,0.0,0.4976076555023923,0.0,,ok,phase3-opencv-v1,Aggregated from Phase 3 frame features.,smile,0.1760666544390629,0.8239333455609371
FEI Face Database/frontalimages_manuallyaligned_part2/133a.jpg,fei_face_database,133,fei_subject_133,neutral,neutral,smile,0.7505935552556007,False,basic,phase4-logreg-v1,0.7505935552556007,,,2,image,basic_expression_support,False,1,1,1.0,1.0,260.0,360.0,114.0872329059829,50.22686999485378,50.22687149047851,42.13656693684254,0.0238888888888888,92.48356946814036,0.0319709220384244,0.1021729335188865,0.2635561160151324,0.5218055555555555,0.0,0.5134615384615384,0.5458333333333333,0.0577777777777777,0.0,0.4705882352941176,0.0,,ok,phase3-opencv-v1,Aggregated from Phase 3 frame features.,neutral,0.24940644474439932,0.7505935552556007
FEI Face Database/frontalimages_manuallyaligned_part2/133b.jpg,fei_face_database,133,fei_subject_133,generic_smile,smile,smile,0.746611543394749,False,basic,phase4-logreg-v1,0.746611543394749,,,2,image,basic_expression_support,False,1,1,1.0,1.0,260.0,360.0,116.1438888888889,50.952603888282304,50.952606201171875,49.33167618605723,0.0260790598290598,92.59439324116744,0.0331797235023041,0.1079366356134414,0.2534178187403993,0.5030876068376068,0.0,0.5057692307692307,0.5458333333333333,0.0577777777777777,0.0,0.4792626728110599,0.0,,ok,phase3-opencv-v1,Aggregated from Phase 3 frame features.,smile,0.253388456605251,0.746611543394749
FEI Face Database/frontalimages_manuallyaligned_part2/134a.jpg,fei_face_database,134,fei_subject_134,neutral,neutral,neutral,0.6071746219070059,False,basic,phase4-logreg-v1,0.6071746219070059,,,1,image,basic_expression_support,False,1,1,1.0,1.0,260.0,360.0,88.0007264957265,60.30577391090816,60.3057746887207,69.14419541922346,0.0336004273504273,77.90093100978754,0.0279302936261637,0.0711337700486183,0.2502586138298719,0.4847115384615384,0.0,0.5134615384615384,0.5513888888888889,0.0577777777777777,0.0,0.488262910798122,0.0,,ok,phase3-opencv-v1,Aggregated from Phase 3 frame features.,neutral,0.6071746219070059,0.3928253780929941
FEI Face Database/frontalimages_manuallyaligned_part2/134b.jpg,fei_face_database,134,fei_subject_134,generic_smile,smile,smile,0.6205036543662759,False,basic,phase4-logreg-v1,0.6205036543662759,,,1,image,basic_expression_support,False,1,1,1.0,1.0,260.0,360.0,88.97145299145299,60.51467891805659,60.514678955078125,55.44030570850682,0.0286324786324786,79.41419690001703,0.0283597342871742,0.0892966762185096,0.2502980752853006,0.4533760683760683,0.0,0.5076923076923077,0.5444444444444444,0.0577777777777777,0.0,0.5048543689320388,0.0,,ok,phase3-opencv-v1,Aggregated from Phase 3 frame features.,smile,0.37949634563372414,0.6205036543662759
FEI Face Database/frontalimages_manuallyaligned_part2/135a.jpg,fei_face_database,135,fei_subject_135,neutral,neutral,neutral,0.8061894303068167,False,basic,phase4-logreg-v1,0.8061894303068167,,,5,image,basic_expression_support,False,1,1,1.0,1.0,260.0,360.0,97.2665811965812,57.859673144133566,57.85966873168945,47.796142290228474,0.0266132478632478,82.7425426289661,0.0212821066263759,0.0882380157709121,0.2511115907619253,0.4489850427350427,0.0,0.5173076923076924,0.5458333333333333,0.0577777777777777,0.0,0.5073170731707317,0.0,,ok,phase3-opencv-v1,Aggregated from Phase 3 frame features.,neutral,0.8061894303068167,0.19381056969318333
FEI Face Database/frontalimages_manuallyaligned_part2/135b.jpg,fei_face_database,135,fei_subject_135,generic_smile,smile,smile,0.8690651537408578,False,basic,phase4-logreg-v1,0.8690651537408578,,,5,image,basic_expression_support,False,1,1,1.0,1.0,260.0,360.0,95.1511217948718,58.60162563946268,58.60162353515625,53.24617599429743,0.0293910256410256,80.62549887211522,0.0397362484816935,0.08408984541893,0.2508242234947076,0.4446153846153846,0.0,0.5076923076923077,0.5472222222222223,0.0577777777777777,0.0,0.5098039215686274,0.0,,ok,phase3-opencv-v1,Aggregated from Phase 3 frame features.,smile,0.1309348462591422,0.8690651537408578
FEI Face Database/frontalimages_manuallyaligned_part2/136a.jpg,fei_face_database,136,fei_subject_136,neutral,neutral,smile,0.9569797384874431,False,basic,phase4-logreg-v1,0.9569797384874431,,,4,image,basic_expression_support,False,1,1,1.0,1.0,260.0,360.0,101.25709401709402,45.18142692040403,45.181427001953125,69.07617812191815,0.0293696581196581,88.71970043686291,0.0428125650093613,0.0989268124103546,0.2612024131474932,0.4666773504273504,0.0,0.5096153846153846,0.5430555555555555,0.0577777777777777,0.0,0.4976076555023923,0.0,,ok,phase3-opencv-v1,Aggregated from Phase 3 frame features.,neutral,0.04302026151255689,0.9569797384874431
FEI Face Database/frontalimages_manuallyaligned_part2/136b.jpg,fei_face_database,136,fei_subject_136,generic_smile,smile,smile,0.9724569098043813,False,basic,phase4-logreg-v1,0.9724569098043813,,,4,image,basic_expression_support,False,1,1,1.0,1.0,260.0,360.0,99.31461538461538,46.33750456299492,46.33750534057617,71.53208898339908,0.0297115384615384,84.57454013377927,0.0521739130434782,0.1174762248992919,0.2523829431438127,0.4622222222222222,0.0,0.5115384615384615,0.5472222222222223,0.0577777777777777,0.0,0.5,0.0,,ok,phase3-opencv-v1,Aggregated from Phase 3 frame features.,smile,0.027543090195618736,0.9724569098043813
FEI Face Database/frontalimages_manuallyaligned_part2/137a.jpg,fei_face_database,137,fei_subject_137,neutral,neutral,smile,0.8254488313993954,False,basic,phase4-logreg-v1,0.8254488313993954,,,3,image,basic_expression_support,False,1,1,1.0,1.0,260.0,360.0,95.5297435897436,54.534297918895994,54.534297943115234,79.17446394185113,0.0317307692307692,77.44722727272728,0.0437272727272727,0.089973971247673,0.2560454545454545,0.4273504273504273,0.0,0.5192307692307693,0.5444444444444444,0.0577777777777777,0.0,0.52,0.0,,ok,phase3-opencv-v1,Aggregated from Phase 3 frame features.,neutral,0.1745511686006046,0.8254488313993954
FEI Face Database/frontalimages_manuallyaligned_part2/137b.jpg,fei_face_database,137,fei_subject_137,generic_smile,smile,smile,0.9595845336458632,False,basic,phase4-logreg-v1,0.9595845336458632,,,3,image,basic_expression_support,False,1,1,1.0,1.0,260.0,360.0,96.37148504273505,55.56011356133547,55.560115814208984,79.82046986448972,0.0318696581196581,75.81852001254987,0.0493478553180045,0.102875106036663,0.2611716193805746,0.4316346153846154,0.0,0.5134615384615384,0.5402777777777777,0.0577777777777777,0.0,0.5174129353233831,0.0,,ok,phase3-opencv-v1,Aggregated from Phase 3 frame features.,smile,0.04041546635413684,0.9595845336458632
FEI Face Database/frontalimages_manuallyaligned_part2/138a.jpg,fei_face_database,138,fei_subject_138,neutral,neutral,neutral,0.9769448724225176,False,basic,phase4-logreg-v1,0.9769448724225176,,,2,image,basic_expression_support,False,1,1,1.0,0.0,260.0,360.0,79.35817307692308,50.67418057977438,50.67417907714844,40.66318979552469,0.0224038461538461,88.70782268578878,0.0145697522816166,0.0950870439410209,0.2548239895697523,0.5950427350427351,0.0,0.5115384615384615,0.5361111111111111,,,,,,ok,phase3-opencv-v1,Aggregated from Phase 3 frame features.,neutral,0.9769448724225176,0.023055127577482456
FEI Face Database/frontalimages_manuallyaligned_part2/138b.jpg,fei_face_database,138,fei_subject_138,generic_smile,smile,smile,0.5879055571054803,True,basic,phase4-logreg-v1,0.5879055571054803,,,2,image,basic_expression_support,False,1,1,1.0,1.0,260.0,360.0,78.6463782051282,50.910904503384025,50.91090774536133,37.9996901680866,0.025576923076923,85.4926948051948,0.0289840367965367,0.0794280171394348,0.2516910173160173,0.5700961538461539,0.0,0.5134615384615384,0.5402777777777777,0.0577777777777777,0.0,0.4502164502164502,0.0,,ok,phase3-opencv-v1,Aggregated from Phase 3 frame features.,smile,0.4120944428945197,0.5879055571054803
FEI Face Database/frontalimages_manuallyaligned_part2/139a.jpg,fei_face_database,139,fei_subject_139,neutral,neutral,neutral,0.9145703421765214,False,basic,phase4-logreg-v1,0.9145703421765214,,,1,image,basic_expression_support,False,1,1,1.0,1.0,260.0,360.0,72.17352564102563,64.68796814080065,64.6879653930664,46.17202704315508,0.0206623931623931,69.97058456417724,0.008695652173913,0.0696117803454399,0.257041814021219,0.4666773504273504,0.0,0.525,0.5597222222222222,0.0577777777777777,0.0,0.4976076555023923,0.0,,ok,phase3-opencv-v1,Aggregated from Phase 3 frame features.,neutral,0.9145703421765214,0.08542965782347857
FEI Face Database/frontalimages_manuallyaligned_part2/139b.jpg,fei_face_database,139,fei_subject_139,generic_smile,smile,smile,0.5322156034354891,True,basic,phase4-logreg-v1,0.5322156034354891,,,1,image,basic_expression_support,False,1,1,1.0,1.0,260.0,360.0,85.03917735042735,69.40450776456235,69.40449523925781,53.89636996116863,0.0282051282051282,79.35488861386139,0.0334600424328147,0.0722338929772377,0.2519006364922206,0.4359401709401709,0.0,0.5153846153846153,0.5444444444444444,0.0577777777777777,0.0,0.5148514851485149,0.0,,ok,phase3-opencv-v1,Aggregated from Phase 3 frame features.,smile,0.4677843965645109,0.5322156034354891
FEI Face Database/frontalimages_manuallyaligned_part2/140a.jpg,fei_face_database,140,fei_subject_140,neutral,neutral,neutral,0.9943034677115855,False,basic,phase4-logreg-v1,0.9943034677115855,,,4,image,basic_expression_support,False,1,1,1.0,0.0,260.0,360.0,94.9201923076923,61.05500111085723,61.05500030517578,58.04129495899992,0.0301709401709401,84.51444991789819,0.0212643678160919,0.0794423520565033,0.2513546798029556,0.4711538461538461,0.0,0.5192307692307693,0.5555555555555556,,,,,,ok,phase3-opencv-v1,Aggregated from Phase 3 frame features.,neutral,0.9943034677115855,0.005696532288414501
FEI Face Database/frontalimages_manuallyaligned_part2/140b.jpg,fei_face_database,140,fei_subject_140,generic_smile,smile,neutral,0.8600720077933974,False,basic,phase4-logreg-v1,0.8600720077933974,,,4,image,basic_expression_support,False,1,1,1.0,1.0,260.0,360.0,80.41061965811966,55.77116518287331,55.77116394042969,57.61599485798361,0.0310790598290598,73.37288340590227,0.0168924367037574,0.07254458963871,0.2523383325270117,0.4801709401709402,0.0,0.5153846153846153,0.5777777777777777,0.0577777777777777,0.0,0.490566037735849,0.0,,ok,phase3-opencv-v1,Aggregated from Phase 3 frame features.,smile,0.8600720077933974,0.13992799220660262
FEI Face Database/frontalimages_manuallyaligned_part2/141a.jpg,fei_face_database,141,fei_subject_141,neutral,neutral,neutral,0.9841341737610775,False,basic,phase4-logreg-v1,0.9841341737610775,,,2,image,basic_expression_support,False,1,1,1.0,0.0,260.0,360.0,95.63141025641026,46.53114245883071,46.53113555908203,64.49110356387885,0.0286324786324786,86.29306234121556,0.0235294117647058,0.0834998786449432,0.2549931600547195,0.4938568376068376,0.0,0.5211538461538462,0.5513888888888889,,,,,,ok,phase3-opencv-v1,Aggregated from Phase 3 frame features.,neutral,0.9841341737610775,0.01586582623892255
FEI Face Database/frontalimages_manuallyaligned_part2/141b.jpg,fei_face_database,141,fei_subject_141,generic_smile,smile,smile,0.8704278127080151,False,basic,phase4-logreg-v1,0.8704278127080151,,,2,image,basic_expression_support,False,1,1,1.0,1.0,260.0,360.0,92.3765811965812,47.64536441989866,47.645362854003906,47.87928222477902,0.0252564102564102,83.53163046073048,0.0291238959178801,0.0982433184981346,0.258494469642715,0.4847115384615384,0.0,0.5057692307692307,0.5458333333333333,0.0577777777777777,0.0,0.488262910798122,0.0,,ok,phase3-opencv-v1,Aggregated from Phase 3 frame features.,smile,0.12957218729198494,0.8704278127080151
FEI Face Database/frontalimages_manuallyaligned_part2/142a.jpg,fei_face_database,142,fei_subject_142,neutral,neutral,neutral,0.9936147898245413,False,basic,phase4-logreg-v1,0.9936147898245413,,,2,image,basic_expression_support,False,1,1,1.0,0.0,260.0,360.0,86.83121794871795,52.600207538868,52.6002082824707,62.01379088033731,0.027275641025641,72.31145484949833,0.0197742474916387,0.0665276423096656,0.2505852842809364,0.4622222222222222,0.0,0.5230769230769231,0.5444444444444444,,,,,,ok,phase3-opencv-v1,Aggregated from Phase 3 frame features.,neutral,0.9936147898245413,0.006385210175458634
FEI Face Database/frontalimages_manuallyaligned_part2/142b.jpg,fei_face_database,142,fei_subject_142,generic_smile,smile,neutral,0.741004501213764,False,basic,phase4-logreg-v1,0.741004501213764,,,2,image,basic_expression_support,False,1,1,1.0,1.0,260.0,360.0,86.27154914529915,52.02942533610454,52.02942657470703,52.56926273730276,0.028258547008547,71.58984840742633,0.0216317492761028,0.0631592348217964,0.2537898143416794,0.4533760683760683,0.0,0.5192307692307693,0.5472222222222223,0.0577777777777777,0.0,0.5048543689320388,0.0,,ok,phase3-opencv-v1,Aggregated from Phase 3 frame features.,smile,0.741004501213764,0.258995498786236
FEI Face Database/frontalimages_manuallyaligned_part2/143a.jpg,fei_face_database,143,fei_subject_143,neutral,neutral,neutral,0.9695352241937112,False,basic,phase4-logreg-v1,0.9695352241937112,,,1,image,basic_expression_support,False,1,1,1.0,0.0,260.0,360.0,101.94111111111113,50.97118879969665,50.97118377685547,57.50875327589672,0.0298076923076923,99.8772717461688,0.026375998273257,0.1182064041495323,0.2565508309950356,0.4489850427350427,0.0,0.5096153846153846,0.5402777777777777,,,,,,ok,phase3-opencv-v1,Aggregated from Phase 3 frame features.,neutral,0.9695352241937112,0.030464775806288782
FEI Face Database/frontalimages_manuallyaligned_part2/143b.jpg,fei_face_database,143,fei_subject_143,generic_smile,smile,smile,0.6936813748422719,False,basic,phase4-logreg-v1,0.6936813748422719,,,1,image,basic_expression_support,False,1,1,1.0,1.0,260.0,360.0,99.98298076923076,50.06043376481922,50.06043243408203,63.240771787566665,0.034017094017094,94.21056869226206,0.0369099076192897,0.1063682958483696,0.2609966946351386,0.4577884615384615,0.0,0.5173076923076924,0.5402777777777777,0.0577777777777777,0.0,0.5024154589371981,0.0,,ok,phase3-opencv-v1,Aggregated from Phase 3 frame features.,smile,0.3063186251577281,0.6936813748422719
FEI Face Database/frontalimages_manuallyaligned_part2/144a.jpg,fei_face_database,144,fei_subject_144,neutral,neutral,neutral,0.5472716150619419,True,basic,phase4-logreg-v1,0.5472716150619419,,,5,image,basic_expression_support,False,1,1,1.0,1.0,260.0,360.0,90.50425213675214,60.69980395246801,60.69980239868164,52.86672193446837,0.0242414529914529,74.54548440065682,0.0236042692939244,0.0614765435457229,0.2539819376026273,0.4711538461538461,0.0,0.5115384615384615,0.5583333333333333,0.0577777777777777,0.0,0.4952380952380952,0.0,,ok,phase3-opencv-v1,Aggregated from Phase 3 frame features.,neutral,0.5472716150619419,0.4527283849380581
FEI Face Database/frontalimages_manuallyaligned_part2/144b.jpg,fei_face_database,144,fei_subject_144,generic_smile,smile,smile,0.7975301072199437,False,basic,phase4-logreg-v1,0.7975301072199437,,,5,image,basic_expression_support,False,1,1,1.0,1.0,260.0,360.0,91.4129594017094,61.19378310417584,61.19378662109375,57.63483733243845,0.0273611111111111,75.96154526166903,0.0294819660537482,0.0830046832561492,0.2506188118811881,0.4359401709401709,0.0,0.5,0.5527777777777778,0.0577777777777777,0.0,0.5148514851485149,0.0,,ok,phase3-opencv-v1,Aggregated from Phase 3 frame features.,smile,0.20246989278005634,0.7975301072199437
FEI Face Database/frontalimages_manuallyaligned_part2/145a.jpg,fei_face_database,145,fei_subject_145,neutral,neutral,neutral,0.6508711514999662,False,basic,phase4-logreg-v1,0.6508711514999662,,,4,image,basic_expression_support,False,1,1,1.0,1.0,260.0,360.0,68.83845085470085,52.79639554593555,52.7963981628418,50.847113927126706,0.021784188034188,82.03754279489574,0.0199968876439464,0.0710798054933548,0.25,0.4984615384615384,0.0,0.5192307692307693,0.5638888888888889,0.0577777777777777,0.0,0.4814814814814814,0.0,,ok,phase3-opencv-v1,Aggregated from Phase 3 frame features.,neutral,0.6508711514999662,0.3491288485000338
FEI Face Database/frontalimages_manuallyaligned_part2/145b.jpg,fei_face_database,145,fei_subject_145,generic_smile,smile,neutral,0.5696641746348885,True,basic,phase4-logreg-v1,0.5696641746348885,,,4,image,basic_expression_support,False,1,1,1.0,1.0,260.0,360.0,66.9579594017094,51.89852664631416,51.898529052734375,45.37219583230605,0.021517094017094,80.54805550127027,0.0223959351182333,0.0795210227370262,0.2503029118624194,0.4938568376068376,0.0,0.5211538461538462,0.5680555555555555,0.0577777777777777,0.0,0.4837209302325581,0.0,,ok,phase3-opencv-v1,Aggregated from Phase 3 frame features.,smile,0.5696641746348885,0.43033582536511145
FEI Face Database/frontalimages_manuallyaligned_part2/146a.jpg,fei_face_database,146,fei_subject_146,neutral,neutral,neutral,0.9979582150885286,False,basic,phase4-logreg-v1,0.9979582150885286,,,3,image,basic_expression_support,False,1,1,1.0,0.0,260.0,360.0,86.59106837606838,54.697761025948175,54.69776153564453,49.20388645582219,0.0197222222222222,90.31599627334224,0.0093166443877344,0.123748555779457,0.2523190343095556,0.4756517094017094,0.0,0.5211538461538462,0.5569444444444445,,,,,,ok,phase3-opencv-v1,Aggregated from Phase 3 frame features.,neutral,0.9979582150885286,0.002041784911471426
FEI Face Database/frontalimages_manuallyaligned_part2/146b.jpg,fei_face_database,146,fei_subject_146,generic_smile,smile,smile,0.8158331064062885,False,basic,phase4-logreg-v1,0.8158331064062885,,,3,image,basic_expression_support,False,1,1,1.0,1.0,260.0,360.0,83.35311965811965,54.040956362991096,54.040958404541016,44.12007404485352,0.0218376068376068,86.76821637890068,0.0219784571519087,0.0844267830252647,0.2566133375574212,0.4892735042735043,0.0,0.5038461538461538,0.5555555555555556,0.0577777777777777,0.0,0.4859813084112149,0.0,,ok,phase3-opencv-v1,Aggregated from Phase 3 frame features.,smile,0.18416689359371152,0.8158331064062885
FEI Face Database/frontalimages_manuallyaligned_part2/147a.jpg,fei_face_database,147,fei_subject_147,neutral,neutral,smile,0.7847324234413144,False,basic,phase4-logreg-v1,0.7847324234413144,,,2,image,basic_expression_support,False,1,1,1.0,1.0,260.0,360.0,85.84295940170941,55.49956558891412,55.499568939208984,56.92536976210369,0.0209722222222222,98.23388246475528,0.0206320291462062,0.1182365640997886,0.2653255187707904,0.4892735042735043,0.0,0.5076923076923077,0.5611111111111111,0.0577777777777777,0.0,0.4859813084112149,0.0,,ok,phase3-opencv-v1,Aggregated from Phase 3 frame features.,neutral,0.21526757655868556,0.7847324234413144
FEI Face Database/frontalimages_manuallyaligned_part2/147b.jpg,fei_face_database,147,fei_subject_147,generic_smile,smile,smile,0.9779197846809019,False,basic,phase4-logreg-v1,0.9779197846809019,,,2,image,basic_expression_support,False,1,1,1.0,1.0,260.0,360.0,81.81454059829059,53.93480430569929,53.9348030090332,50.2447222440235,0.0239743589743589,93.694716320522,0.0300787777512532,0.1213015019893646,0.2680830747195035,0.4847115384615384,0.0,0.4980769230769231,0.5625,0.0577777777777777,0.0,0.488262910798122,0.0,,ok,phase3-opencv-v1,Aggregated from Phase 3 frame features.,smile,0.022080215319098095,0.9779197846809019
FEI Face Database/frontalimages_manuallyaligned_part2/148a.jpg,fei_face_database,148,fei_subject_148,neutral,neutral,neutral,0.9838947034743132,False,basic,phase4-logreg-v1,0.9838947034743132,,,1,image,basic_expression_support,False,1,1,1.0,0.0,260.0,360.0,72.75712606837607,44.2478882767776,44.24788665771485,48.915197292990726,0.0224465811965811,97.95131362889984,0.0129310344827586,0.0600759834051132,0.2588259441707717,0.4711538461538461,0.0,0.5115384615384615,0.5444444444444444,,,,,,ok,phase3-opencv-v1,Aggregated from Phase 3 frame features.,neutral,0.9838947034743132,0.016105296525686822
FEI Face Database/frontalimages_manuallyaligned_part2/148b.jpg,fei_face_database,148,fei_subject_148,generic_smile,smile,neutral,0.9742791856614301,False,basic,phase4-logreg-v1,0.9742791856614301,,,1,image,basic_expression_support,False,1,1,1.0,0.0,260.0,360.0,72.76537393162393,44.47006392196241,44.470062255859375,55.65273791353915,0.0208119658119658,95.01211785205132,0.0124742594645968,0.063873179256916,0.255068905433233,0.4892735042735043,0.0,0.5038461538461538,0.55,,,,,,ok,phase3-opencv-v1,Aggregated from Phase 3 frame features.,smile,0.9742791856614301,0.025720814338569896
FEI Face Database/frontalimages_manuallyaligned_part2/149a.jpg,fei_face_database,149,fei_subject_149,neutral,neutral,neutral,0.9722832935761817,False,basic,phase4-logreg-v1,0.9722832935761817,,,5,image,basic_expression_support,False,1,1,1.0,0.0,260.0,360.0,75.58783119658119,49.41493272563667,49.41493225097656,25.89138392870188,0.0153418803418803,90.45064317180616,0.008669603524229,0.0571035891771316,0.2500088105726872,0.5505235042735043,0.0,0.5096153846153846,0.5680555555555555,,,,,,ok,phase3-opencv-v1,Aggregated from Phase 3 frame features.,neutral,0.9722832935761817,0.027716706423818262
FEI Face Database/frontalimages_manuallyaligned_part2/149b.jpg,fei_face_database,149,fei_subject_149,generic_smile,smile,neutral,0.9435196684853341,False,basic,phase4-logreg-v1,0.9435196684853341,,,5,image,basic_expression_support,False,1,1,1.0,0.0,260.0,360.0,77.233547008547,50.52301251312748,50.52301025390625,15.788330900266637,0.0166132478632478,91.49977064220184,0.0150993883792048,0.0625592172145843,0.2640672782874618,0.5077350427350428,0.0,0.5115384615384615,0.5583333333333333,,,,,,ok,phase3-opencv-v1,Aggregated from Phase 3 frame features.,smile,0.9435196684853341,0.05648033151466595
FEI Face Database/frontalimages_manuallyaligned_part2/150a.jpg,fei_face_database,150,fei_subject_150,neutral,neutral,neutral,0.5290738861289281,True,basic,phase4-logreg-v1,0.5290738861289281,,,3,image,basic_expression_support,False,1,1,1.0,1.0,260.0,360.0,63.08044871794872,49.92823377612891,49.92823028564453,56.12208193439987,0.0236858974358974,74.53576258452291,0.0193839218632607,0.0647462531924247,0.2514650638617581,0.5170940170940171,0.0,0.5153846153846153,0.5527777777777778,0.0577777777777777,0.0,0.4727272727272727,0.0,,ok,phase3-opencv-v1,Aggregated from Phase 3 frame features.,neutral,0.5290738861289281,0.4709261138710718
FEI Face Database/frontalimages_manuallyaligned_part2/150b.jpg,fei_face_database,150,fei_subject_150,generic_smile,smile,smile,0.9468184065479769,False,basic,phase4-logreg-v1,0.9468184065479769,,,3,image,basic_expression_support,False,1,1,1.0,1.0,260.0,360.0,64.63,50.22159997723594,50.22159957885742,79.6968732371795,0.0247542735042735,74.11158719695305,0.028931370394785,0.0654470846056938,0.2517395444224712,0.5265384615384615,0.0,0.5,0.5361111111111111,0.0577777777777777,0.0,0.4684684684684684,0.0,,ok,phase3-opencv-v1,Aggregated from Phase 3 frame features.,smile,0.05318159345202311,0.9468184065479769
FEI Face Database/frontalimages_manuallyaligned_part2/151a.jpg,fei_face_database,151,fei_subject_151,neutral,neutral,neutral,0.9821844431052394,False,basic,phase4-logreg-v1,0.9821844431052394,,,2,image,basic_expression_support,False,1,1,1.0,0.0,260.0,360.0,86.51127136752137,45.057684550571814,45.05768203735352,81.61261884542333,0.0459294871794871,96.40179765886288,0.0275083612040133,0.073789432644844,0.2517976588628762,0.4622222222222222,0.0,0.5153846153846153,0.5527777777777778,,,,,,ok,phase3-opencv-v1,Aggregated from Phase 3 frame features.,neutral,0.9821844431052394,0.01781555689476051
FEI Face Database/frontalimages_manuallyaligned_part2/151b.jpg,fei_face_database,151,fei_subject_151,generic_smile,smile,neutral,0.6269962571034327,False,basic,phase4-logreg-v1,0.6269962571034327,,,2,image,basic_expression_support,False,1,1,1.0,1.0,260.0,360.0,83.71179487179487,42.44415956752849,42.44416046142578,84.33574301435002,0.0444764957264957,90.20758256791088,0.0221223373070158,0.0848232880234718,0.2566347469220246,0.4938568376068376,0.0,0.5096153846153846,0.5597222222222222,0.0577777777777777,0.0,0.4837209302325581,0.0,,ok,phase3-opencv-v1,Aggregated from Phase 3 frame features.,smile,0.6269962571034327,0.37300374289656735
FEI Face Database/frontalimages_manuallyaligned_part2/152a.jpg,fei_face_database,152,fei_subject_152,neutral,neutral,smile,0.6858986312116337,False,basic,phase4-logreg-v1,0.6858986312116337,,,1,image,basic_expression_support,False,1,1,1.0,1.0,260.0,360.0,85.99742521367521,45.00478943879534,45.004791259765625,27.497700941905915,0.014508547008547,75.90332512315271,0.0085796387520525,0.0753672048449516,0.2669129720853859,0.4711538461538461,0.0,0.5038461538461538,0.5527777777777778,0.0577777777777777,0.0,0.4952380952380952,0.0,,ok,phase3-opencv-v1,Aggregated from Phase 3 frame features.,neutral,0.31410136878836625,0.6858986312116337
FEI Face Database/frontalimages_manuallyaligned_part2/152b.jpg,fei_face_database,152,fei_subject_152,generic_smile,smile,smile,0.8321870396105252,False,basic,phase4-logreg-v1,0.8321870396105252,,,1,image,basic_expression_support,False,1,1,1.0,1.0,260.0,360.0,85.19227564102565,45.749678740557215,45.74967575073242,23.84244654820933,0.0138461538461538,72.04102042545979,0.0140689888973641,0.0834510549902916,0.2506992117976099,0.4577884615384615,0.0,0.4942307692307692,0.5569444444444445,0.0577777777777777,0.0,0.5024154589371981,0.0,,ok,phase3-opencv-v1,Aggregated from Phase 3 frame features.,smile,0.1678129603894748,0.8321870396105252
FEI Face Database/frontalimages_manuallyaligned_part2/153a.jpg,fei_face_database,153,fei_subject_153,neutral,neutral,neutral,0.9775676873853262,False,basic,phase4-logreg-v1,0.9775676873853262,,,5,image,basic_expression_support,False,1,1,1.0,0.0,260.0,360.0,90.03625,51.64514646979151,51.64514923095703,50.378577276348715,0.0213675213675213,78.96257391845627,0.0186741363211951,0.0682265013456344,0.2546685340802987,0.4984615384615384,0.0,0.5153846153846153,0.5472222222222223,,,,,,ok,phase3-opencv-v1,Aggregated from Phase 3 frame features.,neutral,0.9775676873853262,0.022432312614673867
FEI Face Database/frontalimages_manuallyaligned_part2/153b.jpg,fei_face_database,153,fei_subject_153,generic_smile,smile,smile,0.7392760891135763,False,basic,phase4-logreg-v1,0.7392760891135763,,,5,image,basic_expression_support,False,1,1,1.0,1.0,260.0,360.0,89.85682692307692,51.23199583042993,51.23199844360352,50.664283735001646,0.0226709401709401,76.89770848985725,0.0241923365890308,0.0737947300076484,0.2674680691209616,0.5170940170940171,0.0,0.5076923076923077,0.5472222222222223,0.0577777777777777,0.0,0.4727272727272727,0.0,,ok,phase3-opencv-v1,Aggregated from Phase 3 frame features.,smile,0.26072391088642366,0.7392760891135763
FEI Face Database/frontalimages_manuallyaligned_part2/154a.jpg,fei_face_database,154,fei_subject_154,neutral,neutral,neutral,0.9531133932470033,False,basic,phase4-logreg-v1,0.9531133932470033,,,3,image,basic_expression_support,False,1,1,1.0,0.0,260.0,360.0,66.0196047008547,44.02694845707603,44.026947021484375,47.08989690068213,0.0167628205128205,78.73797805242626,0.0123227241241022,0.0903939753770828,0.2514491961063108,0.531292735042735,0.0,0.5096153846153846,0.5458333333333333,,,,,,ok,phase3-opencv-v1,Aggregated from Phase 3 frame features.,neutral,0.9531133932470033,0.046886606752996766
FEI Face Database/frontalimages_manuallyaligned_part2/154b.jpg,fei_face_database,154,fei_subject_154,generic_smile,smile,smile,0.6340287970891798,False,basic,phase4-logreg-v1,0.6340287970891798,,,3,image,basic_expression_support,False,1,1,1.0,1.0,260.0,360.0,66.13873931623931,44.169210416737435,44.169212341308594,46.66383741496366,0.0192307692307692,76.60329203539823,0.0171327433628318,0.08006302267313,0.2535221238938053,0.5456837606837607,0.0,0.5115384615384615,0.5472222222222223,0.0577777777777777,0.0,0.4601769911504424,0.0,,ok,phase3-opencv-v1,Aggregated from Phase 3 frame features.,smile,0.3659712029108202,0.6340287970891798
FEI Face Database/frontalimages_manuallyaligned_part2/155a.jpg,fei_face_database,155,fei_subject_155,neutral,neutral,neutral,0.864918683058659,False,basic,phase4-logreg-v1,0.864918683058659,,,2,image,basic_expression_support,False,1,1,1.0,1.0,260.0,360.0,75.07119658119659,59.381206697275886,59.381202697753906,44.376854960986,0.014326923076923,84.8810291858679,0.0069892473118279,0.0709017217159271,0.2541858678955453,0.5030876068376068,0.0,0.5173076923076924,0.5736111111111111,0.0577777777777777,0.0,0.4792626728110599,0.0,,ok,phase3-opencv-v1,Aggregated from Phase 3 frame features.,neutral,0.864918683058659,0.13508131694134093
FEI Face Database/frontalimages_manuallyaligned_part2/155b.jpg,fei_face_database,155,fei_subject_155,generic_smile,smile,neutral,0.5439077049235903,True,basic,phase4-logreg-v1,0.5439077049235903,,,2,image,basic_expression_support,False,1,1,1.0,1.0,260.0,360.0,90.84213675213677,63.96993897148478,63.969940185546875,45.46494064577397,0.0231089743589743,106.30685550082102,0.0316502463054187,0.0717328339815139,0.2528735632183908,0.4711538461538461,0.0,0.5192307692307693,0.5611111111111111,0.0577777777777777,0.0,0.4952380952380952,0.0,,ok,phase3-opencv-v1,Aggregated from Phase 3 frame features.,smile,0.5439077049235903,0.45609229507640975
FEI Face Database/frontalimages_manuallyaligned_part2/156a.jpg,fei_face_database,156,fei_subject_156,neutral,neutral,neutral,0.5568971410658832,True,basic,phase4-logreg-v1,0.5568971410658832,,,2,image,basic_expression_support,False,1,1,1.0,1.0,260.0,360.0,91.78476495726495,57.04896493690403,57.0489616394043,70.65359196754694,0.0443376068376068,75.13177257525084,0.0374581939799331,0.0879546254873275,0.2528428093645485,0.4622222222222222,0.0,0.5153846153846153,0.5638888888888889,0.0577777777777777,0.0,0.5,0.0,,ok,phase3-opencv-v1,Aggregated from Phase 3 frame features.,neutral,0.5568971410658832,0.4431028589341168
FEI Face Database/frontalimages_manuallyaligned_part2/156b.jpg,fei_face_database,156,fei_subject_156,generic_smile,smile,smile,0.8717888429827284,False,basic,phase4-logreg-v1,0.8717888429827284,,,2,image,basic_expression_support,False,1,1,1.0,1.0,260.0,360.0,91.76138888888887,57.45215222693476,57.452152252197266,68.62309189677843,0.0466132478632478,74.01098620337251,0.0593169817748254,0.0992388650774955,0.2528955884857775,0.4533760683760683,0.0,0.5192307692307693,0.5527777777777778,0.0577777777777777,0.0,0.5048543689320388,0.0,,ok,phase3-opencv-v1,Aggregated from Phase 3 frame features.,smile,0.1282111570172716,0.8717888429827284
FEI Face Database/frontalimages_manuallyaligned_part2/157a.jpg,fei_face_database,157,fei_subject_157,neutral,neutral,neutral,0.5352631639577639,True,basic,phase4-logreg-v1,0.5352631639577639,,,1,image,basic_expression_support,False,1,1,1.0,1.0,260.0,360.0,91.53738247863248,56.02841418929672,56.02841567993164,56.49345678829718,0.0164209401709401,76.76798881261124,0.018772777354013,0.126194879412651,0.2572251885753029,0.4577884615384615,0.0,0.5134615384615384,0.5402777777777777,0.0577777777777777,0.0,0.5024154589371981,0.0,,ok,phase3-opencv-v1,Aggregated from Phase 3 frame features.,neutral,0.5352631639577639,0.4647368360422362
FEI Face Database/frontalimages_manuallyaligned_part2/157b.jpg,fei_face_database,157,fei_subject_157,generic_smile,smile,smile,0.7493452140357555,False,basic,phase4-logreg-v1,0.7493452140357555,,,1,image,basic_expression_support,False,1,1,1.0,1.0,260.0,360.0,88.1435576923077,56.47776413814272,56.477760314941406,53.17233973799675,0.0180555555555555,75.52315373413772,0.0234657790721863,0.1298590153455734,0.2675681298106927,0.4666773504273504,0.0,0.5134615384615384,0.5458333333333333,0.0577777777777777,0.0,0.4976076555023923,0.0,,ok,phase3-opencv-v1,Aggregated from Phase 3 frame features.,smile,0.2506547859642445,0.7493452140357555
FEI Face Database/frontalimages_manuallyaligned_part2/158a.jpg,fei_face_database,158,fei_subject_158,neutral,neutral,neutral,0.9868413635822997,False,basic,phase4-logreg-v1,0.9868413635822997,,,5,image,basic_expression_support,False,1,1,1.0,0.0,260.0,360.0,89.19708333333334,49.80247280054085,49.80247116088867,69.50466202231263,0.0312606837606837,88.62504973342882,0.0264581841330468,0.1203088909387588,0.2518102968091032,0.4847115384615384,0.0,0.5211538461538462,0.5180555555555556,,,,,,ok,phase3-opencv-v1,Aggregated from Phase 3 frame features.,neutral,0.9868413635822997,0.013158636417700325
FEI Face Database/frontalimages_manuallyaligned_part2/158b.jpg,fei_face_database,158,fei_subject_158,generic_smile,smile,smile,0.7853843141845424,False,basic,phase4-logreg-v1,0.7853843141845424,,,5,image,basic_expression_support,False,1,1,1.0,1.0,260.0,360.0,89.35507478632479,51.0067521181236,51.00675582885742,85.56409843259188,0.0382905982905982,85.58233011246634,0.042016473942658,0.1069809272885322,0.2512672263583082,0.4892735042735043,0.0,0.5115384615384615,0.5222222222222223,0.0577777777777777,0.0,0.4859813084112149,0.0,,ok,phase3-opencv-v1,Aggregated from Phase 3 frame features.,smile,0.21461568581545765,0.7853843141845424
FEI Face Database/frontalimages_manuallyaligned_part2/159a.jpg,fei_face_database,159,fei_subject_159,neutral,neutral,neutral,0.9109430859404777,False,basic,phase4-logreg-v1,0.9109430859404777,,,4,image,basic_expression_support,False,1,1,1.0,1.0,260.0,360.0,97.71356837606838,65.95573664391182,65.95573425292969,61.492148860284715,0.0245619658119658,90.81223241590214,0.0222477064220183,0.0820783153176307,0.2501529051987767,0.5077350427350428,0.0,0.5192307692307693,0.5444444444444444,0.0577777777777777,0.0,0.4770642201834862,0.0,,ok,phase3-opencv-v1,Aggregated from Phase 3 frame features.,neutral,0.9109430859404777,0.08905691405952237
FEI Face Database/frontalimages_manuallyaligned_part2/159b.jpg,fei_face_database,159,fei_subject_159,generic_smile,smile,smile,0.6936391695678181,False,basic,phase4-logreg-v1,0.6936391695678181,,,4,image,basic_expression_support,False,1,1,1.0,1.0,260.0,360.0,93.34481837606836,64.90149323895791,64.9014892578125,58.83840496749214,0.0253525641025641,87.7177093059446,0.0318627450980392,0.0968467593193054,0.2513616557734204,0.4984615384615384,0.0,0.5038461538461538,0.55,0.0577777777777777,0.0,0.4814814814814814,0.0,,ok,phase3-opencv-v1,Aggregated from Phase 3 frame features.,smile,0.3063608304321819,0.6936391695678181
FEI Face Database/frontalimages_manuallyaligned_part2/160a.jpg,fei_face_database,160,fei_subject_160,neutral,neutral,smile,0.5689323631199846,True,basic,phase4-logreg-v1,0.5689323631199846,,,2,image,basic_expression_support,False,1,1,1.0,1.0,260.0,360.0,83.33714743589744,55.520688532390714,55.52068710327149,28.214454956534443,0.0177884615384615,76.10237128988621,0.0174663802021166,0.0587125420570373,0.2561868385453967,0.4847115384615384,0.0,0.5096153846153846,0.5430555555555555,0.0577777777777777,0.0,0.488262910798122,0.0,,ok,phase3-opencv-v1,Aggregated from Phase 3 frame features.,neutral,0.43106763688001537,0.5689323631199846
FEI Face Database/frontalimages_manuallyaligned_part2/160b.jpg,fei_face_database,160,fei_subject_160,generic_smile,smile,smile,0.9737624234391827,False,basic,phase4-logreg-v1,0.9737624234391827,,,2,image,basic_expression_support,False,1,1,1.0,1.0,260.0,360.0,85.44386752136752,55.80601044812553,55.80601119995117,31.65230629417324,0.0198717948717948,76.88765246317124,0.0257009345794392,0.055816039443016,0.2513860288293996,0.4892735042735043,0.0,0.5076923076923077,0.5388888888888889,0.1664102564102564,0.0,0.8271028037383178,0.0,,ok,phase3-opencv-v1,Aggregated from Phase 3 frame features.,smile,0.026237576560817266,0.9737624234391827
FEI Face Database/frontalimages_manuallyaligned_part2/161a.jpg,fei_face_database,161,fei_subject_161,neutral,neutral,neutral,0.9952573515663643,False,basic,phase4-logreg-v1,0.9952573515663643,,,1,image,basic_expression_support,False,1,1,1.0,0.0,260.0,360.0,91.27174145299144,64.83667063918519,64.836669921875,49.84646972751844,0.0264209401709401,101.7560690943044,0.0209694989106753,0.1083221957087516,0.2538515406162465,0.4984615384615384,0.0,0.5192307692307693,0.55,,,,,,ok,phase3-opencv-v1,Aggregated from Phase 3 frame features.,neutral,0.9952573515663643,0.004742648433635658
FEI Face Database/frontalimages_manuallyaligned_part2/161b.jpg,fei_face_database,161,fei_subject_161,generic_smile,smile,neutral,0.6702334754278356,False,basic,phase4-logreg-v1,0.6702334754278356,,,1,image,basic_expression_support,False,1,1,1.0,1.0,260.0,360.0,92.54371794871795,65.4421894605501,65.44219207763672,45.793978380337315,0.0273076923076923,99.3859683408247,0.0296658198162986,0.1105218306183815,0.252921633769787,0.4938568376068376,0.0,0.5173076923076924,0.5513888888888889,0.0577777777777777,0.0,0.4837209302325581,0.0,,ok,phase3-opencv-v1,Aggregated from Phase 3 frame features.,smile,0.6702334754278356,0.32976652457216443
FEI Face Database/frontalimages_manuallyaligned_part2/162a.jpg,fei_face_database,162,fei_subject_162,neutral,neutral,neutral,0.5097935837087522,True,basic,phase4-logreg-v1,0.5097935837087522,,,5,image,basic_expression_support,False,1,1,1.0,1.0,260.0,360.0,98.9196047008547,66.0541596632498,66.05416107177734,67.98674152136296,0.0323290598290598,106.77990232907588,0.0241923365890308,0.0788034945726394,0.2518031555221638,0.5170940170940171,0.0,0.5,0.5777777777777777,0.0577777777777777,0.0,0.4727272727272727,0.0,,ok,phase3-opencv-v1,Aggregated from Phase 3 frame features.,neutral,0.5097935837087522,0.4902064162912479
FEI Face Database/frontalimages_manuallyaligned_part2/162b.jpg,fei_face_database,162,fei_subject_162,generic_smile,smile,neutral,0.5684366579595233,True,basic,phase4-logreg-v1,0.5684366579595233,,,5,image,basic_expression_support,False,1,1,1.0,1.0,260.0,360.0,95.77051282051282,64.45381741389872,64.45381927490234,77.91213460157334,0.0331623931623931,105.5358999413719,0.028454172366621,0.0737740322947502,0.2595270666406097,0.4938568376068376,0.0,0.5096153846153846,0.5708333333333333,0.0577777777777777,0.0,0.4837209302325581,0.0,,ok,phase3-opencv-v1,Aggregated from Phase 3 frame features.,smile,0.5684366579595233,0.4315633420404768
FEI Face Database/frontalimages_manuallyaligned_part2/163a.jpg,fei_face_database,163,fei_subject_163,neutral,neutral,smile,0.7150043673827665,False,basic,phase4-logreg-v1,0.7150043673827665,,,4,image,basic_expression_support,False,1,1,1.0,1.0,260.0,360.0,81.58971153846154,58.03095260623313,58.03095245361328,113.27373290187376,0.037008547008547,92.09407856165724,0.0371311315223763,0.1065873280167579,0.2501856556576118,0.4938568376068376,0.0,0.5057692307692307,0.5597222222222222,0.0577777777777777,0.0,0.4837209302325581,0.0,,ok,phase3-opencv-v1,Aggregated from Phase 3 frame features.,neutral,0.2849956326172335,0.7150043673827665
FEI Face Database/frontalimages_manuallyaligned_part2/163b.jpg,fei_face_database,163,fei_subject_163,generic_smile,smile,smile,0.9973502039895851,False,basic,phase4-logreg-v1,0.9973502039895851,,,4,image,basic_expression_support,False,1,1,1.0,1.0,260.0,360.0,80.16751068376068,57.72107969016325,57.72108459472656,86.29901672408047,0.036292735042735,88.66701070336391,0.0412844036697247,0.1155510544776916,0.2514908256880734,0.5077350427350428,0.0,0.4923076923076923,0.5583333333333333,0.1664102564102564,0.0,0.8119266055045872,0.0,,ok,phase3-opencv-v1,Aggregated from Phase 3 frame features.,smile,0.0026497960104149287,0.9973502039895851
FEI Face Database/frontalimages_manuallyaligned_part2/164a.jpg,fei_face_database,164,fei_subject_164,neutral,neutral,neutral,0.9638994604249183,False,basic,phase4-logreg-v1,0.9638994604249183,,,3,image,basic_expression_support,False,1,1,1.0,0.0,260.0,360.0,101.65175213675214,48.80602878382921,48.806026458740234,59.44584795627421,0.0288461538461538,87.68501074848544,0.0341606410005862,0.1109915152192115,0.2579636505765096,0.4938568376068376,0.0,0.5211538461538462,0.5486111111111112,,,,,,ok,phase3-opencv-v1,Aggregated from Phase 3 frame features.,neutral,0.9638994604249183,0.03610053957508179
FEI Face Database/frontalimages_manuallyaligned_part2/164b.jpg,fei_face_database,164,fei_subject_164,generic_smile,smile,smile,0.7935926115999029,False,basic,phase4-logreg-v1,0.7935926115999029,,,3,image,basic_expression_support,False,1,1,1.0,1.0,260.0,360.0,101.15445512820511,50.77827914502037,50.778282165527344,59.337375287525575,0.0260363247863247,84.3297690867485,0.0399833576034949,0.1134612113237381,0.2525483669648429,0.4666773504273504,0.0,0.5173076923076924,0.5486111111111112,0.0577777777777777,0.0,0.4976076555023923,0.0,,ok,phase3-opencv-v1,Aggregated from Phase 3 frame features.,smile,0.2064073884000971,0.7935926115999029
FEI Face Database/frontalimages_manuallyaligned_part2/165a.jpg,fei_face_database,165,fei_subject_165,neutral,neutral,neutral,0.9915147519182911,False,basic,phase4-logreg-v1,0.9915147519182911,,,5,image,basic_expression_support,False,1,1,1.0,0.0,260.0,360.0,78.29372863247863,46.53755072343855,46.53755187988281,125.0601439786279,0.0194764957264957,99.320698747528,0.015015015015015,0.1306577771902084,0.2554749871823042,0.5265384615384615,0.0,0.5230769230769231,0.5555555555555556,,,,,,ok,phase3-opencv-v1,Aggregated from Phase 3 frame features.,neutral,0.9915147519182911,0.00848524808170888
FEI Face Database/frontalimages_manuallyaligned_part2/165b.jpg,fei_face_database,165,fei_subject_165,generic_smile,smile,smile,0.720535944935297,False,basic,phase4-logreg-v1,0.720535944935297,,,5,image,basic_expression_support,False,1,1,1.0,1.0,260.0,360.0,76.62889957264957,45.95197358496327,45.95197296142578,36.75940677722533,0.0198717948717948,92.4724197017755,0.0235881731014619,0.1159828379750251,0.25141273834263,0.531292735042735,0.0,0.5134615384615384,0.5597222222222222,0.0577777777777777,0.0,0.4663677130044843,0.0,,ok,phase3-opencv-v1,Aggregated from Phase 3 frame features.,smile,0.27946405506470295,0.720535944935297
FEI Face Database/frontalimages_manuallyaligned_part2/166a.jpg,fei_face_database,166,fei_subject_166,neutral,neutral,neutral,0.8026515724691159,False,basic,phase4-logreg-v1,0.8026515724691159,,,1,image,basic_expression_support,False,1,1,1.0,1.0,260.0,360.0,89.29931623931624,42.11307610493029,42.113075256347656,81.29885341834684,0.0532799145299145,92.54251217532467,0.018465909090909,0.0833010971546173,0.2502705627705627,0.5700961538461539,0.0,0.5096153846153846,0.5875,0.0577777777777777,0.0,0.4502164502164502,0.0,,ok,phase3-opencv-v1,Aggregated from Phase 3 frame features.,neutral,0.8026515724691159,0.19734842753088416
FEI Face Database/frontalimages_manuallyaligned_part2/166b.jpg,fei_face_database,166,fei_subject_166,generic_smile,smile,smile,0.980630469728093,False,basic,phase4-logreg-v1,0.980630469728093,,,1,image,basic_expression_support,False,1,1,1.0,1.0,260.0,360.0,88.30055555555556,42.007504260801696,42.00750350952149,65.02397748146322,0.0497863247863247,90.0908521303258,0.0351921470342522,0.0692985132336616,0.2520189362294625,0.5553846153846154,0.0,0.5076923076923077,0.5888888888888889,0.1664102564102564,0.0,0.7763157894736842,0.0,,ok,phase3-opencv-v1,Aggregated from Phase 3 frame features.,smile,0.01936953027190702,0.980630469728093
FEI Face Database/frontalimages_manuallyaligned_part2/167a.jpg,fei_face_database,167,fei_subject_167,neutral,neutral,neutral,0.8530831391527016,False,basic,phase4-logreg-v1,0.8530831391527016,,,2,image,basic_expression_support,False,1,1,1.0,1.0,260.0,360.0,77.1230876068376,67.84376446821638,67.84375762939453,75.35854599313318,0.0200534188034188,77.28718181818182,0.0156818181818181,0.0865383222699165,0.2540454545454545,0.4273504273504273,0.0,0.5192307692307693,0.5444444444444444,0.0577777777777777,0.0,0.52,0.0,,ok,phase3-opencv-v1,Aggregated from Phase 3 frame features.,neutral,0.8530831391527016,0.14691686084729833
FEI Face Database/frontalimages_manuallyaligned_part2/167b.jpg,fei_face_database,167,fei_subject_167,generic_smile,smile,neutral,0.5305907512077979,True,basic,phase4-logreg-v1,0.5305907512077979,,,2,image,basic_expression_support,False,1,1,1.0,1.0,260.0,360.0,82.06110042735042,68.81506242010595,68.81507110595703,53.53465455794799,0.0256837606837606,77.67307606113576,0.0293577159248801,0.0750432759523391,0.2506835193402357,0.4316346153846154,0.0,0.5134615384615384,0.5402777777777777,0.0577777777777777,0.0,0.5174129353233831,0.0,,ok,phase3-opencv-v1,Aggregated from Phase 3 frame features.,smile,0.5305907512077979,0.4694092487922021
FEI Face Database/frontalimages_manuallyaligned_part2/168a.jpg,fei_face_database,168,fei_subject_168,neutral,neutral,smile,0.9823180603517362,False,basic,phase4-logreg-v1,0.9823180603517362,,,3,image,basic_expression_support,False,1,1,1.0,1.0,260.0,360.0,87.66856837606838,60.041304366258856,60.04130554199219,57.89483973434418,0.0356517094017094,90.73837908782676,0.0296037041087899,0.0907064825296402,0.253053337708265,0.531292735042735,0.0,0.5096153846153846,0.5708333333333333,0.1664102564102564,0.0,0.7937219730941704,0.0,,ok,phase3-opencv-v1,Aggregated from Phase 3 frame features.,neutral,0.01768193964826381,0.9823180603517362
FEI Face Database/frontalimages_manuallyaligned_part2/168b.jpg,fei_face_database,168,fei_subject_168,generic_smile,smile,smile,0.9991869986112139,False,basic,phase4-logreg-v1,0.9991869986112139,,,3,image,basic_expression_support,False,1,1,1.0,1.0,260.0,360.0,93.67464743589744,61.47170298197297,61.47170639038086,49.26192476155582,0.0338568376068376,89.19057099924869,0.0502629601803155,0.0776520669460296,0.2548084147257701,0.5170940170940171,0.0,0.5076923076923077,0.5583333333333333,0.1664102564102564,0.0,0.8045454545454546,0.0,,ok,phase3-opencv-v1,Aggregated from Phase 3 frame features.,smile,0.0008130013887861498,0.9991869986112139
FEI Face Database/frontalimages_manuallyaligned_part2/169a.jpg,fei_face_database,169,fei_subject_169,neutral,neutral,neutral,0.987317722498331,False,basic,phase4-logreg-v1,0.987317722498331,,,4,image,basic_expression_support,False,1,1,1.0,0.0,260.0,360.0,91.55700854700856,47.72507312436957,47.725074768066406,120.39629238976096,0.0347115384615384,88.8926626206038,0.0223311546840958,0.0742421969771385,0.2627995642701525,0.4984615384615384,0.0,0.5192307692307693,0.5472222222222223,,,,,,ok,phase3-opencv-v1,Aggregated from Phase 3 frame features.,neutral,0.987317722498331,0.012682277501668901
FEI Face Database/frontalimages_manuallyaligned_part2/169b.jpg,fei_face_database,169,fei_subject_169,generic_smile,smile,smile,0.5184225882207288,True,basic,phase4-logreg-v1,0.5184225882207288,,,4,image,basic_expression_support,False,1,1,1.0,1.0,260.0,360.0,92.92538461538462,47.68300922175335,47.683013916015625,81.61498629556577,0.0409508547008547,86.02614813367208,0.0392808286105139,0.0633884817361831,0.252530779753762,0.4938568376068376,0.0,0.5211538461538462,0.5541666666666667,0.0577777777777777,0.0,0.4837209302325581,0.0,,ok,phase3-opencv-v1,Aggregated from Phase 3 frame features.,smile,0.48157741177927116,0.5184225882207288
FEI Face Database/frontalimages_manuallyaligned_part2/170a.jpg,fei_face_database,170,fei_subject_170,neutral,neutral,neutral,0.7603500963268335,False,basic,phase4-logreg-v1,0.7603500963268335,,,2,image,basic_expression_support,False,1,1,1.0,1.0,260.0,360.0,102.31285256410256,59.435486620825536,59.43548583984375,63.35186854853805,0.0315705128205128,85.63773663407531,0.0248387767838568,0.0686199143528938,0.2532556688163095,0.4666773504273504,0.0,0.5134615384615384,0.5513888888888889,0.0577777777777777,0.0,0.4976076555023923,0.0,,ok,phase3-opencv-v1,Aggregated from Phase 3 frame features.,neutral,0.7603500963268335,0.23964990367316646
FEI Face Database/frontalimages_manuallyaligned_part2/170b.jpg,fei_face_database,170,fei_subject_170,generic_smile,smile,smile,0.9712988453835443,False,basic,phase4-logreg-v1,0.9712988453835443,,,2,image,basic_expression_support,False,1,1,1.0,1.0,260.0,360.0,103.73904914529916,59.70309707168109,59.703094482421875,54.870451708374425,0.0359401709401709,82.59244476697307,0.0389453313981615,0.0635922104120254,0.2567731011127238,0.4801709401709402,0.0,0.5115384615384615,0.5555555555555556,0.1664102564102564,0.0,0.8349056603773585,0.0,,ok,phase3-opencv-v1,Aggregated from Phase 3 frame features.,smile,0.028701154616455726,0.9712988453835443
FEI Face Database/frontalimages_manuallyaligned_part2/171a.jpg,fei_face_database,171,fei_subject_171,neutral,neutral,neutral,0.997812622659083,False,basic,phase4-logreg-v1,0.997812622659083,,,1,image,basic_expression_support,False,1,1,1.0,0.0,260.0,360.0,79.83331196581197,48.875697180994955,48.87569808959961,76.57228108517786,0.0246260683760683,92.68316912972084,0.0142036124794745,0.0937789380550384,0.2538587848932676,0.4711538461538461,0.0,0.5269230769230769,0.5611111111111111,,,,,,ok,phase3-opencv-v1,Aggregated from Phase 3 frame features.,neutral,0.997812622659083,0.002187377340917043
FEI Face Database/frontalimages_manuallyaligned_part2/171b.jpg,fei_face_database,171,fei_subject_171,generic_smile,smile,neutral,0.5616979572320708,True,basic,phase4-logreg-v1,0.5616979572320708,,,1,image,basic_expression_support,False,1,1,1.0,1.0,260.0,360.0,78.21842948717949,49.596399615279,49.59640121459961,67.97540187273998,0.0242628205128205,85.24729333593902,0.0238030095759233,0.0823286101222038,0.2566738323236271,0.4938568376068376,0.0,0.5173076923076924,0.5652777777777778,0.0577777777777777,0.0,0.4837209302325581,0.0,,ok,phase3-opencv-v1,Aggregated from Phase 3 frame features.,smile,0.5616979572320708,0.43830204276792917
FEI Face Database/frontalimages_manuallyaligned_part2/172a.jpg,fei_face_database,172,fei_subject_172,neutral,neutral,neutral,0.7679428200162598,False,basic,phase4-logreg-v1,0.7679428200162598,,,5,image,basic_expression_support,False,1,1,1.0,1.0,260.0,360.0,79.47168803418803,57.53117892812507,57.53118133544922,78.13093318540433,0.029594017094017,93.75087224669603,0.0137444933920704,0.070915013551712,0.2509251101321585,0.5505235042735043,0.0,0.5057692307692307,0.5625,0.0577777777777777,0.0,0.4581497797356828,0.0,,ok,phase3-opencv-v1,Aggregated from Phase 3 frame features.,neutral,0.7679428200162598,0.23205717998374017
FEI Face Database/frontalimages_manuallyaligned_part2/172b.jpg,fei_face_database,172,fei_subject_172,generic_smile,smile,smile,0.9891335062282129,False,basic,phase4-logreg-v1,0.9891335062282129,,,5,image,basic_expression_support,False,1,1,1.0,1.0,260.0,360.0,78.3788888888889,52.653092932387445,52.65309143066406,71.34971463218643,0.03383547008547,90.45743793700686,0.0287061389441272,0.1027652770280838,0.2500160369491307,0.6051709401709402,0.0,0.4961538461538461,0.575,0.1664102564102564,0.0,0.7436974789915967,0.0,,ok,phase3-opencv-v1,Aggregated from Phase 3 frame features.,smile,0.010866493771787056,0.9891335062282129
FEI Face Database/frontalimages_manuallyaligned_part2/173a.jpg,fei_face_database,173,fei_subject_173,neutral,neutral,neutral,0.6434624650852336,False,basic,phase4-logreg-v1,0.6434624650852336,,,4,image,basic_expression_support,False,1,1,1.0,1.0,260.0,360.0,96.16803418803418,58.61106477521375,58.61106872558594,57.457552528375885,0.0241666666666666,92.75383002741492,0.0208837284308982,0.1006814166903495,0.2512497984196097,0.4801709401709402,0.0,0.5076923076923077,0.55,0.0577777777777777,0.0,0.490566037735849,0.0,,ok,phase3-opencv-v1,Aggregated from Phase 3 frame features.,neutral,0.6434624650852336,0.35653753491476636
FEI Face Database/frontalimages_manuallyaligned_part2/173b.jpg,fei_face_database,173,fei_subject_173,generic_smile,smile,smile,0.5198796187398217,True,basic,phase4-logreg-v1,0.5198796187398217,,,4,image,basic_expression_support,False,1,1,1.0,1.0,260.0,360.0,94.93686965811966,58.43146836533518,58.43146514892578,60.13339695364436,0.0256623931623931,89.61897233201582,0.0242562929061784,0.0818361863493919,0.2515498231745371,0.4666773504273504,0.0,0.5057692307692307,0.5541666666666667,0.0577777777777777,0.0,0.4976076555023923,0.0,,ok,phase3-opencv-v1,Aggregated from Phase 3 frame features.,smile,0.4801203812601783,0.5198796187398217
FEI Face Database/frontalimages_manuallyaligned_part2/174a.jpg,fei_face_database,174,fei_subject_174,neutral,neutral,neutral,0.8951954434644496,False,basic,phase4-logreg-v1,0.8951954434644496,,,3,image,basic_expression_support,False,1,1,1.0,0.0,260.0,360.0,94.59151709401708,48.144625653569655,48.144622802734375,41.937439725326904,0.0288995726495726,82.86860795454545,0.0309456168831168,0.0921864360570907,0.2532129329004329,0.5700961538461539,0.0,0.5096153846153846,0.5513888888888889,,,,,,ok,phase3-opencv-v1,Aggregated from Phase 3 frame features.,neutral,0.8951954434644496,0.10480455653555039
FEI Face Database/frontalimages_manuallyaligned_part2/174b.jpg,fei_face_database,174,fei_subject_174,generic_smile,smile,smile,0.9976561282077985,False,basic,phase4-logreg-v1,0.9976561282077985,,,3,image,basic_expression_support,False,1,1,1.0,1.0,260.0,360.0,92.13035256410257,48.08674370969814,48.08674240112305,52.67507655314029,0.0337606837606837,80.08741918103448,0.0389951508620689,0.0975976139307022,0.2532664331896552,0.5750427350427351,0.0,0.5076923076923077,0.55,0.1664102564102564,0.0,0.7629310344827587,0.0,,ok,phase3-opencv-v1,Aggregated from Phase 3 frame features.,smile,0.002343871792201524,0.9976561282077985
FEI Face Database/frontalimages_manuallyaligned_part2/175a.jpg,fei_face_database,175,fei_subject_175,neutral,neutral,neutral,0.7692525169560449,False,basic,phase4-logreg-v1,0.7692525169560449,,,2,image,basic_expression_support,False,1,1,1.0,1.0,260.0,360.0,100.68842948717948,58.05497032811615,58.05497360229492,40.5277628679962,0.025534188034188,94.46337932209164,0.0192897291773122,0.1023909449577331,0.2532788281383069,0.4533760683760683,0.0,0.5153846153846153,0.5638888888888889,0.0577777777777777,0.0,0.5048543689320388,0.0,,ok,phase3-opencv-v1,Aggregated from Phase 3 frame features.,neutral,0.7692525169560449,0.23074748304395515
FEI Face Database/frontalimages_manuallyaligned_part2/175b.jpg,fei_face_database,175,fei_subject_175,generic_smile,smile,smile,0.5041861841448978,True,basic,phase4-logreg-v1,0.5041861841448978,,,2,image,basic_expression_support,False,1,1,1.0,1.0,260.0,360.0,99.13142094017094,57.286407300881315,57.286407470703125,41.87563674654376,0.0261111111111111,91.536342833368,0.0240898689411275,0.1038740277290344,0.2539213646765134,0.4666773504273504,0.0,0.5096153846153846,0.5597222222222222,0.0577777777777777,0.0,0.4976076555023923,0.0,,ok,phase3-opencv-v1,Aggregated from Phase 3 frame features.,smile,0.4958138158551022,0.5041861841448978
FEI Face Database/frontalimages_manuallyaligned_part2/176a.jpg,fei_face_database,176,fei_subject_176,neutral,neutral,smile,0.8282456046941952,False,basic,phase4-logreg-v1,0.8282456046941952,,,1,image,basic_expression_support,False,1,1,1.0,1.0,260.0,360.0,91.47231837606836,46.122760093959705,46.122764587402344,55.15826570501406,0.0323824786324786,76.51202103681443,0.0320060105184072,0.1032430306077003,0.2523666416228399,0.5170940170940171,0.0,0.5076923076923077,0.5583333333333333,0.0577777777777777,0.0,0.4727272727272727,0.0,,ok,phase3-opencv-v1,Aggregated from Phase 3 frame features.,neutral,0.17175439530580483,0.8282456046941952
FEI Face Database/frontalimages_manuallyaligned_part2/176b.jpg,fei_face_database,176,fei_subject_176,generic_smile,smile,smile,0.8816263693841279,False,basic,phase4-logreg-v1,0.8816263693841279,,,1,image,basic_expression_support,False,1,1,1.0,1.0,260.0,360.0,90.81778846153846,45.813084732595065,45.813087463378906,50.426625849107864,0.0331410256410256,75.85072629969419,0.0379587155963302,0.0931813269853591,0.2597859327217125,0.5077350427350428,0.0,0.5153846153846153,0.5527777777777778,0.0577777777777777,0.0,0.4770642201834862,0.0,,ok,phase3-opencv-v1,Aggregated from Phase 3 frame features.,smile,0.11837363061587214,0.8816263693841279
FEI Face Database/frontalimages_manuallyaligned_part2/177a.jpg,fei_face_database,177,fei_subject_177,neutral,neutral,smile,0.7062298052065717,False,basic,phase4-logreg-v1,0.7062298052065717,,,5,image,basic_expression_support,False,1,1,1.0,1.0,260.0,360.0,101.89097222222222,45.48924574367317,45.48924255371094,62.00598551345972,0.0317200854700854,87.86985407066052,0.0301459293394777,0.0910091400146484,0.256221198156682,0.5030876068376068,0.0,0.5096153846153846,0.5569444444444445,0.0577777777777777,0.0,0.4792626728110599,0.0,,ok,phase3-opencv-v1,Aggregated from Phase 3 frame features.,neutral,0.29377019479342825,0.7062298052065717
FEI Face Database/frontalimages_manuallyaligned_part2/177b.jpg,fei_face_database,177,fei_subject_177,generic_smile,smile,smile,0.9614173100217419,False,basic,phase4-logreg-v1,0.9614173100217419,,,5,image,basic_expression_support,False,1,1,1.0,1.0,260.0,360.0,104.0620405982906,45.91578675808285,45.91578674316406,44.75495331835781,0.0314423076923076,89.17396912253274,0.0307211256595661,0.0896644964814186,0.2636310338088724,0.4938568376068376,0.0,0.5134615384615384,0.5486111111111112,0.1664102564102564,0.0,0.8232558139534883,0.0,,ok,phase3-opencv-v1,Aggregated from Phase 3 frame features.,smile,0.03858268997825809,0.9614173100217419
FEI Face Database/frontalimages_manuallyaligned_part2/178a.jpg,fei_face_database,178,fei_subject_178,neutral,neutral,neutral,0.9950659002886594,False,basic,phase4-logreg-v1,0.9950659002886594,,,4,image,basic_expression_support,False,1,1,1.0,0.0,260.0,360.0,91.73538461538462,65.88810039430503,65.88809967041016,46.620823229874354,0.0204914529914529,84.80243727598567,0.0134050179211469,0.0784316584467887,0.2541935483870968,0.5408653846153846,0.0,0.5134615384615384,0.5597222222222222,,,,,,ok,phase3-opencv-v1,Aggregated from Phase 3 frame features.,neutral,0.9950659002886594,0.00493409971134064
FEI Face Database/frontalimages_manuallyaligned_part2/178b.jpg,fei_face_database,178,fei_subject_178,generic_smile,smile,smile,0.9501423592778319,False,basic,phase4-logreg-v1,0.9501423592778319,,,4,image,basic_expression_support,False,1,1,1.0,1.0,260.0,360.0,90.13623931623933,65.55725890592869,65.55725860595703,59.1618193941075,0.0237179487179487,82.49194713656388,0.0267136563876651,0.092064268887043,0.2537797356828193,0.5505235042735043,0.0,0.5019230769230769,0.5597222222222222,0.1664102564102564,0.0,0.7797356828193832,0.0,,ok,phase3-opencv-v1,Aggregated from Phase 3 frame features.,smile,0.04985764072216814,0.9501423592778319
FEI Face Database/frontalimages_manuallyaligned_part2/179a.jpg,fei_face_database,179,fei_subject_179,neutral,neutral,neutral,0.996972469249986,False,basic,phase4-logreg-v1,0.996972469249986,,,3,image,basic_expression_support,False,1,1,1.0,0.0,260.0,360.0,92.1783547008547,62.743806735149384,62.74380874633789,59.41606585020362,0.0297329059829059,109.4831062582536,0.0228041356652816,0.0854533091187477,0.2502657261571166,0.6000961538461539,0.0,0.5173076923076924,0.5680555555555555,,,,,,ok,phase3-opencv-v1,Aggregated from Phase 3 frame features.,neutral,0.996972469249986,0.003027530750014051
FEI Face Database/frontalimages_manuallyaligned_part2/179b.jpg,fei_face_database,179,fei_subject_179,generic_smile,smile,neutral,0.9173970178511968,False,basic,phase4-logreg-v1,0.9173970178511968,,,3,image,basic_expression_support,False,1,1,1.0,1.0,260.0,360.0,95.37885683760685,63.908278488603806,63.90827941894531,57.291972928879936,0.0341559829059829,117.7314832909908,0.028063318350596,0.0837761387228965,0.2599179206566347,0.4938568376068376,0.0,0.525,0.5569444444444445,0.0577777777777777,0.0,0.4837209302325581,0.0,,ok,phase3-opencv-v1,Aggregated from Phase 3 frame features.,smile,0.9173970178511968,0.08260298214880324
FEI Face Database/frontalimages_manuallyaligned_part2/180a.jpg,fei_face_database,180,fei_subject_180,neutral,neutral,neutral,0.9398219494062159,False,basic,phase4-logreg-v1,0.9398219494062159,,,1,image,basic_expression_support,False,1,1,1.0,0.0,260.0,360.0,73.06215811965812,43.99010698369051,43.990108489990234,63.63037267959219,0.0354914529914529,69.3312096931796,0.0329099081493062,0.0992957949638366,0.2523744381473519,0.4938568376068376,0.0,0.525,0.5402777777777777,,,,,,ok,phase3-opencv-v1,Aggregated from Phase 3 frame features.,neutral,0.9398219494062159,0.060178050593784074
FEI Face Database/frontalimages_manuallyaligned_part2/180b.jpg,fei_face_database,180,fei_subject_180,generic_smile,smile,smile,0.9250976191093938,False,basic,phase4-logreg-v1,0.9250976191093938,,,1,image,basic_expression_support,False,1,1,1.0,1.0,260.0,360.0,79.76638888888888,51.83073782142912,51.83073425292969,38.42349725326904,0.0252991452991453,70.67879771899256,0.0276413749405987,0.1006205677986145,0.2605338191034373,0.4892735042735043,0.0,0.5038461538461538,0.5388888888888889,0.0577777777777777,0.0,0.4859813084112149,0.0,,ok,phase3-opencv-v1,Aggregated from Phase 3 frame features.,smile,0.07490238089060619,0.9250976191093938
FEI Face Database/frontalimages_manuallyaligned_part2/181a.jpg,fei_face_database,181,fei_subject_181,neutral,neutral,neutral,0.9851823353107357,False,basic,phase4-logreg-v1,0.9851823353107357,,,5,image,basic_expression_support,False,1,1,1.0,0.0,260.0,360.0,101.215,57.45625252735493,57.45625305175781,108.1260931331726,0.0439316239316239,111.51295518207284,0.03182384064737,0.0835951343178749,0.2509337068160597,0.4984615384615384,0.0,0.5115384615384615,0.5444444444444444,,,,,,ok,phase3-opencv-v1,Aggregated from Phase 3 frame features.,neutral,0.9851823353107357,0.014817664689264284
FEI Face Database/frontalimages_manuallyaligned_part2/181b.jpg,fei_face_database,181,fei_subject_181,generic_smile,smile,smile,0.9637311881519118,False,basic,phase4-logreg-v1,0.9637311881519118,,,5,image,basic_expression_support,False,1,1,1.0,1.0,260.0,360.0,97.02319444444444,57.41151149541951,57.41151428222656,76.3294108974359,0.0370405982905982,107.54036697247706,0.0330275229357798,0.1009168252348899,0.2564984709480122,0.5077350427350428,0.0,0.5038461538461538,0.55,0.1664102564102564,0.0,0.8119266055045872,0.0,,ok,phase3-opencv-v1,Aggregated from Phase 3 frame features.,smile,0.03626881184808817,0.9637311881519118
FEI Face Database/frontalimages_manuallyaligned_part2/182a.jpg,fei_face_database,182,fei_subject_182,neutral,neutral,neutral,0.8385040110023226,False,basic,phase4-logreg-v1,0.8385040110023226,,,4,image,basic_expression_support,False,1,1,1.0,1.0,260.0,360.0,79.27751068376068,48.57328310746034,48.57328414916992,53.805783190426624,0.0250213675213675,99.37828126559536,0.0158365771700435,0.1055597513914108,0.2504907342715507,0.5800106837606838,0.0,0.5173076923076924,0.5763888888888888,0.0577777777777777,0.0,0.4463519313304721,0.0,,ok,phase3-opencv-v1,Aggregated from Phase 3 frame features.,neutral,0.8385040110023226,0.16149598899767734
FEI Face Database/frontalimages_manuallyaligned_part2/182b.jpg,fei_face_database,182,fei_subject_182,generic_smile,smile,smile,0.9273790620012305,False,basic,phase4-logreg-v1,0.9273790620012305,,,4,image,basic_expression_support,False,1,1,1.0,1.0,260.0,360.0,78.2869123931624,48.22840643945128,48.22840881347656,57.63832133053912,0.0282799145299145,96.45650516392874,0.0256117002841893,0.1341048777103424,0.2604838150689679,0.5602670940170941,0.0,0.4942307692307692,0.5597222222222222,0.0577777777777777,0.0,0.4541484716157205,0.0,,ok,phase3-opencv-v1,Aggregated from Phase 3 frame features.,smile,0.07262093799876945,0.9273790620012305
FEI Face Database/frontalimages_manuallyaligned_part2/183a.jpg,fei_face_database,183,fei_subject_183,neutral,neutral,smile,0.6987681720090313,False,basic,phase4-logreg-v1,0.6987681720090313,,,3,image,basic_expression_support,False,1,1,1.0,1.0,260.0,360.0,110.78088675213677,52.0693592747409,52.069358825683594,62.17684186105175,0.03875,108.69494047619048,0.0315205627705627,0.121048592031002,0.2583874458874459,0.5700961538461539,0.0,0.5019230769230769,0.5375,0.0577777777777777,0.0,0.4502164502164502,0.0,,ok,phase3-opencv-v1,Aggregated from Phase 3 frame features.,neutral,0.3012318279909687,0.6987681720090313
FEI Face Database/frontalimages_manuallyaligned_part2/183b.jpg,fei_face_database,183,fei_subject_183,generic_smile,smile,smile,0.9926280524508619,False,basic,phase4-logreg-v1,0.9926280524508619,,,3,image,basic_expression_support,False,1,1,1.0,1.0,260.0,360.0,107.95173076923076,51.95935664277353,51.959354400634766,48.68855933185405,0.0362072649572649,101.7788521522146,0.0336175227004921,0.0982868447899818,0.2552852290843557,0.5602670940170941,0.0,0.5057692307692307,0.5430555555555555,0.1664102564102564,0.0,0.7729257641921398,0.0,,ok,phase3-opencv-v1,Aggregated from Phase 3 frame features.,smile,0.007371947549138058,0.9926280524508619
FEI Face Database/frontalimages_manuallyaligned_part2/184a.jpg,fei_face_database,184,fei_subject_184,neutral,neutral,neutral,0.5278042993323852,True,basic,phase4-logreg-v1,0.5278042993323852,,,2,image,basic_expression_support,False,1,1,1.0,1.0,260.0,360.0,75.93574786324787,62.102366002559954,62.10236740112305,42.631007026513075,0.0246581196581196,86.43379106412281,0.0248713898002997,0.0769910663366317,0.2518734556649248,0.4756517094017094,0.0,0.5134615384615384,0.5486111111111112,0.0577777777777777,0.0,0.4928909952606635,0.0,,ok,phase3-opencv-v1,Aggregated from Phase 3 frame features.,neutral,0.5278042993323852,0.47219570066761485
FEI Face Database/frontalimages_manuallyaligned_part2/184b.jpg,fei_face_database,184,fei_subject_184,generic_smile,smile,smile,0.7794838057170929,False,basic,phase4-logreg-v1,0.7794838057170929,,,2,image,basic_expression_support,False,1,1,1.0,1.0,260.0,360.0,74.66772435897435,61.619574091959194,61.619571685791016,46.66122348190152,0.0274358974358974,82.17377369552472,0.0369357045143638,0.0708811283111572,0.253859683408247,0.4938568376068376,0.0,0.5134615384615384,0.5458333333333333,0.0577777777777777,0.0,0.4837209302325581,0.0,,ok,phase3-opencv-v1,Aggregated from Phase 3 frame features.,smile,0.22051619428290714,0.7794838057170929
FEI Face Database/frontalimages_manuallyaligned_part2/185a.jpg,fei_face_database,185,fei_subject_185,neutral,neutral,neutral,0.9949156829789724,False,basic,phase4-logreg-v1,0.9949156829789724,,,1,image,basic_expression_support,False,1,1,1.0,0.0,260.0,360.0,102.90745726495726,50.40177491393204,50.40177536010742,91.3687501642514,0.0305982905982905,99.96309294690366,0.0247179138835427,0.0957232639193534,0.2503490697762179,0.5124038461538462,0.0,0.5173076923076924,0.5375,,,,,,ok,phase3-opencv-v1,Aggregated from Phase 3 frame features.,neutral,0.9949156829789724,0.005084317021027591
FEI Face Database/frontalimages_manuallyaligned_part2/185b.jpg,fei_face_database,185,fei_subject_185,generic_smile,smile,smile,0.5300939823343928,True,basic,phase4-logreg-v1,0.5300939823343928,,,1,image,basic_expression_support,False,1,1,1.0,1.0,260.0,360.0,103.78057692307692,50.9644833478671,50.964481353759766,90.1775942563372,0.0319230769230769,96.71596543951917,0.0322314049586776,0.0966665223240852,0.2536814425244177,0.5170940170940171,0.0,0.5076923076923077,0.5444444444444444,0.0577777777777777,0.0,0.4727272727272727,0.0,,ok,phase3-opencv-v1,Aggregated from Phase 3 frame features.,smile,0.46990601766560725,0.5300939823343928
FEI Face Database/frontalimages_manuallyaligned_part2/186a.jpg,fei_face_database,186,fei_subject_186,neutral,neutral,neutral,0.622601852452868,False,basic,phase4-logreg-v1,0.622601852452868,,,5,image,basic_expression_support,False,1,1,1.0,1.0,260.0,360.0,79.97199786324786,48.85195864360235,48.85195541381836,49.13854316193658,0.0255876068376068,96.37578814627994,0.0189525999554929,0.1047505885362625,0.2516875602700096,0.5218055555555555,0.0,0.5134615384615384,0.5486111111111112,0.0577777777777777,0.0,0.4705882352941176,0.0,,ok,phase3-opencv-v1,Aggregated from Phase 3 frame features.,neutral,0.622601852452868,0.37739814754713197
FEI Face Database/frontalimages_manuallyaligned_part2/186b.jpg,fei_face_database,186,fei_subject_186,generic_smile,smile,smile,0.6936674167010163,False,basic,phase4-logreg-v1,0.6936674167010163,,,5,image,basic_expression_support,False,1,1,1.0,1.0,260.0,360.0,79.38744658119658,48.70069391844609,48.7006950378418,52.291349930144634,0.025,95.07858407079648,0.0206017699115044,0.1170978993177414,0.2535929203539823,0.5456837606837607,0.0,0.5038461538461538,0.5527777777777778,0.0577777777777777,0.0,0.4601769911504424,0.0,,ok,phase3-opencv-v1,Aggregated from Phase 3 frame features.,smile,0.3063325832989837,0.6936674167010163
FEI Face Database/frontalimages_manuallyaligned_part2/187a.jpg,fei_face_database,187,fei_subject_187,neutral,neutral,neutral,0.889794094406153,False,basic,phase4-logreg-v1,0.889794094406153,,,4,image,basic_expression_support,False,1,1,1.0,0.0,260.0,360.0,84.69945512820513,44.22109906218091,44.22109603881836,35.61517085068303,0.0193482905982905,99.93546730571722,0.0125299554946935,0.1052363216876983,0.2571379664498459,0.5651709401709402,0.0,0.5,0.5444444444444444,,,,,,ok,phase3-opencv-v1,Aggregated from Phase 3 frame features.,neutral,0.889794094406153,0.11020590559384702
FEI Face Database/frontalimages_manuallyaligned_part2/187b.jpg,fei_face_database,187,fei_subject_187,generic_smile,smile,neutral,0.5901660924119412,True,basic,phase4-logreg-v1,0.5901660924119412,,,4,image,basic_expression_support,False,1,1,1.0,1.0,260.0,360.0,84.5727670940171,44.242649008336,44.24264907836914,40.57281813762418,0.0190064102564102,97.1519578612602,0.0112303716954879,0.1011732518672943,0.2507453786523554,0.585,0.0,0.5038461538461538,0.55,0.0577777777777777,0.0,0.4444444444444444,0.0,,ok,phase3-opencv-v1,Aggregated from Phase 3 frame features.,smile,0.5901660924119412,0.4098339075880589
FEI Face Database/frontalimages_manuallyaligned_part2/188a.jpg,fei_face_database,188,fei_subject_188,neutral,neutral,neutral,0.9374509801139548,False,basic,phase4-logreg-v1,0.9374509801139548,,,5,image,basic_expression_support,False,1,1,1.0,0.0,260.0,360.0,74.40313034188034,46.42500980153644,46.425010681152344,62.32681638130981,0.0260576923076923,94.7977207977208,0.0234214536540117,0.0950109288096427,0.2547207314649175,0.585,0.0,0.5115384615384615,0.5333333333333333,,,,,,ok,phase3-opencv-v1,Aggregated from Phase 3 frame features.,neutral,0.9374509801139548,0.06254901988604517
FEI Face Database/frontalimages_manuallyaligned_part2/188b.jpg,fei_face_database,188,fei_subject_188,generic_smile,smile,smile,0.8919207144674085,False,basic,phase4-logreg-v1,0.8919207144674085,,,5,image,basic_expression_support,False,1,1,1.0,1.0,260.0,360.0,73.22144230769231,47.03820632560307,47.0382080078125,53.57686370626051,0.0255555555555555,88.70328599275967,0.025375939849624,0.0917915701866149,0.2565441381230855,0.5553846153846154,0.0,0.5,0.5527777777777778,0.0577777777777777,0.0,0.4561403508771929,0.0,,ok,phase3-opencv-v1,Aggregated from Phase 3 frame features.,smile,0.1080792855325915,0.8919207144674085
FEI Face Database/frontalimages_manuallyaligned_part2/189a.jpg,fei_face_database,189,fei_subject_189,neutral,neutral,neutral,0.7503943536252335,False,basic,phase4-logreg-v1,0.7503943536252335,,,1,image,basic_expression_support,False,1,1,1.0,1.0,260.0,360.0,92.54977564102563,56.14193476025632,56.141937255859375,135.9680571963575,0.0539743589743589,81.37749103942652,0.0347670250896057,0.1034875586628913,0.2513261648745519,0.5408653846153846,0.0,0.5173076923076924,0.5736111111111111,0.0577777777777777,0.0,0.4622222222222222,0.0,,ok,phase3-opencv-v1,Aggregated from Phase 3 frame features.,neutral,0.7503943536252335,0.24960564637476648
FEI Face Database/frontalimages_manuallyaligned_part2/189b.jpg,fei_face_database,189,fei_subject_189,generic_smile,smile,smile,0.9842632256016817,False,basic,phase4-logreg-v1,0.9842632256016817,,,1,image,basic_expression_support,False,1,1,1.0,1.0,260.0,360.0,93.95232905982904,56.67549604029141,56.675498962402344,45.37802035108024,0.0374038461538461,84.28052863436123,0.0346431718061674,0.0748518481850624,0.2530396475770925,0.5505235042735043,0.0,0.5057692307692307,0.5513888888888889,0.1664102564102564,0.0,0.7797356828193832,0.0,,ok,phase3-opencv-v1,Aggregated from Phase 3 frame features.,smile,0.01573677439831833,0.9842632256016817
FEI Face Database/frontalimages_manuallyaligned_part2/190a.jpg,fei_face_database,190,fei_subject_190,neutral,neutral,neutral,0.9665092767499569,False,basic,phase4-logreg-v1,0.9665092767499569,,,2,image,basic_expression_support,False,1,1,1.0,0.0,260.0,360.0,91.57287393162392,51.47625924941678,51.476261138916016,26.866457191905912,0.018034188034188,97.61311162079512,0.0135703363914373,0.1327411979436874,0.2551987767584098,0.5077350427350428,0.0,0.5115384615384615,0.5583333333333333,,,,,,ok,phase3-opencv-v1,Aggregated from Phase 3 frame features.,neutral,0.9665092767499569,0.03349072325004311
FEI Face Database/frontalimages_manuallyaligned_part2/190b.jpg,fei_face_database,190,fei_subject_190,generic_smile,smile,neutral,0.7368885191679377,False,basic,phase4-logreg-v1,0.7368885191679377,,,2,image,basic_expression_support,False,1,1,1.0,1.0,260.0,360.0,93.9101282051282,53.571722831761264,53.57172775268555,76.28058866790855,0.02508547008547,93.70214752567692,0.0194911297852474,0.1330996006727218,0.2505446623093681,0.4984615384615384,0.0,0.5115384615384615,0.5583333333333333,0.0577777777777777,0.0,0.4814814814814814,0.0,,ok,phase3-opencv-v1,Aggregated from Phase 3 frame features.,smile,0.7368885191679377,0.26311148083206226
FEI Face Database/frontalimages_manuallyaligned_part2/191a.jpg,fei_face_database,191,fei_subject_191,neutral,neutral,neutral,0.970053009037207,False,basic,phase4-logreg-v1,0.970053009037207,,,4,image,basic_expression_support,False,1,1,1.0,0.0,260.0,360.0,81.85469017094017,50.26555640490418,50.26555633544922,78.06047070172676,0.0269551282051282,81.0396097226977,0.0176309483053748,0.1105490401387214,0.2523450872988702,0.5651709401709402,0.0,0.5038461538461538,0.5472222222222223,,,,,,ok,phase3-opencv-v1,Aggregated from Phase 3 frame features.,neutral,0.970053009037207,0.029946990962792932
FEI Face Database/frontalimages_manuallyaligned_part2/191b.jpg,fei_face_database,191,fei_subject_191,generic_smile,smile,smile,0.5107824343642677,True,basic,phase4-logreg-v1,0.5107824343642677,,,4,image,basic_expression_support,False,1,1,1.0,1.0,260.0,360.0,81.09886752136752,50.23351720568891,50.233516693115234,126.29853396876598,0.0293055555555555,79.10227351493727,0.0191307964233728,0.1011876091361045,0.2597213557912248,0.5602670940170941,0.0,0.4980769230769231,0.5486111111111112,0.0577777777777777,0.0,0.4541484716157205,0.0,,ok,phase3-opencv-v1,Aggregated from Phase 3 frame features.,smile,0.48921756563573227,0.5107824343642677
FEI Face Database/frontalimages_manuallyaligned_part2/192a.jpg,fei_face_database,192,fei_subject_192,neutral,neutral,smile,0.743506665321965,False,basic,phase4-logreg-v1,0.743506665321965,,,3,image,basic_expression_support,False,1,1,1.0,1.0,260.0,360.0,93.83297008547008,51.89398675850038,51.893985748291016,36.5010599923981,0.0230555555555555,95.79246017699116,0.0204247787610619,0.1351387798786163,0.2529911504424779,0.5456837606837607,0.0,0.5,0.5416666666666666,0.0577777777777777,0.0,0.4601769911504424,0.0,,ok,phase3-opencv-v1,Aggregated from Phase 3 frame features.,neutral,0.25649333467803503,0.743506665321965
FEI Face Database/frontalimages_manuallyaligned_part2/192b.jpg,fei_face_database,192,fei_subject_192,generic_smile,smile,smile,0.7543306815085008,False,basic,phase4-logreg-v1,0.7543306815085008,,,3,image,basic_expression_support,False,1,1,1.0,1.0,260.0,360.0,92.39459401709402,51.91385555057317,51.913856506347656,60.8203472477902,0.0270619658119658,93.74018379281536,0.0251322751322751,0.1300544440746307,0.2624617098301309,0.5553846153846154,0.0,0.5038461538461538,0.5472222222222223,0.0577777777777777,0.0,0.4561403508771929,0.0,,ok,phase3-opencv-v1,Aggregated from Phase 3 frame features.,smile,0.2456693184914992,0.7543306815085008
FEI Face Database/frontalimages_manuallyaligned_part2/193a.jpg,fei_face_database,193,fei_subject_193,neutral,neutral,neutral,0.9605294098437694,False,basic,phase4-logreg-v1,0.9605294098437694,,,2,image,basic_expression_support,False,1,1,1.0,0.0,260.0,360.0,90.8101923076923,49.773041938474805,49.77304458618164,40.80431203155819,0.0203311965811965,83.51928315412187,0.0159139784946236,0.1005269065499305,0.2613620071684587,0.5408653846153846,0.0,0.5134615384615384,0.5430555555555555,,,,,,ok,phase3-opencv-v1,Aggregated from Phase 3 frame features.,neutral,0.9605294098437694,0.03947059015623056
FEI Face Database/frontalimages_manuallyaligned_part2/193b.jpg,fei_face_database,193,fei_subject_193,generic_smile,smile,smile,0.6295695560953095,False,basic,phase4-logreg-v1,0.6295695560953095,,,2,image,basic_expression_support,False,1,1,1.0,1.0,260.0,360.0,89.70845085470086,49.86018367156846,49.86018371582031,59.634279297131805,0.0257158119658119,77.06229400131839,0.027759466783857,0.0869124457240104,0.2560243169999268,0.5265384615384615,0.0,0.5115384615384615,0.5472222222222223,0.0577777777777777,0.0,0.4684684684684684,0.0,,ok,phase3-opencv-v1,Aggregated from Phase 3 frame features.,smile,0.3704304439046905,0.6295695560953095
FEI Face Database/frontalimages_manuallyaligned_part2/194a.jpg,fei_face_database,194,fei_subject_194,neutral,neutral,neutral,0.984824668322698,False,basic,phase4-logreg-v1,0.984824668322698,,,1,image,basic_expression_support,False,1,1,1.0,0.0,260.0,360.0,99.44042735042736,51.51429867709974,51.51429748535156,53.13922769924756,0.030534188034188,103.0125138602883,0.0242753049263424,0.1206685230135917,0.2639790907650879,0.4892735042735043,0.0,0.5192307692307693,0.5555555555555556,,,,,,ok,phase3-opencv-v1,Aggregated from Phase 3 frame features.,neutral,0.984824668322698,0.015175331677301963
FEI Face Database/frontalimages_manuallyaligned_part2/194b.jpg,fei_face_database,194,fei_subject_194,generic_smile,smile,neutral,0.9868416528960599,False,basic,phase4-logreg-v1,0.9868416528960599,,,1,image,basic_expression_support,False,1,1,1.0,0.0,260.0,360.0,96.29405982905983,51.753461040510466,51.75345993041992,56.32933687632405,0.0237820512820512,101.3190638365278,0.0213844447964517,0.1146432980895042,0.2518612387137652,0.4892735042735043,0.0,0.5115384615384615,0.5527777777777778,,,,,,ok,phase3-opencv-v1,Aggregated from Phase 3 frame features.,smile,0.9868416528960599,0.013158347103940123
FEI Face Database/frontalimages_manuallyaligned_part2/195a.jpg,fei_face_database,195,fei_subject_195,neutral,neutral,smile,0.8706309895004175,False,basic,phase4-logreg-v1,0.8706309895004175,,,5,image,basic_expression_support,False,1,1,1.0,1.0,260.0,360.0,87.84592948717949,55.62548042135132,55.625484466552734,73.23999568951346,0.039775641025641,82.79913793103448,0.0467159277504105,0.0851968824863433,0.2532019704433497,0.4711538461538461,0.0,0.5153846153846153,0.575,0.0577777777777777,0.0,0.4952380952380952,0.0,,ok,phase3-opencv-v1,Aggregated from Phase 3 frame features.,neutral,0.1293690104995825,0.8706309895004175
FEI Face Database/frontalimages_manuallyaligned_part2/195b.jpg,fei_face_database,195,fei_subject_195,generic_smile,smile,smile,0.8355219698880385,False,basic,phase4-logreg-v1,0.8355219698880385,,,5,image,basic_expression_support,False,1,1,1.0,1.0,260.0,360.0,86.1857264957265,53.490518503481994,53.49052047729492,45.943784783402734,0.0295726495726495,84.63012921780694,0.0326892696560943,0.0902104377746582,0.2517519342163892,0.4756517094017094,0.0,0.5057692307692307,0.5513888888888889,0.0577777777777777,0.0,0.4928909952606635,0.0,,ok,phase3-opencv-v1,Aggregated from Phase 3 frame features.,smile,0.1644780301119615,0.8355219698880385
FEI Face Database/frontalimages_manuallyaligned_part2/196a.jpg,fei_face_database,196,fei_subject_196,neutral,neutral,neutral,0.9806746190691674,False,basic,phase4-logreg-v1,0.9806746190691674,,,4,image,basic_expression_support,False,1,1,1.0,0.0,260.0,360.0,115.01016025641026,48.96515433527074,48.96514892578125,85.71604010108481,0.0328632478632478,107.4539530529954,0.0308179723502304,0.0985517129302024,0.2517641129032258,0.5360683760683761,0.0,0.5153846153846153,0.5555555555555556,,,,,,ok,phase3-opencv-v1,Aggregated from Phase 3 frame features.,neutral,0.9806746190691674,0.019325380930832536
FEI Face Database/frontalimages_manuallyaligned_part2/196b.jpg,fei_face_database,196,fei_subject_196,generic_smile,smile,neutral,0.517517605831455,True,basic,phase4-logreg-v1,0.517517605831455,,,4,image,basic_expression_support,False,1,1,1.0,1.0,260.0,360.0,109.39167735042734,49.06743895241414,49.067440032958984,68.52625734611274,0.027767094017094,100.14835700362016,0.0247841826789195,0.1058965474367141,0.2547340573656363,0.5553846153846154,0.0,0.5038461538461538,0.5583333333333333,0.0577777777777777,0.0,0.4561403508771929,0.0,,ok,phase3-opencv-v1,Aggregated from Phase 3 frame features.,smile,0.517517605831455,0.48248239416854494
FEI Face Database/frontalimages_manuallyaligned_part2/197a.jpg,fei_face_database,197,fei_subject_197,neutral,neutral,neutral,0.9793359527602803,False,basic,phase4-logreg-v1,0.9793359527602803,,,3,image,basic_expression_support,False,1,1,1.0,0.0,260.0,360.0,89.48977564102564,60.87237193253811,60.87236785888672,40.4331968632433,0.0232264957264957,90.86667969513388,0.0190736759820207,0.0951475501060485,0.2524916943521594,0.4938568376068376,0.0,0.5096153846153846,0.5541666666666667,,,,,,ok,phase3-opencv-v1,Aggregated from Phase 3 frame features.,neutral,0.9793359527602803,0.02066404723971973
FEI Face Database/frontalimages_manuallyaligned_part2/197b.jpg,fei_face_database,197,fei_subject_197,generic_smile,smile,smile,0.8867369383076285,False,basic,phase4-logreg-v1,0.8867369383076285,,,3,image,basic_expression_support,False,1,1,1.0,1.0,260.0,360.0,85.02616452991452,59.7189744327355,59.71897506713867,55.104127755405784,0.0258867521367521,86.07848348641782,0.0306038694547586,0.1030830815434455,0.254094195817862,0.4938568376068376,0.0,0.5019230769230769,0.5541666666666667,0.0577777777777777,0.0,0.4837209302325581,0.0,,ok,phase3-opencv-v1,Aggregated from Phase 3 frame features.,smile,0.11326306169237155,0.8867369383076285
FEI Face Database/frontalimages_manuallyaligned_part2/198a.jpg,fei_face_database,198,fei_subject_198,neutral,neutral,neutral,0.7496695343149369,False,basic,phase4-logreg-v1,0.7496695343149369,,,2,image,basic_expression_support,False,1,1,1.0,1.0,260.0,360.0,102.43064102564102,64.43904674099572,64.43904876708984,48.79566431030389,0.0256730769230769,101.08380018674136,0.0234204793028322,0.0963335260748863,0.2513227513227513,0.4984615384615384,0.0,0.5115384615384615,0.55,0.0577777777777777,0.0,0.4814814814814814,0.0,,ok,phase3-opencv-v1,Aggregated from Phase 3 frame features.,neutral,0.7496695343149369,0.2503304656850631
FEI Face Database/frontalimages_manuallyaligned_part2/198b.jpg,fei_face_database,198,fei_subject_198,generic_smile,smile,smile,0.7468482552167772,False,basic,phase4-logreg-v1,0.7468482552167772,,,2,image,basic_expression_support,False,1,1,1.0,1.0,260.0,360.0,95.6799358974359,62.720013395548406,62.72001266479492,26.5157701512163,0.0222008547008547,94.4695865674006,0.0277601774116901,0.1188248321413993,0.2523760494218279,0.4892735042735043,0.0,0.5038461538461538,0.55,0.0577777777777777,0.0,0.4859813084112149,0.0,,ok,phase3-opencv-v1,Aggregated from Phase 3 frame features.,smile,0.2531517447832228,0.7468482552167772
FEI Face Database/frontalimages_manuallyaligned_part2/199a.jpg,fei_face_database,199,fei_subject_199,neutral,neutral,neutral,0.8727828240693198,False,basic,phase4-logreg-v1,0.8727828240693198,,,1,image,basic_expression_support,False,1,1,1.0,0.0,260.0,360.0,96.83248931623932,44.57621589484867,44.57621383666992,65.17465336949375,0.0398504273504273,90.07132743362831,0.0337345132743362,0.1116971001029014,0.2513982300884956,0.5456837606837607,0.0,0.5038461538461538,0.5333333333333333,,,,,,ok,phase3-opencv-v1,Aggregated from Phase 3 frame features.,neutral,0.8727828240693198,0.12721717593068016
FEI Face Database/frontalimages_manuallyaligned_part2/199b.jpg,fei_face_database,199,fei_subject_199,generic_smile,smile,smile,0.991183477117969,False,basic,phase4-logreg-v1,0.991183477117969,,,1,image,basic_expression_support,False,1,1,1.0,1.0,260.0,360.0,98.60495726495726,45.94374636581544,45.94374465942383,89.37758924638396,0.0439209401709401,87.81373785327499,0.0445441732809138,0.1217088922858238,0.2516133817966026,0.5218055555555555,0.0,0.5096153846153846,0.5347222222222222,0.1664102564102564,0.0,0.8009049773755657,0.0,,ok,phase3-opencv-v1,Aggregated from Phase 3 frame features.,smile,0.008816522882031053,0.991183477117969
FEI Face Database/frontalimages_manuallyaligned_part2/200a.jpg,fei_face_database,200,fei_subject_200,neutral,neutral,smile,0.5425618076138858,True,basic,phase4-logreg-v1,0.5425618076138858,,,3,image,basic_expression_support,False,1,1,1.0,1.0,260.0,360.0,86.36568376068377,46.142064325011475,46.142066955566406,53.68710924099642,0.0215811965811965,87.61619083395942,0.0144628099173553,0.0785353779792785,0.2576634109691961,0.5170940170940171,0.0,0.5076923076923077,0.5555555555555556,0.0577777777777777,0.0,0.4727272727272727,0.0,,ok,phase3-opencv-v1,Aggregated from Phase 3 frame features.,neutral,0.45743819238611416,0.5425618076138858
FEI Face Database/frontalimages_manuallyaligned_part2/200b.jpg,fei_face_database,200,fei_subject_200,generic_smile,smile,smile,0.9960334334926882,False,basic,phase4-logreg-v1,0.9960334334926882,,,3,image,basic_expression_support,False,1,1,1.0,1.0,260.0,360.0,87.65516025641026,46.52665519079949,46.52665710449219,52.25827141089561,0.0238995726495726,86.1617832505007,0.0202507232401157,0.0785526409745216,0.2563608040946517,0.5218055555555555,0.0,0.5019230769230769,0.5513888888888889,0.1664102564102564,0.0,0.8009049773755657,0.0,,ok,phase3-opencv-v1,Aggregated from Phase 3 frame features.,smile,0.003966566507311753,0.9960334334926882
