source,relative_path,subject_id,image_variant,target_label,file_ext
fei_face_database,FEI Face Database/frontalimages_manuallyaligned_part1/100a.jpg,100,aligned_a,neutral,jpg
fei_face_database,FEI Face Database/frontalimages_manuallyaligned_part1/100b.jpg,100,aligned_b,generic_smile,jpg
fei_face_database,FEI Face Database/frontalimages_manuallyaligned_part1/10a.jpg,10,aligned_a,neutral,jpg
fei_face_database,FEI Face Database/frontalimages_manuallyaligned_part1/10b.jpg,10,aligned_b,generic_smile,jpg
fei_face_database,FEI Face Database/frontalimages_manuallyaligned_part1/11a.jpg,11,aligned_a,neutral,jpg
fei_face_database,FEI Face Database/frontalimages_manuallyaligned_part1/11b.jpg,11,aligned_b,generic_smile,jpg
fei_face_database,FEI Face Database/frontalimages_manuallyaligned_part1/12a.jpg,12,aligned_a,neutral,jpg
fei_face_database,FEI Face Database/frontalimages_manuallyaligned_part1/12b.jpg,12,aligned_b,generic_smile,jpg
fei_face_database,FEI Face Database/frontalimages_manuallyaligned_part1/13a.jpg,13,aligned_a,neutral,jpg
fei_face_database,FEI Face Database/frontalimages_manuallyaligned_part1/13b.jpg,13,aligned_b,generic_smile,jpg
fei_face_database,FEI Face Database/frontalimages_manuallyaligned_part1/14a.jpg,14,aligned_a,neutral,jpg
fei_face_database,FEI Face Database/frontalimages_manuallyaligned_part1/14b.jpg,14,aligned_b,generic_smile,jpg
fei_face_database,FEI Face Database/frontalimages_manuallyaligned_part1/15a.jpg,15,aligned_a,neutral,jpg
fei_face_database,FEI Face Database/frontalimages_manuallyaligned_part1/15b.jpg,15,aligned_b,generic_smile,jpg
fei_face_database,FEI Face Database/frontalimages_manuallyaligned_part1/16a.jpg,16,aligned_a,neutral,jpg
fei_face_database,FEI Face Database/frontalimages_manuallyaligned_part1/16b.jpg,16,aligned_b,generic_smile,jpg
fei_face_database,FEI Face Database/frontalimages_manuallyaligned_part1/17a.jpg,17,aligned_a,neutral,jpg
fei_face_database,FEI Face Database/frontalimages_manuallyaligned_part1/17b.jpg,17,aligned_b,generic_smile,jpg
fei_face_database,FEI Face Database/frontalimages_manuallyaligned_part1/18a.jpg,18,aligned_a,neutral,jpg
fei_face_database,FEI Face Database/frontalimages_manuallyaligned_part1/18b.jpg,18,aligned_b,generic_smile,jpg
fei_face_database,FEI Face Database/frontalimages_manuallyaligned_part1/19a.jpg,19,aligned_a,neutral,jpg
fei_face_database,FEI Face Database/frontalimages_manuallyaligned_part1/19b.jpg,19,aligned_b,generic_smile,jpg
fei_face_database,FEI Face Database/frontalimages_manuallyaligned_part1/1a.jpg,1,aligned_a,neutral,jpg
fei_face_database,FEI Face Database/frontalimages_manuallyaligned_part1/1b.jpg,1,aligned_b,generic_smile,jpg
fei_face_database,FEI Face Database/frontalimages_manuallyaligned_part1/20a.jpg,20,aligned_a,neutral,jpg
fei_face_database,FEI Face Database/frontalimages_manuallyaligned_part1/20b.jpg,20,aligned_b,generic_smile,jpg
fei_face_database,FEI Face Database/frontalimages_manuallyaligned_part1/21a.jpg,21,aligned_a,neutral,jpg
fei_face_database,FEI Face Database/frontalimages_manuallyaligned_part1/21b.jpg,21,aligned_b,generic_smile,jpg
fei_face_database,FEI Face Database/frontalimages_manuallyaligned_part1/22a.jpg,22,aligned_a,neutral,jpg
fei_face_database,FEI Face Database/frontalimages_manuallyaligned_part1/22b.jpg,22,aligned_b,generic_smile,jpg
fei_face_database,FEI Face Database/frontalimages_manuallyaligned_part1/23a.jpg,23,aligned_a,neutral,jpg
fei_face_database,FEI Face Database/frontalimages_manuallyaligned_part1/23b.jpg,23,aligned_b,generic_smile,jpg
fei_face_database,FEI Face Database/frontalimages_manuallyaligned_part1/24a.jpg,24,aligned_a,neutral,jpg
fei_face_database,FEI Face Database/frontalimages_manuallyaligned_part1/24b.jpg,24,aligned_b,generic_smile,jpg
fei_face_database,FEI Face Database/frontalimages_manuallyaligned_part1/25a.jpg,25,aligned_a,neutral,jpg
fei_face_database,FEI Face Database/frontalimages_manuallyaligned_part1/25b.jpg,25,aligned_b,generic_smile,jpg
fei_face_database,FEI Face Database/frontalimages_manuallyaligned_part1/26a.jpg,26,aligned_a,neutral,jpg
fei_face_database,FEI Face Database/frontalimages_manuallyaligned_part1/26b.jpg,26,aligned_b,generic_smile,jpg
fei_face_database,FEI Face Database/frontalimages_manuallyaligned_part1/27a.jpg,27,aligned_a,neutral,jpg
fei_face_database,FEI Face Database/frontalimages_manuallyaligned_part1/27b.jpg,27,aligned_b,generic_smile,jpg
fei_face_database,FEI Face Database/frontalimages_manuallyaligned_part1/28a.jpg,28,aligned_a,neutral,jpg
fei_face_database,FEI Face Database/frontalimages_manuallyaligned_part1/28b.jpg,28,aligned_b,generic_smile,jpg
fei_face_database,FEI Face Database/frontalimages_manuallyaligned_part1/29a.jpg,29,aligned_a,neutral,jpg
fei_face_database,FEI Face Database/frontalimages_manuallyaligned_part1/29b.jpg,29,aligned_b,generic_smile,jpg
fei_face_database,FEI Face Database/frontalimages_manuallyaligned_part1/2a.jpg,2,aligned_a,neutral,jpg
fei_face_database,FEI Face Database/frontalimages_manuallyaligned_part1/2b.jpg,2,aligned_b,generic_smile,jpg
fei_face_database,FEI Face Database/frontalimages_manuallyaligned_part1/30a.jpg,30,aligned_a,neutral,jpg
fei_face_database,FEI Face Database/frontalimages_manuallyaligned_part1/30b.jpg,30,aligned_b,generic_smile,jpg
fei_face_database,FEI Face Database/frontalimages_manuallyaligned_part1/31a.jpg,31,aligned_a,neutral,jpg
fei_face_database,FEI Face Database/frontalimages_manuallyaligned_part1/31b.jpg,31,aligned_b,generic_smile,jpg
fei_face_database,FEI Face Database/frontalimages_manuallyaligned_part1/32a.jpg,32,aligned_a,neutral,jpg
fei_face_database,FEI Face Database/frontalimages_manuallyaligned_part1/32b.jpg,32,aligned_b,generic_smile,jpg
fei_face_database,FEI Face Database/frontalimages_manuallyaligned_part1/33a.jpg,33,aligned_a,neutral,jpg
fei_face_database,FEI Face Database/frontalimages_manuallyaligned_part1/33b.jpg,33,aligned_b,generic_smile,jpg
fei_face_database,FEI Face Database/frontalimages_manuallyaligned_part1/34a.jpg,34,aligned_a,neutral,jpg
fei_face_database,FEI Face Database/frontalimages_manuallyaligned_part1/34b.jpg,34,aligned_b,generic_smile,jpg
fei_face_database,FEI Face Database/frontalimages_manuallyaligned_part1/35a.jpg,35,aligned_a,neutral,jpg
fei_face_database,FEI Face Database/frontalimages_manuallyaligned_part1/35b.jpg,35,aligned_b,generic_smile,jpg
fei_face_database,FEI Face Database/frontalimages_manuallyaligned_part1/36a.jpg,36,aligned_a,neutral,jpg
fei_face_database,FEI Face Database/frontalimages_manuallyaligned_part1/36b.jpg,36,aligned_b,generic_smile,jpg
fei_face_database,FEI Face Database/frontalimages_manuallyaligned_part1/37a.jpg,37,aligned_a,neutral,jpg
fei_face_database,FEI Face Database/frontalimages_manuallyaligned_part1/37b.jpg,37,aligned_b,generic_smile,jpg
fei_face_database,FEI Face Database/frontalimages_manuallyaligned_part1/38a.jpg,38,aligned_a,neutral,jpg
fei_face_database,FEI Face Database/frontalimages_manuallyaligned_part1/38b.jpg,38,aligned_b,generic_smile,jpg
fei_face_database,FEI Face Database/frontalimages_manuallyaligned_part1/39a.jpg,39,aligned_a,neutral,jpg
fei_face_database,FEI Face Database/frontalimages_manuallyaligned_part1/39b.jpg,39,aligned_b,generic_smile,jpg
fei_face_database,FEI Face Database/frontalimages_manuallyaligned_part1/3a.jpg,3,aligned_a,neutral,jpg
fei_face_database,FEI Face Database/frontalimages_manuallyaligned_part1/3b.jpg,3,aligned_b,generic_smile,jpg
fei_face_database,FEI Face Database/frontalimages_manuallyaligned_part1/40a.jpg,40,aligned_a,neutral,jpg
fei_face_database,FEI Face Database/frontalimages_manuallyaligned_part1/40b.jpg,40,aligned_b,generic_smile,jpg
fei_face_database,FEI Face Database/frontalimages_manuallyaligned_part1/41a.jpg,41,aligned_a,neutral,jpg
fei_face_database,FEI Face Database/frontalimages_manuallyaligned_part1/41b.jpg,41,aligned_b,generic_smile,jpg
fei_face_database,FEI Face Database/frontalimages_manuallyaligned_part1/42a.jpg,42,aligned_a,neutral,jpg
fei_face_database,FEI Face Database/frontalimages_manuallyaligned_part1/42b.jpg,42,aligned_b,generic_smile,jpg
fei_face_database,FEI Face Database/frontalimages_manuallyaligned_part1/43a.jpg,43,aligned_a,neutral,jpg
fei_face_database,FEI Face Database/frontalimages_manuallyaligned_part1/43b.jpg,43,aligned_b,generic_smile,jpg
fei_face_database,FEI Face Database/frontalimages_manuallyaligned_part1/44a.jpg,44,aligned_a,neutral,jpg
fei_face_database,FEI Face Database/frontalimages_manuallyaligned_part1/44b.jpg,44,aligned_b,generic_smile,jpg
fei_face_database,FEI Face Database/frontalimages_manuallyaligned_part1/45a.jpg,45,aligned_a,neutral,jpg
fei_face_database,FEI Face Database/frontalimages_manuallyaligned_part1/45b.jpg,45,aligned_b,generic_smile,jpg
fei_face_database,FEI Face Database/frontalimages_manuallyaligned_part1/46a.jpg,46,aligned_a,neutral,jpg
fei_face_database,FEI Face Database/frontalimages_manuallyaligned_part1/46b.jpg,46,aligned_b,generic_smile,jpg
fei_face_database,FEI Face Database/frontalimages_manuallyaligned_part1/47a.jpg,47,aligned_a,neutral,jpg
fei_face_database,FEI Face Database/frontalimages_manuallyaligned_part1/47b.jpg,47,aligned_b,generic_smile,jpg
fei_face_database,FEI Face Database/frontalimages_manuallyaligned_part1/48a.jpg,48,aligned_a,neutral,jpg
fei_face_database,FEI Face Database/frontalimages_manuallyaligned_part1/48b.jpg,48,aligned_b,generic_smile,jpg
fei_face_database,FEI Face Database/frontalimages_manuallyaligned_part1/49a.jpg,49,aligned_a,neutral,jpg
fei_face_database,FEI Face Database/frontalimages_manuallyaligned_part1/49b.jpg,49,aligned_b,generic_smile,jpg
fei_face_database,FEI Face Database/frontalimages_manuallyaligned_part1/4a.jpg,4,aligned_a,neutral,jpg
fei_face_database,FEI Face Database/frontalimages_manuallyaligned_part1/4b.jpg,4,aligned_b,generic_smile,jpg
fei_face_database,FEI Face Database/frontalimages_manuallyaligned_part1/50a.jpg,50,aligned_a,neutral,jpg
fei_face_database,FEI Face Database/frontalimages_manuallyaligned_part1/50b.jpg,50,aligned_b,generic_smile,jpg
fei_face_database,FEI Face Database/frontalimages_manuallyaligned_part1/51a.jpg,51,aligned_a,neutral,jpg
fei_face_database,FEI Face Database/frontalimages_manuallyaligned_part1/51b.jpg,51,aligned_b,generic_smile,jpg
fei_face_database,FEI Face Database/frontalimages_manuallyaligned_part1/52a.jpg,52,aligned_a,neutral,jpg
fei_face_database,FEI Face Database/frontalimages_manuallyaligned_part1/52b.jpg,52,aligned_b,generic_smile,jpg
fei_face_database,FEI Face Database/frontalimages_manuallyaligned_part1/53a.jpg,53,aligned_a,neutral,jpg
fei_face_database,FEI Face Database/frontalimages_manuallyaligned_part1/53b.jpg,53,aligned_b,generic_smile,jpg
fei_face_database,FEI Face Database/frontalimages_manuallyaligned_part1/54a.jpg,54,aligned_a,neutral,jpg
fei_face_database,FEI Face Database/frontalimages_manuallyaligned_part1/54b.jpg,54,aligned_b,generic_smile,jpg
fei_face_database,FEI Face Database/frontalimages_manuallyaligned_part1/55a.jpg,55,aligned_a,neutral,jpg
fei_face_database,FEI Face Database/frontalimages_manuallyaligned_part1/55b.jpg,55,aligned_b,generic_smile,jpg
fei_face_database,FEI Face Database/frontalimages_manuallyaligned_part1/56a.jpg,56,aligned_a,neutral,jpg
fei_face_database,FEI Face Database/frontalimages_manuallyaligned_part1/56b.jpg,56,aligned_b,generic_smile,jpg
fei_face_database,FEI Face Database/frontalimages_manuallyaligned_part1/57a.jpg,57,aligned_a,neutral,jpg
fei_face_database,FEI Face Database/frontalimages_manuallyaligned_part1/57b.jpg,57,aligned_b,generic_smile,jpg
fei_face_database,FEI Face Database/frontalimages_manuallyaligned_part1/58a.jpg,58,aligned_a,neutral,jpg
fei_face_database,FEI Face Database/frontalimages_manuallyaligned_part1/58b.jpg,58,aligned_b,generic_smile,jpg
fei_face_database,FEI Face Database/frontalimages_manuallyaligned_part1/59a.jpg,59,aligned_a,neutral,jpg
fei_face_database,FEI Face Database/frontalimages_manuallyaligned_part1/59b.jpg,59,aligned_b,generic_smile,jpg
fei_face_database,FEI Face Database/frontalimages_manuallyaligned_part1/5a.jpg,5,aligned_a,neutral,jpg
fei_face_database,FEI Face Database/frontalimages_manuallyaligned_part1/5b.jpg,5,aligned_b,generic_smile,jpg
fei_face_database,FEI Face Database/frontalimages_manuallyaligned_part1/60a.jpg,60,aligned_a,neutral,jpg
fei_face_database,FEI Face Database/frontalimages_manuallyaligned_part1/60b.jpg,60,aligned_b,generic_smile,jpg
fei_face_database,FEI Face Database/frontalimages_manuallyaligned_part1/61a.jpg,61,aligned_a,neutral,jpg
fei_face_database,FEI Face Database/frontalimages_manuallyaligned_part1/61b.jpg,61,aligned_b,generic_smile,jpg
fei_face_database,FEI Face Database/frontalimages_manuallyaligned_part1/62a.jpg,62,aligned_a,neutral,jpg
fei_face_database,FEI Face Database/frontalimages_manuallyaligned_part1/62b.jpg,62,aligned_b,generic_smile,jpg
fei_face_database,FEI Face Database/frontalimages_manuallyaligned_part1/63a.jpg,63,aligned_a,neutral,jpg
fei_face_database,FEI Face Database/frontalimages_manuallyaligned_part1/63b.jpg,63,aligned_b,generic_smile,jpg
fei_face_database,FEI Face Database/frontalimages_manuallyaligned_part1/64a.jpg,64,aligned_a,neutral,jpg
fei_face_database,FEI Face Database/frontalimages_manuallyaligned_part1/64b.jpg,64,aligned_b,generic_smile,jpg
fei_face_database,FEI Face Database/frontalimages_manuallyaligned_part1/65a.jpg,65,aligned_a,neutral,jpg
fei_face_database,FEI Face Database/frontalimages_manuallyaligned_part1/65b.jpg,65,aligned_b,generic_smile,jpg
fei_face_database,FEI Face Database/frontalimages_manuallyaligned_part1/66a.jpg,66,aligned_a,neutral,jpg
fei_face_database,FEI Face Database/frontalimages_manuallyaligned_part1/66b.jpg,66,aligned_b,generic_smile,jpg
fei_face_database,FEI Face Database/frontalimages_manuallyaligned_part1/67a.jpg,67,aligned_a,neutral,jpg
fei_face_database,FEI Face Database/frontalimages_manuallyaligned_part1/67b.jpg,67,aligned_b,generic_smile,jpg
fei_face_database,FEI Face Database/frontalimages_manuallyaligned_part1/68a.jpg,68,aligned_a,neutral,jpg
fei_face_database,FEI Face Database/frontalimages_manuallyaligned_part1/68b.jpg,68,aligned_b,generic_smile,jpg
fei_face_database,FEI Face Database/frontalimages_manuallyaligned_part1/69a.jpg,69,aligned_a,neutral,jpg
fei_face_database,FEI Face Database/frontalimages_manuallyaligned_part1/69b.jpg,69,aligned_b,generic_smile,jpg
fei_face_database,FEI Face Database/frontalimages_manuallyaligned_part1/6a.jpg,6,aligned_a,neutral,jpg
fei_face_database,FEI Face Database/frontalimages_manuallyaligned_part1/6b.jpg,6,aligned_b,generic_smile,jpg
fei_face_database,FEI Face Database/frontalimages_manuallyaligned_part1/70a.jpg,70,aligned_a,neutral,jpg
fei_face_database,FEI Face Database/frontalimages_manuallyaligned_part1/70b.jpg,70,aligned_b,generic_smile,jpg
fei_face_database,FEI Face Database/frontalimages_manuallyaligned_part1/71a.jpg,71,aligned_a,neutral,jpg
fei_face_database,FEI Face Database/frontalimages_manuallyaligned_part1/71b.jpg,71,aligned_b,generic_smile,jpg
fei_face_database,FEI Face Database/frontalimages_manuallyaligned_part1/72a.jpg,72,aligned_a,neutral,jpg
fei_face_database,FEI Face Database/frontalimages_manuallyaligned_part1/72b.jpg,72,aligned_b,generic_smile,jpg
fei_face_database,FEI Face Database/frontalimages_manuallyaligned_part1/73a.jpg,73,aligned_a,neutral,jpg
fei_face_database,FEI Face Database/frontalimages_manuallyaligned_part1/73b.jpg,73,aligned_b,generic_smile,jpg
fei_face_database,FEI Face Database/frontalimages_manuallyaligned_part1/74a.jpg,74,aligned_a,neutral,jpg
fei_face_database,FEI Face Database/frontalimages_manuallyaligned_part1/74b.jpg,74,aligned_b,generic_smile,jpg
fei_face_database,FEI Face Database/frontalimages_manuallyaligned_part1/75a.jpg,75,aligned_a,neutral,jpg
fei_face_database,FEI Face Database/frontalimages_manuallyaligned_part1/75b.jpg,75,aligned_b,generic_smile,jpg
fei_face_database,FEI Face Database/frontalimages_manuallyaligned_part1/76a.jpg,76,aligned_a,neutral,jpg
fei_face_database,FEI Face Database/frontalimages_manuallyaligned_part1/76b.jpg,76,aligned_b,generic_smile,jpg
fei_face_database,FEI Face Database/frontalimages_manuallyaligned_part1/77a.jpg,77,aligned_a,neutral,jpg
fei_face_database,FEI Face Database/frontalimages_manuallyaligned_part1/77b.jpg,77,aligned_b,generic_smile,jpg
fei_face_database,FEI Face Database/frontalimages_manuallyaligned_part1/78a.jpg,78,aligned_a,neutral,jpg
fei_face_database,FEI Face Database/frontalimages_manuallyaligned_part1/78b.jpg,78,aligned_b,generic_smile,jpg
fei_face_database,FEI Face Database/frontalimages_manuallyaligned_part1/79a.jpg,79,aligned_a,neutral,jpg
fei_face_database,FEI Face Database/frontalimages_manuallyaligned_part1/79b.jpg,79,aligned_b,generic_smile,jpg
fei_face_database,FEI Face Database/frontalimages_manuallyaligned_part1/7a.jpg,7,aligned_a,neutral,jpg
fei_face_database,FEI Face Database/frontalimages_manuallyaligned_part1/7b.jpg,7,aligned_b,generic_smile,jpg
fei_face_database,FEI Face Database/frontalimages_manuallyaligned_part1/80a.jpg,80,aligned_a,neutral,jpg
fei_face_database,FEI Face Database/frontalimages_manuallyaligned_part1/80b.jpg,80,aligned_b,generic_smile,jpg
fei_face_database,FEI Face Database/frontalimages_manuallyaligned_part1/81a.jpg,81,aligned_a,neutral,jpg
fei_face_database,FEI Face Database/frontalimages_manuallyaligned_part1/81b.jpg,81,aligned_b,generic_smile,jpg
fei_face_database,FEI Face Database/frontalimages_manuallyaligned_part1/82a.jpg,82,aligned_a,neutral,jpg
fei_face_database,FEI Face Database/frontalimages_manuallyaligned_part1/82b.jpg,82,aligned_b,generic_smile,jpg
fei_face_database,FEI Face Database/frontalimages_manuallyaligned_part1/83a.jpg,83,aligned_a,neutral,jpg
fei_face_database,FEI Face Database/frontalimages_manuallyaligned_part1/83b.jpg,83,aligned_b,generic_smile,jpg
fei_face_database,FEI Face Database/frontalimages_manuallyaligned_part1/84a.jpg,84,aligned_a,neutral,jpg
fei_face_database,FEI Face Database/frontalimages_manuallyaligned_part1/84b.jpg,84,aligned_b,generic_smile,jpg
fei_face_database,FEI Face Database/frontalimages_manuallyaligned_part1/85a.jpg,85,aligned_a,neutral,jpg
fei_face_database,FEI Face Database/frontalimages_manuallyaligned_part1/85b.jpg,85,aligned_b,generic_smile,jpg
fei_face_database,FEI Face Database/frontalimages_manuallyaligned_part1/86a.jpg,86,aligned_a,neutral,jpg
fei_face_database,FEI Face Database/frontalimages_manuallyaligned_part1/86b.jpg,86,aligned_b,generic_smile,jpg
fei_face_database,FEI Face Database/frontalimages_manuallyaligned_part1/87a.jpg,87,aligned_a,neutral,jpg
fei_face_database,FEI Face Database/frontalimages_manuallyaligned_part1/87b.jpg,87,aligned_b,generic_smile,jpg
fei_face_database,FEI Face Database/frontalimages_manuallyaligned_part1/88a.jpg,88,aligned_a,neutral,jpg
fei_face_database,FEI Face Database/frontalimages_manuallyaligned_part1/88b.jpg,88,aligned_b,generic_smile,jpg
fei_face_database,FEI Face Database/frontalimages_manuallyaligned_part1/89a.jpg,89,aligned_a,neutral,jpg
fei_face_database,FEI Face Database/frontalimages_manuallyaligned_part1/89b.jpg,89,aligned_b,generic_smile,jpg
fei_face_database,FEI Face Database/frontalimages_manuallyaligned_part1/8a.jpg,8,aligned_a,neutral,jpg
fei_face_database,FEI Face Database/frontalimages_manuallyaligned_part1/8b.jpg,8,aligned_b,generic_smile,jpg
fei_face_database,FEI Face Database/frontalimages_manuallyaligned_part1/90a.jpg,90,aligned_a,neutral,jpg
fei_face_database,FEI Face Database/frontalimages_manuallyaligned_part1/90b.jpg,90,aligned_b,generic_smile,jpg
fei_face_database,FEI Face Database/frontalimages_manuallyaligned_part1/91a.jpg,91,aligned_a,neutral,jpg
fei_face_database,FEI Face Database/frontalimages_manuallyaligned_part1/91b.jpg,91,aligned_b,generic_smile,jpg
fei_face_database,FEI Face Database/frontalimages_manuallyaligned_part1/92a.jpg,92,aligned_a,neutral,jpg
fei_face_database,FEI Face Database/frontalimages_manuallyaligned_part1/92b.jpg,92,aligned_b,generic_smile,jpg
fei_face_database,FEI Face Database/frontalimages_manuallyaligned_part1/93a.jpg,93,aligned_a,neutral,jpg
fei_face_database,FEI Face Database/frontalimages_manuallyaligned_part1/93b.jpg,93,aligned_b,generic_smile,jpg
fei_face_database,FEI Face Database/frontalimages_manuallyaligned_part1/94a.jpg,94,aligned_a,neutral,jpg
fei_face_database,FEI Face Database/frontalimages_manuallyaligned_part1/94b.jpg,94,aligned_b,generic_smile,jpg
fei_face_database,FEI Face Database/frontalimages_manuallyaligned_part1/95a.jpg,95,aligned_a,neutral,jpg
fei_face_database,FEI Face Database/frontalimages_manuallyaligned_part1/95b.jpg,95,aligned_b,generic_smile,jpg
fei_face_database,FEI Face Database/frontalimages_manuallyaligned_part1/96a.jpg,96,aligned_a,neutral,jpg
fei_face_database,FEI Face Database/frontalimages_manuallyaligned_part1/96b.jpg,96,aligned_b,generic_smile,jpg
fei_face_database,FEI Face Database/frontalimages_manuallyaligned_part1/97a.jpg,97,aligned_a,neutral,jpg
fei_face_database,FEI Face Database/frontalimages_manuallyaligned_part1/97b.jpg,97,aligned_b,generic_smile,jpg
fei_face_database,FEI Face Database/frontalimages_manuallyaligned_part1/98a.jpg,98,aligned_a,neutral,jpg
fei_face_database,FEI Face Database/frontalimages_manuallyaligned_part1/98b.jpg,98,aligned_b,generic_smile,jpg
fei_face_database,FEI Face Database/frontalimages_manuallyaligned_part1/99a.jpg,99,aligned_a,neutral,jpg
fei_face_database,FEI Face Database/frontalimages_manuallyaligned_part1/99b.jpg,99,aligned_b,generic_smile,jpg
fei_face_database,FEI Face Database/frontalimages_manuallyaligned_part1/9a.jpg,9,aligned_a,neutral,jpg
fei_face_database,FEI Face Database/frontalimages_manuallyaligned_part1/9b.jpg,9,aligned_b,generic_smile,jpg
fei_face_database,FEI Face Database/frontalimages_manuallyaligned_part2/101a.jpg,101,aligned_a,neutral,jpg
fei_face_database,FEI Face Database/frontalimages_manuallyaligned_part2/101b.jpg,101,aligned_b,generic_smile,jpg
fei_face_database,FEI Face Database/frontalimages_manuallyaligned_part2/102a.jpg,102,aligned_a,neutral,jpg
fei_face_database,FEI Face Database/frontalimages_manuallyaligned_part2/102b.jpg,102,aligned_b,generic_smile,jpg
fei_face_database,FEI Face Database/frontalimages_manuallyaligned_part2/103a.jpg,103,aligned_a,neutral,jpg
fei_face_database,FEI Face Database/frontalimages_manuallyaligned_part2/103b.jpg,103,aligned_b,generic_smile,jpg
fei_face_database,FEI Face Database/frontalimages_manuallyaligned_part2/104a.jpg,104,aligned_a,neutral,jpg
fei_face_database,FEI Face Database/frontalimages_manuallyaligned_part2/104b.jpg,104,aligned_b,generic_smile,jpg
fei_face_database,FEI Face Database/frontalimages_manuallyaligned_part2/105a.jpg,105,aligned_a,neutral,jpg
fei_face_database,FEI Face Database/frontalimages_manuallyaligned_part2/105b.jpg,105,aligned_b,generic_smile,jpg
fei_face_database,FEI Face Database/frontalimages_manuallyaligned_part2/106a.jpg,106,aligned_a,neutral,jpg
fei_face_database,FEI Face Database/frontalimages_manuallyaligned_part2/106b.jpg,106,aligned_b,generic_smile,jpg
fei_face_database,FEI Face Database/frontalimages_manuallyaligned_part2/107a.jpg,107,aligned_a,neutral,jpg
fei_face_database,FEI Face Database/frontalimages_manuallyaligned_part2/107b.jpg,107,aligned_b,generic_smile,jpg
fei_face_database,FEI Face Database/frontalimages_manuallyaligned_part2/108a.jpg,108,aligned_a,neutral,jpg
fei_face_database,FEI Face Database/frontalimages_manuallyaligned_part2/108b.jpg,108,aligned_b,generic_smile,jpg
fei_face_database,FEI Face Database/frontalimages_manuallyaligned_part2/109a.jpg,109,aligned_a,neutral,jpg
fei_face_database,FEI Face Database/frontalimages_manuallyaligned_part2/109b.jpg,109,aligned_b,generic_smile,jpg
fei_face_database,FEI Face Database/frontalimages_manuallyaligned_part2/110a.jpg,110,aligned_a,neutral,jpg
fei_face_database,FEI Face Database/frontalimages_manuallyaligned_part2/110b.jpg,110,aligned_b,generic_smile,jpg
fei_face_database,FEI Face Database/frontalimages_manuallyaligned_part2/111a.jpg,111,aligned_a,neutral,jpg
fei_face_database,FEI Face Database/frontalimages_manuallyaligned_part2/111b.jpg,111,aligned_b,generic_smile,jpg
fei_face_database,FEI Face Database/frontalimages_manuallyaligned_part2/112a.jpg,112,aligned_a,neutral,jpg
fei_face_database,FEI Face Database/frontalimages_manuallyaligned_part2/112b.jpg,112,aligned_b,generic_smile,jpg
fei_face_database,FEI Face Database/frontalimages_manuallyaligned_part2/113a.jpg,113,aligned_a,neutral,jpg
fei_face_database,FEI Face Database/frontalimages_manuallyaligned_part2/113b.jpg,113,aligned_b,generic_smile,jpg
fei_face_database,FEI Face Database/frontalimages_manuallyaligned_part2/114a.jpg,114,aligned_a,neutral,jpg
fei_face_database,FEI Face Database/frontalimages_manuallyaligned_part2/114b.jpg,114,aligned_b,generic_smile,jpg
fei_face_database,FEI Face Database/frontalimages_manuallyaligned_part2/115a.jpg,115,aligned_a,neutral,jpg
fei_face_database,FEI Face Database/frontalimages_manuallyaligned_part2/115b.jpg,115,aligned_b,generic_smile,jpg
fei_face_database,FEI Face Database/frontalimages_manuallyaligned_part2/116a.jpg,116,aligned_a,neutral,jpg
fei_face_database,FEI Face Database/frontalimages_manuallyaligned_part2/116b.jpg,116,aligned_b,generic_smile,jpg
fei_face_database,FEI Face Database/frontalimages_manuallyaligned_part2/117a.jpg,117,aligned_a,neutral,jpg
fei_face_database,FEI Face Database/frontalimages_manuallyaligned_part2/117b.jpg,117,aligned_b,generic_smile,jpg
fei_face_database,FEI Face Database/frontalimages_manuallyaligned_part2/118a.jpg,118,aligned_a,neutral,jpg
fei_face_database,FEI Face Database/frontalimages_manuallyaligned_part2/118b.jpg,118,aligned_b,generic_smile,jpg
fei_face_database,FEI Face Database/frontalimages_manuallyaligned_part2/119a.jpg,119,aligned_a,neutral,jpg
fei_face_database,FEI Face Database/frontalimages_manuallyaligned_part2/119b.jpg,119,aligned_b,generic_smile,jpg
fei_face_database,FEI Face Database/frontalimages_manuallyaligned_part2/120a.jpg,120,aligned_a,neutral,jpg
fei_face_database,FEI Face Database/frontalimages_manuallyaligned_part2/120b.jpg,120,aligned_b,generic_smile,jpg
fei_face_database,FEI Face Database/frontalimages_manuallyaligned_part2/121a.jpg,121,aligned_a,neutral,jpg
fei_face_database,FEI Face Database/frontalimages_manuallyaligned_part2/121b.jpg,121,aligned_b,generic_smile,jpg
fei_face_database,FEI Face Database/frontalimages_manuallyaligned_part2/122a.jpg,122,aligned_a,neutral,jpg
fei_face_database,FEI Face Database/frontalimages_manuallyaligned_part2/122b.jpg,122,aligned_b,generic_smile,jpg
fei_face_database,FEI Face Database/frontalimages_manuallyaligned_part2/123a.jpg,123,aligned_a,neutral,jpg
fei_face_database,FEI Face Database/frontalimages_manuallyaligned_part2/123b.jpg,123,aligned_b,generic_smile,jpg
fei_face_database,FEI Face Database/frontalimages_manuallyaligned_part2/124a.jpg,124,aligned_a,neutral,jpg
fei_face_database,FEI Face Database/frontalimages_manuallyaligned_part2/124b.jpg,124,aligned_b,generic_smile,jpg
fei_face_database,FEI Face Database/frontalimages_manuallyaligned_part2/125a.jpg,125,aligned_a,neutral,jpg
fei_face_database,FEI Face Database/frontalimages_manuallyaligned_part2/125b.jpg,125,aligned_b,generic_smile,jpg
fei_face_database,FEI Face Database/frontalimages_manuallyaligned_part2/126a.jpg,126,aligned_a,neutral,jpg
fei_face_database,FEI Face Database/frontalimages_manuallyaligned_part2/126b.jpg,126,aligned_b,generic_smile,jpg
fei_face_database,FEI Face Database/frontalimages_manuallyaligned_part2/127a.jpg,127,aligned_a,neutral,jpg
fei_face_database,FEI Face Database/frontalimages_manuallyaligned_part2/127b.jpg,127,aligned_b,generic_smile,jpg
fei_face_database,FEI Face Database/frontalimages_manuallyaligned_part2/128a.jpg,128,aligned_a,neutral,jpg
fei_face_database,FEI Face Database/frontalimages_manuallyaligned_part2/128b.jpg,128,aligned_b,generic_smile,jpg
fei_face_database,FEI Face Database/frontalimages_manuallyaligned_part2/129a.jpg,129,aligned_a,neutral,jpg
fei_face_database,FEI Face Database/frontalimages_manuallyaligned_part2/129b.jpg,129,aligned_b,generic_smile,jpg
fei_face_database,FEI Face Database/frontalimages_manuallyaligned_part2/130a.jpg,130,aligned_a,neutral,jpg
fei_face_database,FEI Face Database/frontalimages_manuallyaligned_part2/130b.jpg,130,aligned_b,generic_smile,jpg
fei_face_database,FEI Face Database/frontalimages_manuallyaligned_part2/131a.jpg,131,aligned_a,neutral,jpg
fei_face_database,FEI Face Database/frontalimages_manuallyaligned_part2/131b.jpg,131,aligned_b,generic_smile,jpg
fei_face_database,FEI Face Database/frontalimages_manuallyaligned_part2/132a.jpg,132,aligned_a,neutral,jpg
fei_face_database,FEI Face Database/frontalimages_manuallyaligned_part2/132b.jpg,132,aligned_b,generic_smile,jpg
fei_face_database,FEI Face Database/frontalimages_manuallyaligned_part2/133a.jpg,133,aligned_a,neutral,jpg
fei_face_database,FEI Face Database/frontalimages_manuallyaligned_part2/133b.jpg,133,aligned_b,generic_smile,jpg
fei_face_database,FEI Face Database/frontalimages_manuallyaligned_part2/134a.jpg,134,aligned_a,neutral,jpg
fei_face_database,FEI Face Database/frontalimages_manuallyaligned_part2/134b.jpg,134,aligned_b,generic_smile,jpg
fei_face_database,FEI Face Database/frontalimages_manuallyaligned_part2/135a.jpg,135,aligned_a,neutral,jpg
fei_face_database,FEI Face Database/frontalimages_manuallyaligned_part2/135b.jpg,135,aligned_b,generic_smile,jpg
fei_face_database,FEI Face Database/frontalimages_manuallyaligned_part2/136a.jpg,136,aligned_a,neutral,jpg
fei_face_database,FEI Face Database/frontalimages_manuallyaligned_part2/136b.jpg,136,aligned_b,generic_smile,jpg
fei_face_database,FEI Face Database/frontalimages_manuallyaligned_part2/137a.jpg,137,aligned_a,neutral,jpg
fei_face_database,FEI Face Database/frontalimages_manuallyaligned_part2/137b.jpg,137,aligned_b,generic_smile,jpg
fei_face_database,FEI Face Database/frontalimages_manuallyaligned_part2/138a.jpg,138,aligned_a,neutral,jpg
fei_face_database,FEI Face Database/frontalimages_manuallyaligned_part2/138b.jpg,138,aligned_b,generic_smile,jpg
fei_face_database,FEI Face Database/frontalimages_manuallyaligned_part2/139a.jpg,139,aligned_a,neutral,jpg
fei_face_database,FEI Face Database/frontalimages_manuallyaligned_part2/139b.jpg,139,aligned_b,generic_smile,jpg
fei_face_database,FEI Face Database/frontalimages_manuallyaligned_part2/140a.jpg,140,aligned_a,neutral,jpg
fei_face_database,FEI Face Database/frontalimages_manuallyaligned_part2/140b.jpg,140,aligned_b,generic_smile,jpg
fei_face_database,FEI Face Database/frontalimages_manuallyaligned_part2/141a.jpg,141,aligned_a,neutral,jpg
fei_face_database,FEI Face Database/frontalimages_manuallyaligned_part2/141b.jpg,141,aligned_b,generic_smile,jpg
fei_face_database,FEI Face Database/frontalimages_manuallyaligned_part2/142a.jpg,142,aligned_a,neutral,jpg
fei_face_database,FEI Face Database/frontalimages_manuallyaligned_part2/142b.jpg,142,aligned_b,generic_smile,jpg
fei_face_database,FEI Face Database/frontalimages_manuallyaligned_part2/143a.jpg,143,aligned_a,neutral,jpg
fei_face_database,FEI Face Database/frontalimages_manuallyaligned_part2/143b.jpg,143,aligned_b,generic_smile,jpg
fei_face_database,FEI Face Database/frontalimages_manuallyaligned_part2/144a.jpg,144,aligned_a,neutral,jpg
fei_face_database,FEI Face Database/frontalimages_manuallyaligned_part2/144b.jpg,144,aligned_b,generic_smile,jpg
fei_face_database,FEI Face Database/frontalimages_manuallyaligned_part2/145a.jpg,145,aligned_a,neutral,jpg
fei_face_database,FEI Face Database/frontalimages_manuallyaligned_part2/145b.jpg,145,aligned_b,generic_smile,jpg
fei_face_database,FEI Face Database/frontalimages_manuallyaligned_part2/146a.jpg,146,aligned_a,neutral,jpg
fei_face_database,FEI Face Database/frontalimages_manuallyaligned_part2/146b.jpg,146,aligned_b,generic_smile,jpg
fei_face_database,FEI Face Database/frontalimages_manuallyaligned_part2/147a.jpg,147,aligned_a,neutral,jpg
fei_face_database,FEI Face Database/frontalimages_manuallyaligned_part2/147b.jpg,147,aligned_b,generic_smile,jpg
fei_face_database,FEI Face Database/frontalimages_manuallyaligned_part2/148a.jpg,148,aligned_a,neutral,jpg
fei_face_database,FEI Face Database/frontalimages_manuallyaligned_part2/148b.jpg,148,aligned_b,generic_smile,jpg
fei_face_database,FEI Face Database/frontalimages_manuallyaligned_part2/149a.jpg,149,aligned_a,neutral,jpg
fei_face_database,FEI Face Database/frontalimages_manuallyaligned_part2/149b.jpg,149,aligned_b,generic_smile,jpg
fei_face_database,FEI Face Database/frontalimages_manuallyaligned_part2/150a.jpg,150,aligned_a,neutral,jpg
fei_face_database,FEI Face Database/frontalimages_manuallyaligned_part2/150b.jpg,150,aligned_b,generic_smile,jpg
fei_face_database,FEI Face Database/frontalimages_manuallyaligned_part2/151a.jpg,151,aligned_a,neutral,jpg
fei_face_database,FEI Face Database/frontalimages_manuallyaligned_part2/151b.jpg,151,aligned_b,generic_smile,jpg
fei_face_database,FEI Face Database/frontalimages_manuallyaligned_part2/152a.jpg,152,aligned_a,neutral,jpg
fei_face_database,FEI Face Database/frontalimages_manuallyaligned_part2/152b.jpg,152,aligned_b,generic_smile,jpg
fei_face_database,FEI Face Database/frontalimages_manuallyaligned_part2/153a.jpg,153,aligned_a,neutral,jpg
fei_face_database,FEI Face Database/frontalimages_manuallyaligned_part2/153b.jpg,153,aligned_b,generic_smile,jpg
fei_face_database,FEI Face Database/frontalimages_manuallyaligned_part2/154a.jpg,154,aligned_a,neutral,jpg
fei_face_database,FEI Face Database/frontalimages_manuallyaligned_part2/154b.jpg,154,aligned_b,generic_smile,jpg
fei_face_database,FEI Face Database/frontalimages_manuallyaligned_part2/155a.jpg,155,aligned_a,neutral,jpg
fei_face_database,FEI Face Database/frontalimages_manuallyaligned_part2/155b.jpg,155,aligned_b,generic_smile,jpg
fei_face_database,FEI Face Database/frontalimages_manuallyaligned_part2/156a.jpg,156,aligned_a,neutral,jpg
fei_face_database,FEI Face Database/frontalimages_manuallyaligned_part2/156b.jpg,156,aligned_b,generic_smile,jpg
fei_face_database,FEI Face Database/frontalimages_manuallyaligned_part2/157a.jpg,157,aligned_a,neutral,jpg
fei_face_database,FEI Face Database/frontalimages_manuallyaligned_part2/157b.jpg,157,aligned_b,generic_smile,jpg
fei_face_database,FEI Face Database/frontalimages_manuallyaligned_part2/158a.jpg,158,aligned_a,neutral,jpg
fei_face_database,FEI Face Database/frontalimages_manuallyaligned_part2/158b.jpg,158,aligned_b,generic_smile,jpg
fei_face_database,FEI Face Database/frontalimages_manuallyaligned_part2/159a.jpg,159,aligned_a,neutral,jpg
fei_face_database,FEI Face Database/frontalimages_manuallyaligned_part2/159b.jpg,159,aligned_b,generic_smile,jpg
fei_face_database,FEI Face Database/frontalimages_manuallyaligned_part2/160a.jpg,160,aligned_a,neutral,jpg
fei_face_database,FEI Face Database/frontalimages_manuallyaligned_part2/160b.jpg,160,aligned_b,generic_smile,jpg
fei_face_database,FEI Face Database/frontalimages_manuallyaligned_part2/161a.jpg,161,aligned_a,neutral,jpg
fei_face_database,FEI Face Database/frontalimages_manuallyaligned_part2/161b.jpg,161,aligned_b,generic_smile,jpg
fei_face_database,FEI Face Database/frontalimages_manuallyaligned_part2/162a.jpg,162,aligned_a,neutral,jpg
fei_face_database,FEI Face Database/frontalimages_manuallyaligned_part2/162b.jpg,162,aligned_b,generic_smile,jpg
fei_face_database,FEI Face Database/frontalimages_manuallyaligned_part2/163a.jpg,163,aligned_a,neutral,jpg
fei_face_database,FEI Face Database/frontalimages_manuallyaligned_part2/163b.jpg,163,aligned_b,generic_smile,jpg
fei_face_database,FEI Face Database/frontalimages_manuallyaligned_part2/164a.jpg,164,aligned_a,neutral,jpg
fei_face_database,FEI Face Database/frontalimages_manuallyaligned_part2/164b.jpg,164,aligned_b,generic_smile,jpg
fei_face_database,FEI Face Database/frontalimages_manuallyaligned_part2/165a.jpg,165,aligned_a,neutral,jpg
fei_face_database,FEI Face Database/frontalimages_manuallyaligned_part2/165b.jpg,165,aligned_b,generic_smile,jpg
fei_face_database,FEI Face Database/frontalimages_manuallyaligned_part2/166a.jpg,166,aligned_a,neutral,jpg
fei_face_database,FEI Face Database/frontalimages_manuallyaligned_part2/166b.jpg,166,aligned_b,generic_smile,jpg
fei_face_database,FEI Face Database/frontalimages_manuallyaligned_part2/167a.jpg,167,aligned_a,neutral,jpg
fei_face_database,FEI Face Database/frontalimages_manuallyaligned_part2/167b.jpg,167,aligned_b,generic_smile,jpg
fei_face_database,FEI Face Database/frontalimages_manuallyaligned_part2/168a.jpg,168,aligned_a,neutral,jpg
fei_face_database,FEI Face Database/frontalimages_manuallyaligned_part2/168b.jpg,168,aligned_b,generic_smile,jpg
fei_face_database,FEI Face Database/frontalimages_manuallyaligned_part2/169a.jpg,169,aligned_a,neutral,jpg
fei_face_database,FEI Face Database/frontalimages_manuallyaligned_part2/169b.jpg,169,aligned_b,generic_smile,jpg
fei_face_database,FEI Face Database/frontalimages_manuallyaligned_part2/170a.jpg,170,aligned_a,neutral,jpg
fei_face_database,FEI Face Database/frontalimages_manuallyaligned_part2/170b.jpg,170,aligned_b,generic_smile,jpg
fei_face_database,FEI Face Database/frontalimages_manuallyaligned_part2/171a.jpg,171,aligned_a,neutral,jpg
fei_face_database,FEI Face Database/frontalimages_manuallyaligned_part2/171b.jpg,171,aligned_b,generic_smile,jpg
fei_face_database,FEI Face Database/frontalimages_manuallyaligned_part2/172a.jpg,172,aligned_a,neutral,jpg
fei_face_database,FEI Face Database/frontalimages_manuallyaligned_part2/172b.jpg,172,aligned_b,generic_smile,jpg
fei_face_database,FEI Face Database/frontalimages_manuallyaligned_part2/173a.jpg,173,aligned_a,neutral,jpg
fei_face_database,FEI Face Database/frontalimages_manuallyaligned_part2/173b.jpg,173,aligned_b,generic_smile,jpg
fei_face_database,FEI Face Database/frontalimages_manuallyaligned_part2/174a.jpg,174,aligned_a,neutral,jpg
fei_face_database,FEI Face Database/frontalimages_manuallyaligned_part2/174b.jpg,174,aligned_b,generic_smile,jpg
fei_face_database,FEI Face Database/frontalimages_manuallyaligned_part2/175a.jpg,175,aligned_a,neutral,jpg
fei_face_database,FEI Face Database/frontalimages_manuallyaligned_part2/175b.jpg,175,aligned_b,generic_smile,jpg
fei_face_database,FEI Face Database/frontalimages_manuallyaligned_part2/176a.jpg,176,aligned_a,neutral,jpg
fei_face_database,FEI Face Database/frontalimages_manuallyaligned_part2/176b.jpg,176,aligned_b,generic_smile,jpg
fei_face_database,FEI Face Database/frontalimages_manuallyaligned_part2/177a.jpg,177,aligned_a,neutral,jpg
fei_face_database,FEI Face Database/frontalimages_manuallyaligned_part2/177b.jpg,177,aligned_b,generic_smile,jpg
fei_face_database,FEI Face Database/frontalimages_manuallyaligned_part2/178a.jpg,178,aligned_a,neutral,jpg
fei_face_database,FEI Face Database/frontalimages_manuallyaligned_part2/178b.jpg,178,aligned_b,generic_smile,jpg
fei_face_database,FEI Face Database/frontalimages_manuallyaligned_part2/179a.jpg,179,aligned_a,neutral,jpg
fei_face_database,FEI Face Database/frontalimages_manuallyaligned_part2/179b.jpg,179,aligned_b,generic_smile,jpg
fei_face_database,FEI Face Database/frontalimages_manuallyaligned_part2/180a.jpg,180,aligned_a,neutral,jpg
fei_face_database,FEI Face Database/frontalimages_manuallyaligned_part2/180b.jpg,180,aligned_b,generic_smile,jpg
fei_face_database,FEI Face Database/frontalimages_manuallyaligned_part2/181a.jpg,181,aligned_a,neutral,jpg
fei_face_database,FEI Face Database/frontalimages_manuallyaligned_part2/181b.jpg,181,aligned_b,generic_smile,jpg
fei_face_database,FEI Face Database/frontalimages_manuallyaligned_part2/182a.jpg,182,aligned_a,neutral,jpg
fei_face_database,FEI Face Database/frontalimages_manuallyaligned_part2/182b.jpg,182,aligned_b,generic_smile,jpg
fei_face_database,FEI Face Database/frontalimages_manuallyaligned_part2/183a.jpg,183,aligned_a,neutral,jpg
fei_face_database,FEI Face Database/frontalimages_manuallyaligned_part2/183b.jpg,183,aligned_b,generic_smile,jpg
fei_face_database,FEI Face Database/frontalimages_manuallyaligned_part2/184a.jpg,184,aligned_a,neutral,jpg
fei_face_database,FEI Face Database/frontalimages_manuallyaligned_part2/184b.jpg,184,aligned_b,generic_smile,jpg
fei_face_database,FEI Face Database/frontalimages_manuallyaligned_part2/185a.jpg,185,aligned_a,neutral,jpg
fei_face_database,FEI Face Database/frontalimages_manuallyaligned_part2/185b.jpg,185,aligned_b,generic_smile,jpg
fei_face_database,FEI Face Database/frontalimages_manuallyaligned_part2/186a.jpg,186,aligned_a,neutral,jpg
fei_face_database,FEI Face Database/frontalimages_manuallyaligned_part2/186b.jpg,186,aligned_b,generic_smile,jpg
fei_face_database,FEI Face Database/frontalimages_manuallyaligned_part2/187a.jpg,187,aligned_a,neutral,jpg
fei_face_database,FEI Face Database/frontalimages_manuallyaligned_part2/187b.jpg,187,aligned_b,generic_smile,jpg
fei_face_database,FEI Face Database/frontalimages_manuallyaligned_part2/188a.jpg,188,aligned_a,neutral,jpg
fei_face_database,FEI Face Database/frontalimages_manuallyaligned_part2/188b.jpg,188,aligned_b,generic_smile,jpg
fei_face_database,FEI Face Database/frontalimages_manuallyaligned_part2/189a.jpg,189,aligned_a,neutral,jpg
fei_face_database,FEI Face Database/frontalimages_manuallyaligned_part2/189b.jpg,189,aligned_b,generic_smile,jpg
fei_face_database,FEI Face Database/frontalimages_manuallyaligned_part2/190a.jpg,190,aligned_a,neutral,jpg
fei_face_database,FEI Face Database/frontalimages_manuallyaligned_part2/190b.jpg,190,aligned_b,generic_smile,jpg
fei_face_database,FEI Face Database/frontalimages_manuallyaligned_part2/191a.jpg,191,aligned_a,neutral,jpg
fei_face_database,FEI Face Database/frontalimages_manuallyaligned_part2/191b.jpg,191,aligned_b,generic_smile,jpg
fei_face_database,FEI Face Database/frontalimages_manuallyaligned_part2/192a.jpg,192,aligned_a,neutral,jpg
fei_face_database,FEI Face Database/frontalimages_manuallyaligned_part2/192b.jpg,192,aligned_b,generic_smile,jpg
fei_face_database,FEI Face Database/frontalimages_manuallyaligned_part2/193a.jpg,193,aligned_a,neutral,jpg
fei_face_database,FEI Face Database/frontalimages_manuallyaligned_part2/193b.jpg,193,aligned_b,generic_smile,jpg
fei_face_database,FEI Face Database/frontalimages_manuallyaligned_part2/194a.jpg,194,aligned_a,neutral,jpg
fei_face_database,FEI Face Database/frontalimages_manuallyaligned_part2/194b.jpg,194,aligned_b,generic_smile,jpg
fei_face_database,FEI Face Database/frontalimages_manuallyaligned_part2/195a.jpg,195,aligned_a,neutral,jpg
fei_face_database,FEI Face Database/frontalimages_manuallyaligned_part2/195b.jpg,195,aligned_b,generic_smile,jpg
fei_face_database,FEI Face Database/frontalimages_manuallyaligned_part2/196a.jpg,196,aligned_a,neutral,jpg
fei_face_database,FEI Face Database/frontalimages_manuallyaligned_part2/196b.jpg,196,aligned_b,generic_smile,jpg
fei_face_database,FEI Face Database/frontalimages_manuallyaligned_part2/197a.jpg,197,aligned_a,neutral,jpg
fei_face_database,FEI Face Database/frontalimages_manuallyaligned_part2/197b.jpg,197,aligned_b,generic_smile,jpg
fei_face_database,FEI Face Database/frontalimages_manuallyaligned_part2/198a.jpg,198,aligned_a,neutral,jpg
fei_face_database,FEI Face Database/frontalimages_manuallyaligned_part2/198b.jpg,198,aligned_b,generic_smile,jpg
fei_face_database,FEI Face Database/frontalimages_manuallyaligned_part2/199a.jpg,199,aligned_a,neutral,jpg
fei_face_database,FEI Face Database/frontalimages_manuallyaligned_part2/199b.jpg,199,aligned_b,generic_smile,jpg
fei_face_database,FEI Face Database/frontalimages_manuallyaligned_part2/200a.jpg,200,aligned_a,neutral,jpg
fei_face_database,FEI Face Database/frontalimages_manuallyaligned_part2/200b.jpg,200,aligned_b,generic_smile,jpg
fei_face_database,FEI Face Database/originalimages_part1/1-01.jpg,1,original_01,audit_only,jpg
fei_face_database,FEI Face Database/originalimages_part1/1-02.jpg,1,original_02,audit_only,jpg
fei_face_database,FEI Face Database/originalimages_part1/1-03.jpg,1,original_03,audit_only,jpg
fei_face_database,FEI Face Database/originalimages_part1/1-04.jpg,1,original_04,audit_only,jpg
fei_face_database,FEI Face Database/originalimages_part1/1-05.jpg,1,original_05,audit_only,jpg
fei_face_database,FEI Face Database/originalimages_part1/1-06.jpg,1,original_06,audit_only,jpg
fei_face_database,FEI Face Database/originalimages_part1/1-07.jpg,1,original_07,audit_only,jpg
fei_face_database,FEI Face Database/originalimages_part1/1-08.jpg,1,original_08,audit_only,jpg
fei_face_database,FEI Face Database/originalimages_part1/1-09.jpg,1,original_09,audit_only,jpg
fei_face_database,FEI Face Database/originalimages_part1/1-10.jpg,1,original_10,audit_only,jpg
fei_face_database,FEI Face Database/originalimages_part1/1-11.jpg,1,original_11,audit_only,jpg
fei_face_database,FEI Face Database/originalimages_part1/1-12.jpg,1,original_12,audit_only,jpg
fei_face_database,FEI Face Database/originalimages_part1/1-13.jpg,1,original_13,audit_only,jpg
fei_face_database,FEI Face Database/originalimages_part1/1-14.jpg,1,original_14,audit_only,jpg
fei_face_database,FEI Face Database/originalimages_part1/10-01.jpg,10,original_01,audit_only,jpg
fei_face_database,FEI Face Database/originalimages_part1/10-02.jpg,10,original_02,audit_only,jpg
fei_face_database,FEI Face Database/originalimages_part1/10-03.jpg,10,original_03,audit_only,jpg
fei_face_database,FEI Face Database/originalimages_part1/10-04.jpg,10,original_04,audit_only,jpg
fei_face_database,FEI Face Database/originalimages_part1/10-05.jpg,10,original_05,audit_only,jpg
fei_face_database,FEI Face Database/originalimages_part1/10-06.jpg,10,original_06,audit_only,jpg
fei_face_database,FEI Face Database/originalimages_part1/10-07.jpg,10,original_07,audit_only,jpg
fei_face_database,FEI Face Database/originalimages_part1/10-08.jpg,10,original_08,audit_only,jpg
fei_face_database,FEI Face Database/originalimages_part1/10-09.jpg,10,original_09,audit_only,jpg
fei_face_database,FEI Face Database/originalimages_part1/10-10.jpg,10,original_10,audit_only,jpg
fei_face_database,FEI Face Database/originalimages_part1/10-11.jpg,10,original_11,audit_only,jpg
fei_face_database,FEI Face Database/originalimages_part1/10-12.jpg,10,original_12,audit_only,jpg
fei_face_database,FEI Face Database/originalimages_part1/10-13.jpg,10,original_13,audit_only,jpg
fei_face_database,FEI Face Database/originalimages_part1/10-14.jpg,10,original_14,audit_only,jpg
fei_face_database,FEI Face Database/originalimages_part1/11-01.jpg,11,original_01,audit_only,jpg
fei_face_database,FEI Face Database/originalimages_part1/11-02.jpg,11,original_02,audit_only,jpg
fei_face_database,FEI Face Database/originalimages_part1/11-03.jpg,11,original_03,audit_only,jpg
fei_face_database,FEI Face Database/originalimages_part1/11-04.jpg,11,original_04,audit_only,jpg
fei_face_database,FEI Face Database/originalimages_part1/11-05.jpg,11,original_05,audit_only,jpg
fei_face_database,FEI Face Database/originalimages_part1/11-06.jpg,11,original_06,audit_only,jpg
fei_face_database,FEI Face Database/originalimages_part1/11-07.jpg,11,original_07,audit_only,jpg
fei_face_database,FEI Face Database/originalimages_part1/11-08.jpg,11,original_08,audit_only,jpg
fei_face_database,FEI Face Database/originalimages_part1/11-09.jpg,11,original_09,audit_only,jpg
fei_face_database,FEI Face Database/originalimages_part1/11-10.jpg,11,original_10,audit_only,jpg
fei_face_database,FEI Face Database/originalimages_part1/11-11.jpg,11,original_11,audit_only,jpg
fei_face_database,FEI Face Database/originalimages_part1/11-12.jpg,11,original_12,audit_only,jpg
fei_face_database,FEI Face Database/originalimages_part1/11-13.jpg,11,original_13,audit_only,jpg
fei_face_database,FEI Face Database/originalimages_part1/11-14.jpg,11,original_14,audit_only,jpg
fei_face_database,FEI Face Database/originalimages_part1/12-01.jpg,12,original_01,audit_only,jpg
fei_face_database,FEI Face Database/originalimages_part1/12-02.jpg,12,original_02,audit_only,jpg
fei_face_database,FEI Face Database/originalimages_part1/12-03.jpg,12,original_03,audit_only,jpg
fei_face_database,FEI Face Database/originalimages_part1/12-04.jpg,12,original_04,audit_only,jpg
fei_face_database,FEI Face Database/originalimages_part1/12-05.jpg,12,original_05,audit_only,jpg
fei_face_database,FEI Face Database/originalimages_part1/12-06.jpg,12,original_06,audit_only,jpg
fei_face_database,FEI Face Database/originalimages_part1/12-07.jpg,12,original_07,audit_only,jpg
fei_face_database,FEI Face Database/originalimages_part1/12-08.jpg,12,original_08,audit_only,jpg
fei_face_database,FEI Face Database/originalimages_part1/12-09.jpg,12,original_09,audit_only,jpg
fei_face_database,FEI Face Database/originalimages_part1/12-10.jpg,12,original_10,audit_only,jpg
fei_face_database,FEI Face Database/originalimages_part1/12-11.jpg,12,original_11,audit_only,jpg
fei_face_database,FEI Face Database/originalimages_part1/12-12.jpg,12,original_12,audit_only,jpg
fei_face_database,FEI Face Database/originalimages_part1/12-13.jpg,12,original_13,audit_only,jpg
fei_face_database,FEI Face Database/originalimages_part1/12-14.jpg,12,original_14,audit_only,jpg
fei_face_database,FEI Face Database/originalimages_part1/13-01.jpg,13,original_01,audit_only,jpg
fei_face_database,FEI Face Database/originalimages_part1/13-02.jpg,13,original_02,audit_only,jpg
fei_face_database,FEI Face Database/originalimages_part1/13-03.jpg,13,original_03,audit_only,jpg
fei_face_database,FEI Face Database/originalimages_part1/13-04.jpg,13,original_04,audit_only,jpg
fei_face_database,FEI Face Database/originalimages_part1/13-05.jpg,13,original_05,audit_only,jpg
fei_face_database,FEI Face Database/originalimages_part1/13-06.jpg,13,original_06,audit_only,jpg
fei_face_database,FEI Face Database/originalimages_part1/13-07.jpg,13,original_07,audit_only,jpg
fei_face_database,FEI Face Database/originalimages_part1/13-08.jpg,13,original_08,audit_only,jpg
fei_face_database,FEI Face Database/originalimages_part1/13-09.jpg,13,original_09,audit_only,jpg
fei_face_database,FEI Face Database/originalimages_part1/13-10.jpg,13,original_10,audit_only,jpg
fei_face_database,FEI Face Database/originalimages_part1/13-11.jpg,13,original_11,audit_only,jpg
fei_face_database,FEI Face Database/originalimages_part1/13-12.jpg,13,original_12,audit_only,jpg
fei_face_database,FEI Face Database/originalimages_part1/13-13.jpg,13,original_13,audit_only,jpg
fei_face_database,FEI Face Database/originalimages_part1/13-14.jpg,13,original_14,audit_only,jpg
fei_face_database,FEI Face Database/originalimages_part1/14-01.jpg,14,original_01,audit_only,jpg
fei_face_database,FEI Face Database/originalimages_part1/14-02.jpg,14,original_02,audit_only,jpg
fei_face_database,FEI Face Database/originalimages_part1/14-03.jpg,14,original_03,audit_only,jpg
fei_face_database,FEI Face Database/originalimages_part1/14-04.jpg,14,original_04,audit_only,jpg
fei_face_database,FEI Face Database/originalimages_part1/14-05.jpg,14,original_05,audit_only,jpg
fei_face_database,FEI Face Database/originalimages_part1/14-06.jpg,14,original_06,audit_only,jpg
fei_face_database,FEI Face Database/originalimages_part1/14-07.jpg,14,original_07,audit_only,jpg
fei_face_database,FEI Face Database/originalimages_part1/14-08.jpg,14,original_08,audit_only,jpg
fei_face_database,FEI Face Database/originalimages_part1/14-09.jpg,14,original_09,audit_only,jpg
fei_face_database,FEI Face Database/originalimages_part1/14-10.jpg,14,original_10,audit_only,jpg
fei_face_database,FEI Face Database/originalimages_part1/14-11.jpg,14,original_11,audit_only,jpg
fei_face_database,FEI Face Database/originalimages_part1/14-12.jpg,14,original_12,audit_only,jpg
fei_face_database,FEI Face Database/originalimages_part1/14-13.jpg,14,original_13,audit_only,jpg
fei_face_database,FEI Face Database/originalimages_part1/14-14.jpg,14,original_14,audit_only,jpg
fei_face_database,FEI Face Database/originalimages_part1/15-01.jpg,15,original_01,audit_only,jpg
fei_face_database,FEI Face Database/originalimages_part1/15-02.jpg,15,original_02,audit_only,jpg
fei_face_database,FEI Face Database/originalimages_part1/15-03.jpg,15,original_03,audit_only,jpg
fei_face_database,FEI Face Database/originalimages_part1/15-04.jpg,15,original_04,audit_only,jpg
fei_face_database,FEI Face Database/originalimages_part1/15-05.jpg,15,original_05,audit_only,jpg
fei_face_database,FEI Face Database/originalimages_part1/15-06.jpg,15,original_06,audit_only,jpg
fei_face_database,FEI Face Database/originalimages_part1/15-07.jpg,15,original_07,audit_only,jpg
fei_face_database,FEI Face Database/originalimages_part1/15-08.jpg,15,original_08,audit_only,jpg
fei_face_database,FEI Face Database/originalimages_part1/15-09.jpg,15,original_09,audit_only,jpg
fei_face_database,FEI Face Database/originalimages_part1/15-10.jpg,15,original_10,audit_only,jpg
fei_face_database,FEI Face Database/originalimages_part1/15-11.jpg,15,original_11,audit_only,jpg
fei_face_database,FEI Face Database/originalimages_part1/15-12.jpg,15,original_12,audit_only,jpg
fei_face_database,FEI Face Database/originalimages_part1/15-13.jpg,15,original_13,audit_only,jpg
fei_face_database,FEI Face Database/originalimages_part1/15-14.jpg,15,original_14,audit_only,jpg
fei_face_database,FEI Face Database/originalimages_part1/16-01.jpg,16,original_01,audit_only,jpg
fei_face_database,FEI Face Database/originalimages_part1/16-02.jpg,16,original_02,audit_only,jpg
fei_face_database,FEI Face Database/originalimages_part1/16-03.jpg,16,original_03,audit_only,jpg
fei_face_database,FEI Face Database/originalimages_part1/16-04.jpg,16,original_04,audit_only,jpg
fei_face_database,FEI Face Database/originalimages_part1/16-05.jpg,16,original_05,audit_only,jpg
fei_face_database,FEI Face Database/originalimages_part1/16-06.jpg,16,original_06,audit_only,jpg
fei_face_database,FEI Face Database/originalimages_part1/16-07.jpg,16,original_07,audit_only,jpg
fei_face_database,FEI Face Database/originalimages_part1/16-08.jpg,16,original_08,audit_only,jpg
fei_face_database,FEI Face Database/originalimages_part1/16-09.jpg,16,original_09,audit_only,jpg
fei_face_database,FEI Face Database/originalimages_part1/16-10.jpg,16,original_10,audit_only,jpg
fei_face_database,FEI Face Database/originalimages_part1/16-11.jpg,16,original_11,audit_only,jpg
fei_face_database,FEI Face Database/originalimages_part1/16-12.jpg,16,original_12,audit_only,jpg
fei_face_database,FEI Face Database/originalimages_part1/16-13.jpg,16,original_13,audit_only,jpg
fei_face_database,FEI Face Database/originalimages_part1/16-14.jpg,16,original_14,audit_only,jpg
fei_face_database,FEI Face Database/originalimages_part1/17-01.jpg,17,original_01,audit_only,jpg
fei_face_database,FEI Face Database/originalimages_part1/17-02.jpg,17,original_02,audit_only,jpg
fei_face_database,FEI Face Database/originalimages_part1/17-03.jpg,17,original_03,audit_only,jpg
fei_face_database,FEI Face Database/originalimages_part1/17-04.jpg,17,original_04,audit_only,jpg
fei_face_database,FEI Face Database/originalimages_part1/17-05.jpg,17,original_05,audit_only,jpg
fei_face_database,FEI Face Database/originalimages_part1/17-06.jpg,17,original_06,audit_only,jpg
fei_face_database,FEI Face Database/originalimages_part1/17-07.jpg,17,original_07,audit_only,jpg
fei_face_database,FEI Face Database/originalimages_part1/17-08.jpg,17,original_08,audit_only,jpg
fei_face_database,FEI Face Database/originalimages_part1/17-09.jpg,17,original_09,audit_only,jpg
fei_face_database,FEI Face Database/originalimages_part1/17-10.jpg,17,original_10,audit_only,jpg
fei_face_database,FEI Face Database/originalimages_part1/17-11.jpg,17,original_11,audit_only,jpg
fei_face_database,FEI Face Database/originalimages_part1/17-12.jpg,17,original_12,audit_only,jpg
fei_face_database,FEI Face Database/originalimages_part1/17-13.jpg,17,original_13,audit_only,jpg
fei_face_database,FEI Face Database/originalimages_part1/17-14.jpg,17,original_14,audit_only,jpg
fei_face_database,FEI Face Database/originalimages_part1/18-01.jpg,18,original_01,audit_only,jpg
fei_face_database,FEI Face Database/originalimages_part1/18-02.jpg,18,original_02,audit_only,jpg
fei_face_database,FEI Face Database/originalimages_part1/18-03.jpg,18,original_03,audit_only,jpg
fei_face_database,FEI Face Database/originalimages_part1/18-04.jpg,18,original_04,audit_only,jpg
fei_face_database,FEI Face Database/originalimages_part1/18-05.jpg,18,original_05,audit_only,jpg
fei_face_database,FEI Face Database/originalimages_part1/18-06.jpg,18,original_06,audit_only,jpg
fei_face_database,FEI Face Database/originalimages_part1/18-07.jpg,18,original_07,audit_only,jpg
fei_face_database,FEI Face Database/originalimages_part1/18-08.jpg,18,original_08,audit_only,jpg
fei_face_database,FEI Face Database/originalimages_part1/18-09.jpg,18,original_09,audit_only,jpg
fei_face_database,FEI Face Database/originalimages_part1/18-10.jpg,18,original_10,audit_only,jpg
fei_face_database,FEI Face Database/originalimages_part1/18-11.jpg,18,original_11,audit_only,jpg
fei_face_database,FEI Face Database/originalimages_part1/18-12.jpg,18,original_12,audit_only,jpg
fei_face_database,FEI Face Database/originalimages_part1/18-13.jpg,18,original_13,audit_only,jpg
fei_face_database,FEI Face Database/originalimages_part1/18-14.jpg,18,original_14,audit_only,jpg
fei_face_database,FEI Face Database/originalimages_part1/19-01.jpg,19,original_01,audit_only,jpg
fei_face_database,FEI Face Database/originalimages_part1/19-02.jpg,19,original_02,audit_only,jpg
fei_face_database,FEI Face Database/originalimages_part1/19-03.jpg,19,original_03,audit_only,jpg
fei_face_database,FEI Face Database/originalimages_part1/19-04.jpg,19,original_04,audit_only,jpg
fei_face_database,FEI Face Database/originalimages_part1/19-05.jpg,19,original_05,audit_only,jpg
fei_face_database,FEI Face Database/originalimages_part1/19-06.jpg,19,original_06,audit_only,jpg
fei_face_database,FEI Face Database/originalimages_part1/19-07.jpg,19,original_07,audit_only,jpg
fei_face_database,FEI Face Database/originalimages_part1/19-08.jpg,19,original_08,audit_only,jpg
fei_face_database,FEI Face Database/originalimages_part1/19-09.jpg,19,original_09,audit_only,jpg
fei_face_database,FEI Face Database/originalimages_part1/19-10.jpg,19,original_10,audit_only,jpg
fei_face_database,FEI Face Database/originalimages_part1/19-11.jpg,19,original_11,audit_only,jpg
fei_face_database,FEI Face Database/originalimages_part1/19-12.jpg,19,original_12,audit_only,jpg
fei_face_database,FEI Face Database/originalimages_part1/19-13.jpg,19,original_13,audit_only,jpg
fei_face_database,FEI Face Database/originalimages_part1/19-14.jpg,19,original_14,audit_only,jpg
fei_face_database,FEI Face Database/originalimages_part1/2-01.jpg,2,original_01,audit_only,jpg
fei_face_database,FEI Face Database/originalimages_part1/2-02.jpg,2,original_02,audit_only,jpg
fei_face_database,FEI Face Database/originalimages_part1/2-03.jpg,2,original_03,audit_only,jpg
fei_face_database,FEI Face Database/originalimages_part1/2-04.jpg,2,original_04,audit_only,jpg
fei_face_database,FEI Face Database/originalimages_part1/2-05.jpg,2,original_05,audit_only,jpg
fei_face_database,FEI Face Database/originalimages_part1/2-06.jpg,2,original_06,audit_only,jpg
fei_face_database,FEI Face Database/originalimages_part1/2-07.jpg,2,original_07,audit_only,jpg
fei_face_database,FEI Face Database/originalimages_part1/2-08.jpg,2,original_08,audit_only,jpg
fei_face_database,FEI Face Database/originalimages_part1/2-09.jpg,2,original_09,audit_only,jpg
fei_face_database,FEI Face Database/originalimages_part1/2-10.jpg,2,original_10,audit_only,jpg
fei_face_database,FEI Face Database/originalimages_part1/2-11.jpg,2,original_11,audit_only,jpg
fei_face_database,FEI Face Database/originalimages_part1/2-12.jpg,2,original_12,audit_only,jpg
fei_face_database,FEI Face Database/originalimages_part1/2-13.jpg,2,original_13,audit_only,jpg
fei_face_database,FEI Face Database/originalimages_part1/2-14.jpg,2,original_14,audit_only,jpg
fei_face_database,FEI Face Database/originalimages_part1/20-01.jpg,20,original_01,audit_only,jpg
fei_face_database,FEI Face Database/originalimages_part1/20-02.jpg,20,original_02,audit_only,jpg
fei_face_database,FEI Face Database/originalimages_part1/20-03.jpg,20,original_03,audit_only,jpg
fei_face_database,FEI Face Database/originalimages_part1/20-04.jpg,20,original_04,audit_only,jpg
fei_face_database,FEI Face Database/originalimages_part1/20-05.jpg,20,original_05,audit_only,jpg
fei_face_database,FEI Face Database/originalimages_part1/20-06.jpg,20,original_06,audit_only,jpg
fei_face_database,FEI Face Database/originalimages_part1/20-07.jpg,20,original_07,audit_only,jpg
fei_face_database,FEI Face Database/originalimages_part1/20-08.jpg,20,original_08,audit_only,jpg
fei_face_database,FEI Face Database/originalimages_part1/20-09.jpg,20,original_09,audit_only,jpg
fei_face_database,FEI Face Database/originalimages_part1/20-10.jpg,20,original_10,audit_only,jpg
fei_face_database,FEI Face Database/originalimages_part1/20-11.jpg,20,original_11,audit_only,jpg
fei_face_database,FEI Face Database/originalimages_part1/20-12.jpg,20,original_12,audit_only,jpg
fei_face_database,FEI Face Database/originalimages_part1/20-13.jpg,20,original_13,audit_only,jpg
fei_face_database,FEI Face Database/originalimages_part1/20-14.jpg,20,original_14,audit_only,jpg
fei_face_database,FEI Face Database/originalimages_part1/21-01.jpg,21,original_01,audit_only,jpg
fei_face_database,FEI Face Database/originalimages_part1/21-02.jpg,21,original_02,audit_only,jpg
fei_face_database,FEI Face Database/originalimages_part1/21-03.jpg,21,original_03,audit_only,jpg
fei_face_database,FEI Face Database/originalimages_part1/21-04.jpg,21,original_04,audit_only,jpg
fei_face_database,FEI Face Database/originalimages_part1/21-05.jpg,21,original_05,audit_only,jpg
fei_face_database,FEI Face Database/originalimages_part1/21-06.jpg,21,original_06,audit_only,jpg
fei_face_database,FEI Face Database/originalimages_part1/21-07.jpg,21,original_07,audit_only,jpg
fei_face_database,FEI Face Database/originalimages_part1/21-08.jpg,21,original_08,audit_only,jpg
fei_face_database,FEI Face Database/originalimages_part1/21-09.jpg,21,original_09,audit_only,jpg
fei_face_database,FEI Face Database/originalimages_part1/21-10.jpg,21,original_10,audit_only,jpg
fei_face_database,FEI Face Database/originalimages_part1/21-11.jpg,21,original_11,audit_only,jpg
fei_face_database,FEI Face Database/originalimages_part1/21-12.jpg,21,original_12,audit_only,jpg
fei_face_database,FEI Face Database/originalimages_part1/21-13.jpg,21,original_13,audit_only,jpg
fei_face_database,FEI Face Database/originalimages_part1/21-14.jpg,21,original_14,audit_only,jpg
fei_face_database,FEI Face Database/originalimages_part1/22-01.jpg,22,original_01,audit_only,jpg
fei_face_database,FEI Face Database/originalimages_part1/22-02.jpg,22,original_02,audit_only,jpg
fei_face_database,FEI Face Database/originalimages_part1/22-03.jpg,22,original_03,audit_only,jpg
fei_face_database,FEI Face Database/originalimages_part1/22-04.jpg,22,original_04,audit_only,jpg
fei_face_database,FEI Face Database/originalimages_part1/22-05.jpg,22,original_05,audit_only,jpg
fei_face_database,FEI Face Database/originalimages_part1/22-06.jpg,22,original_06,audit_only,jpg
fei_face_database,FEI Face Database/originalimages_part1/22-07.jpg,22,original_07,audit_only,jpg
fei_face_database,FEI Face Database/originalimages_part1/22-08.jpg,22,original_08,audit_only,jpg
fei_face_database,FEI Face Database/originalimages_part1/22-09.jpg,22,original_09,audit_only,jpg
fei_face_database,FEI Face Database/originalimages_part1/22-10.jpg,22,original_10,audit_only,jpg
fei_face_database,FEI Face Database/originalimages_part1/22-11.jpg,22,original_11,audit_only,jpg
fei_face_database,FEI Face Database/originalimages_part1/22-12.jpg,22,original_12,audit_only,jpg
fei_face_database,FEI Face Database/originalimages_part1/22-13.jpg,22,original_13,audit_only,jpg
fei_face_database,FEI Face Database/originalimages_part1/22-14.jpg,22,original_14,audit_only,jpg
fei_face_database,FEI Face Database/originalimages_part1/23-01.jpg,23,original_01,audit_only,jpg
fei_face_database,FEI Face Database/originalimages_part1/23-02.jpg,23,original_02,audit_only,jpg
fei_face_database,FEI Face Database/originalimages_part1/23-03.jpg,23,original_03,audit_only,jpg
fei_face_database,FEI Face Database/originalimages_part1/23-04.jpg,23,original_04,audit_only,jpg
fei_face_database,FEI Face Database/originalimages_part1/23-05.jpg,23,original_05,audit_only,jpg
fei_face_database,FEI Face Database/originalimages_part1/23-06.jpg,23,original_06,audit_only,jpg
fei_face_database,FEI Face Database/originalimages_part1/23-07.jpg,23,original_07,audit_only,jpg
fei_face_database,FEI Face Database/originalimages_part1/23-08.jpg,23,original_08,audit_only,jpg
fei_face_database,FEI Face Database/originalimages_part1/23-09.jpg,23,original_09,audit_only,jpg
fei_face_database,FEI Face Database/originalimages_part1/23-10.jpg,23,original_10,audit_only,jpg
fei_face_database,FEI Face Database/originalimages_part1/23-11.jpg,23,original_11,audit_only,jpg
fei_face_database,FEI Face Database/originalimages_part1/23-12.jpg,23,original_12,audit_only,jpg
fei_face_database,FEI Face Database/originalimages_part1/23-13.jpg,23,original_13,audit_only,jpg
fei_face_database,FEI Face Database/originalimages_part1/23-14.jpg,23,original_14,audit_only,jpg
fei_face_database,FEI Face Database/originalimages_part1/24-01.jpg,24,original_01,audit_only,jpg
fei_face_database,FEI Face Database/originalimages_part1/24-02.jpg,24,original_02,audit_only,jpg
fei_face_database,FEI Face Database/originalimages_part1/24-03.jpg,24,original_03,audit_only,jpg
fei_face_database,FEI Face Database/originalimages_part1/24-04.jpg,24,original_04,audit_only,jpg
fei_face_database,FEI Face Database/originalimages_part1/24-05.jpg,24,original_05,audit_only,jpg
fei_face_database,FEI Face Database/originalimages_part1/24-06.jpg,24,original_06,audit_only,jpg
fei_face_database,FEI Face Database/originalimages_part1/24-07.jpg,24,original_07,audit_only,jpg
fei_face_database,FEI Face Database/originalimages_part1/24-08.jpg,24,original_08,audit_only,jpg
fei_face_database,FEI Face Database/originalimages_part1/24-09.jpg,24,original_09,audit_only,jpg
fei_face_database,FEI Face Database/originalimages_part1/24-10.jpg,24,original_10,audit_only,jpg
fei_face_database,FEI Face Database/originalimages_part1/24-11.jpg,24,original_11,audit_only,jpg
fei_face_database,FEI Face Database/originalimages_part1/24-12.jpg,24,original_12,audit_only,jpg
fei_face_database,FEI Face Database/originalimages_part1/24-13.jpg,24,original_13,audit_only,jpg
fei_face_database,FEI Face Database/originalimages_part1/24-14.jpg,24,original_14,audit_only,jpg
fei_face_database,FEI Face Database/originalimages_part1/25-01.jpg,25,original_01,audit_only,jpg
fei_face_database,FEI Face Database/originalimages_part1/25-02.jpg,25,original_02,audit_only,jpg
fei_face_database,FEI Face Database/originalimages_part1/25-03.jpg,25,original_03,audit_only,jpg
fei_face_database,FEI Face Database/originalimages_part1/25-04.jpg,25,original_04,audit_only,jpg
fei_face_database,FEI Face Database/originalimages_part1/25-05.jpg,25,original_05,audit_only,jpg
fei_face_database,FEI Face Database/originalimages_part1/25-06.jpg,25,original_06,audit_only,jpg
fei_face_database,FEI Face Database/originalimages_part1/25-07.jpg,25,original_07,audit_only,jpg
fei_face_database,FEI Face Database/originalimages_part1/25-08.jpg,25,original_08,audit_only,jpg
fei_face_database,FEI Face Database/originalimages_part1/25-09.jpg,25,original_09,audit_only,jpg
fei_face_database,FEI Face Database/originalimages_part1/25-10.jpg,25,original_10,audit_only,jpg
fei_face_database,FEI Face Database/originalimages_part1/25-11.jpg,25,original_11,audit_only,jpg
fei_face_database,FEI Face Database/originalimages_part1/25-12.jpg,25,original_12,audit_only,jpg
fei_face_database,FEI Face Database/originalimages_part1/25-13.jpg,25,original_13,audit_only,jpg
fei_face_database,FEI Face Database/originalimages_part1/25-14.jpg,25,original_14,audit_only,jpg
fei_face_database,FEI Face Database/originalimages_part1/26-01.jpg,26,original_01,audit_only,jpg
fei_face_database,FEI Face Database/originalimages_part1/26-02.jpg,26,original_02,audit_only,jpg
fei_face_database,FEI Face Database/originalimages_part1/26-03.jpg,26,original_03,audit_only,jpg
fei_face_database,FEI Face Database/originalimages_part1/26-04.jpg,26,original_04,audit_only,jpg
fei_face_database,FEI Face Database/originalimages_part1/26-05.jpg,26,original_05,audit_only,jpg
fei_face_database,FEI Face Database/originalimages_part1/26-06.jpg,26,original_06,audit_only,jpg
fei_face_database,FEI Face Database/originalimages_part1/26-07.jpg,26,original_07,audit_only,jpg
fei_face_database,FEI Face Database/originalimages_part1/26-08.jpg,26,original_08,audit_only,jpg
fei_face_database,FEI Face Database/originalimages_part1/26-09.jpg,26,original_09,audit_only,jpg
fei_face_database,FEI Face Database/originalimages_part1/26-10.jpg,26,original_10,audit_only,jpg
fei_face_database,FEI Face Database/originalimages_part1/26-11.jpg,26,original_11,audit_only,jpg
fei_face_database,FEI Face Database/originalimages_part1/26-12.jpg,26,original_12,audit_only,jpg
fei_face_database,FEI Face Database/originalimages_part1/26-13.jpg,26,original_13,audit_only,jpg
fei_face_database,FEI Face Database/originalimages_part1/26-14.jpg,26,original_14,audit_only,jpg
fei_face_database,FEI Face Database/originalimages_part1/27-01.jpg,27,original_01,audit_only,jpg
fei_face_database,FEI Face Database/originalimages_part1/27-02.jpg,27,original_02,audit_only,jpg
fei_face_database,FEI Face Database/originalimages_part1/27-03.jpg,27,original_03,audit_only,jpg
fei_face_database,FEI Face Database/originalimages_part1/27-04.jpg,27,original_04,audit_only,jpg
fei_face_database,FEI Face Database/originalimages_part1/27-05.jpg,27,original_05,audit_only,jpg
fei_face_database,FEI Face Database/originalimages_part1/27-06.jpg,27,original_06,audit_only,jpg
fei_face_database,FEI Face Database/originalimages_part1/27-07.jpg,27,original_07,audit_only,jpg
fei_face_database,FEI Face Database/originalimages_part1/27-08.jpg,27,original_08,audit_only,jpg
fei_face_database,FEI Face Database/originalimages_part1/27-09.jpg,27,original_09,audit_only,jpg
fei_face_database,FEI Face Database/originalimages_part1/27-10.jpg,27,original_10,audit_only,jpg
fei_face_database,FEI Face Database/originalimages_part1/27-11.jpg,27,original_11,audit_only,jpg
fei_face_database,FEI Face Database/originalimages_part1/27-12.jpg,27,original_12,audit_only,jpg
fei_face_database,FEI Face Database/originalimages_part1/27-13.jpg,27,original_13,audit_only,jpg
fei_face_database,FEI Face Database/originalimages_part1/27-14.jpg,27,original_14,audit_only,jpg
fei_face_database,FEI Face Database/originalimages_part1/28-01.jpg,28,original_01,audit_only,jpg
fei_face_database,FEI Face Database/originalimages_part1/28-02.jpg,28,original_02,audit_only,jpg
fei_face_database,FEI Face Database/originalimages_part1/28-03.jpg,28,original_03,audit_only,jpg
fei_face_database,FEI Face Database/originalimages_part1/28-04.jpg,28,original_04,audit_only,jpg
fei_face_database,FEI Face Database/originalimages_part1/28-05.jpg,28,original_05,audit_only,jpg
fei_face_database,FEI Face Database/originalimages_part1/28-06.jpg,28,original_06,audit_only,jpg
fei_face_database,FEI Face Database/originalimages_part1/28-07.jpg,28,original_07,audit_only,jpg
fei_face_database,FEI Face Database/originalimages_part1/28-08.jpg,28,original_08,audit_only,jpg
fei_face_database,FEI Face Database/originalimages_part1/28-09.jpg,28,original_09,audit_only,jpg
fei_face_database,FEI Face Database/originalimages_part1/28-10.jpg,28,original_10,audit_only,jpg
fei_face_database,FEI Face Database/originalimages_part1/28-11.jpg,28,original_11,audit_only,jpg
fei_face_database,FEI Face Database/originalimages_part1/28-12.jpg,28,original_12,audit_only,jpg
fei_face_database,FEI Face Database/originalimages_part1/28-13.jpg,28,original_13,audit_only,jpg
fei_face_database,FEI Face Database/originalimages_part1/28-14.jpg,28,original_14,audit_only,jpg
fei_face_database,FEI Face Database/originalimages_part1/29-01.jpg,29,original_01,audit_only,jpg
fei_face_database,FEI Face Database/originalimages_part1/29-02.jpg,29,original_02,audit_only,jpg
fei_face_database,FEI Face Database/originalimages_part1/29-03.jpg,29,original_03,audit_only,jpg
fei_face_database,FEI Face Database/originalimages_part1/29-04.jpg,29,original_04,audit_only,jpg
fei_face_database,FEI Face Database/originalimages_part1/29-05.jpg,29,original_05,audit_only,jpg
fei_face_database,FEI Face Database/originalimages_part1/29-06.jpg,29,original_06,audit_only,jpg
fei_face_database,FEI Face Database/originalimages_part1/29-07.jpg,29,original_07,audit_only,jpg
fei_face_database,FEI Face Database/originalimages_part1/29-08.jpg,29,original_08,audit_only,jpg
fei_face_database,FEI Face Database/originalimages_part1/29-09.jpg,29,original_09,audit_only,jpg
fei_face_database,FEI Face Database/originalimages_part1/29-10.jpg,29,original_10,audit_only,jpg
fei_face_database,FEI Face Database/originalimages_part1/29-11.jpg,29,original_11,audit_only,jpg
fei_face_database,FEI Face Database/originalimages_part1/29-12.jpg,29,original_12,audit_only,jpg
fei_face_database,FEI Face Database/originalimages_part1/29-13.jpg,29,original_13,audit_only,jpg
fei_face_database,FEI Face Database/originalimages_part1/29-14.jpg,29,original_14,audit_only,jpg
fei_face_database,FEI Face Database/originalimages_part1/3-01.jpg,3,original_01,audit_only,jpg
fei_face_database,FEI Face Database/originalimages_part1/3-02.jpg,3,original_02,audit_only,jpg
fei_face_database,FEI Face Database/originalimages_part1/3-03.jpg,3,original_03,audit_only,jpg
fei_face_database,FEI Face Database/originalimages_part1/3-04.jpg,3,original_04,audit_only,jpg
fei_face_database,FEI Face Database/originalimages_part1/3-05.jpg,3,original_05,audit_only,jpg
fei_face_database,FEI Face Database/originalimages_part1/3-06.jpg,3,original_06,audit_only,jpg
fei_face_database,FEI Face Database/originalimages_part1/3-07.jpg,3,original_07,audit_only,jpg
fei_face_database,FEI Face Database/originalimages_part1/3-08.jpg,3,original_08,audit_only,jpg
fei_face_database,FEI Face Database/originalimages_part1/3-09.jpg,3,original_09,audit_only,jpg
fei_face_database,FEI Face Database/originalimages_part1/3-10.jpg,3,original_10,audit_only,jpg
fei_face_database,FEI Face Database/originalimages_part1/3-11.jpg,3,original_11,audit_only,jpg
fei_face_database,FEI Face Database/originalimages_part1/3-12.jpg,3,original_12,audit_only,jpg
fei_face_database,FEI Face Database/originalimages_part1/3-13.jpg,3,original_13,audit_only,jpg
fei_face_database,FEI Face Database/originalimages_part1/3-14.jpg,3,original_14,audit_only,jpg
fei_face_database,FEI Face Database/originalimages_part1/30-01.jpg,30,original_01,audit_only,jpg
fei_face_database,FEI Face Database/originalimages_part1/30-02.jpg,30,original_02,audit_only,jpg
fei_face_database,FEI Face Database/originalimages_part1/30-03.jpg,30,original_03,audit_only,jpg
fei_face_database,FEI Face Database/originalimages_part1/30-04.jpg,30,original_04,audit_only,jpg
fei_face_database,FEI Face Database/originalimages_part1/30-05.jpg,30,original_05,audit_only,jpg
fei_face_database,FEI Face Database/originalimages_part1/30-06.jpg,30,original_06,audit_only,jpg
fei_face_database,FEI Face Database/originalimages_part1/30-07.jpg,30,original_07,audit_only,jpg
fei_face_database,FEI Face Database/originalimages_part1/30-08.jpg,30,original_08,audit_only,jpg
fei_face_database,FEI Face Database/originalimages_part1/30-09.jpg,30,original_09,audit_only,jpg
fei_face_database,FEI Face Database/originalimages_part1/30-10.jpg,30,original_10,audit_only,jpg
fei_face_database,FEI Face Database/originalimages_part1/30-11.jpg,30,original_11,audit_only,jpg
fei_face_database,FEI Face Database/originalimages_part1/30-12.jpg,30,original_12,audit_only,jpg
fei_face_database,FEI Face Database/originalimages_part1/30-13.jpg,30,original_13,audit_only,jpg
fei_face_database,FEI Face Database/originalimages_part1/30-14.jpg,30,original_14,audit_only,jpg
fei_face_database,FEI Face Database/originalimages_part1/31-01.jpg,31,original_01,audit_only,jpg
fei_face_database,FEI Face Database/originalimages_part1/31-02.jpg,31,original_02,audit_only,jpg
fei_face_database,FEI Face Database/originalimages_part1/31-03.jpg,31,original_03,audit_only,jpg
fei_face_database,FEI Face Database/originalimages_part1/31-04.jpg,31,original_04,audit_only,jpg
fei_face_database,FEI Face Database/originalimages_part1/31-05.jpg,31,original_05,audit_only,jpg
fei_face_database,FEI Face Database/originalimages_part1/31-06.jpg,31,original_06,audit_only,jpg
fei_face_database,FEI Face Database/originalimages_part1/31-07.jpg,31,original_07,audit_only,jpg
fei_face_database,FEI Face Database/originalimages_part1/31-08.jpg,31,original_08,audit_only,jpg
fei_face_database,FEI Face Database/originalimages_part1/31-09.jpg,31,original_09,audit_only,jpg
fei_face_database,FEI Face Database/originalimages_part1/31-10.jpg,31,original_10,audit_only,jpg
fei_face_database,FEI Face Database/originalimages_part1/31-11.jpg,31,original_11,audit_only,jpg
fei_face_database,FEI Face Database/originalimages_part1/31-12.jpg,31,original_12,audit_only,jpg
fei_face_database,FEI Face Database/originalimages_part1/31-13.jpg,31,original_13,audit_only,jpg
fei_face_database,FEI Face Database/originalimages_part1/31-14.jpg,31,original_14,audit_only,jpg
fei_face_database,FEI Face Database/originalimages_part1/32-01.jpg,32,original_01,audit_only,jpg
fei_face_database,FEI Face Database/originalimages_part1/32-02.jpg,32,original_02,audit_only,jpg
fei_face_database,FEI Face Database/originalimages_part1/32-03.jpg,32,original_03,audit_only,jpg
fei_face_database,FEI Face Database/originalimages_part1/32-04.jpg,32,original_04,audit_only,jpg
fei_face_database,FEI Face Database/originalimages_part1/32-05.jpg,32,original_05,audit_only,jpg
fei_face_database,FEI Face Database/originalimages_part1/32-06.jpg,32,original_06,audit_only,jpg
fei_face_database,FEI Face Database/originalimages_part1/32-07.jpg,32,original_07,audit_only,jpg
fei_face_database,FEI Face Database/originalimages_part1/32-08.jpg,32,original_08,audit_only,jpg
fei_face_database,FEI Face Database/originalimages_part1/32-09.jpg,32,original_09,audit_only,jpg
fei_face_database,FEI Face Database/originalimages_part1/32-10.jpg,32,original_10,audit_only,jpg
fei_face_database,FEI Face Database/originalimages_part1/32-11.jpg,32,original_11,audit_only,jpg
fei_face_database,FEI Face Database/originalimages_part1/32-12.jpg,32,original_12,audit_only,jpg
fei_face_database,FEI Face Database/originalimages_part1/32-13.jpg,32,original_13,audit_only,jpg
fei_face_database,FEI Face Database/originalimages_part1/32-14.jpg,32,original_14,audit_only,jpg
fei_face_database,FEI Face Database/originalimages_part1/33-01.jpg,33,original_01,audit_only,jpg
fei_face_database,FEI Face Database/originalimages_part1/33-02.jpg,33,original_02,audit_only,jpg
fei_face_database,FEI Face Database/originalimages_part1/33-03.jpg,33,original_03,audit_only,jpg
fei_face_database,FEI Face Database/originalimages_part1/33-04.jpg,33,original_04,audit_only,jpg
fei_face_database,FEI Face Database/originalimages_part1/33-05.jpg,33,original_05,audit_only,jpg
fei_face_database,FEI Face Database/originalimages_part1/33-06.jpg,33,original_06,audit_only,jpg
fei_face_database,FEI Face Database/originalimages_part1/33-07.jpg,33,original_07,audit_only,jpg
fei_face_database,FEI Face Database/originalimages_part1/33-08.jpg,33,original_08,audit_only,jpg
fei_face_database,FEI Face Database/originalimages_part1/33-09.jpg,33,original_09,audit_only,jpg
fei_face_database,FEI Face Database/originalimages_part1/33-10.jpg,33,original_10,audit_only,jpg
fei_face_database,FEI Face Database/originalimages_part1/33-11.jpg,33,original_11,audit_only,jpg
fei_face_database,FEI Face Database/originalimages_part1/33-12.jpg,33,original_12,audit_only,jpg
fei_face_database,FEI Face Database/originalimages_part1/33-13.jpg,33,original_13,audit_only,jpg
fei_face_database,FEI Face Database/originalimages_part1/33-14.jpg,33,original_14,audit_only,jpg
fei_face_database,FEI Face Database/originalimages_part1/34-01.jpg,34,original_01,audit_only,jpg
fei_face_database,FEI Face Database/originalimages_part1/34-02.jpg,34,original_02,audit_only,jpg
fei_face_database,FEI Face Database/originalimages_part1/34-03.jpg,34,original_03,audit_only,jpg
fei_face_database,FEI Face Database/originalimages_part1/34-04.jpg,34,original_04,audit_only,jpg
fei_face_database,FEI Face Database/originalimages_part1/34-05.jpg,34,original_05,audit_only,jpg
fei_face_database,FEI Face Database/originalimages_part1/34-06.jpg,34,original_06,audit_only,jpg
fei_face_database,FEI Face Database/originalimages_part1/34-07.jpg,34,original_07,audit_only,jpg
fei_face_database,FEI Face Database/originalimages_part1/34-08.jpg,34,original_08,audit_only,jpg
fei_face_database,FEI Face Database/originalimages_part1/34-09.jpg,34,original_09,audit_only,jpg
fei_face_database,FEI Face Database/originalimages_part1/34-10.jpg,34,original_10,audit_only,jpg
fei_face_database,FEI Face Database/originalimages_part1/34-11.jpg,34,original_11,audit_only,jpg
fei_face_database,FEI Face Database/originalimages_part1/34-12.jpg,34,original_12,audit_only,jpg
fei_face_database,FEI Face Database/originalimages_part1/34-13.jpg,34,original_13,audit_only,jpg
fei_face_database,FEI Face Database/originalimages_part1/34-14.jpg,34,original_14,audit_only,jpg
fei_face_database,FEI Face Database/originalimages_part1/35-01.jpg,35,original_01,audit_only,jpg
fei_face_database,FEI Face Database/originalimages_part1/35-02.jpg,35,original_02,audit_only,jpg
fei_face_database,FEI Face Database/originalimages_part1/35-03.jpg,35,original_03,audit_only,jpg
fei_face_database,FEI Face Database/originalimages_part1/35-04.jpg,35,original_04,audit_only,jpg
fei_face_database,FEI Face Database/originalimages_part1/35-05.jpg,35,original_05,audit_only,jpg
fei_face_database,FEI Face Database/originalimages_part1/35-06.jpg,35,original_06,audit_only,jpg
fei_face_database,FEI Face Database/originalimages_part1/35-07.jpg,35,original_07,audit_only,jpg
fei_face_database,FEI Face Database/originalimages_part1/35-08.jpg,35,original_08,audit_only,jpg
fei_face_database,FEI Face Database/originalimages_part1/35-09.jpg,35,original_09,audit_only,jpg
fei_face_database,FEI Face Database/originalimages_part1/35-10.jpg,35,original_10,audit_only,jpg
fei_face_database,FEI Face Database/originalimages_part1/35-11.jpg,35,original_11,audit_only,jpg
fei_face_database,FEI Face Database/originalimages_part1/35-12.jpg,35,original_12,audit_only,jpg
fei_face_database,FEI Face Database/originalimages_part1/35-13.jpg,35,original_13,audit_only,jpg
fei_face_database,FEI Face Database/originalimages_part1/35-14.jpg,35,original_14,audit_only,jpg
fei_face_database,FEI Face Database/originalimages_part1/36-01.jpg,36,original_01,audit_only,jpg
fei_face_database,FEI Face Database/originalimages_part1/36-02.jpg,36,original_02,audit_only,jpg
fei_face_database,FEI Face Database/originalimages_part1/36-03.jpg,36,original_03,audit_only,jpg
fei_face_database,FEI Face Database/originalimages_part1/36-04.jpg,36,original_04,audit_only,jpg
fei_face_database,FEI Face Database/originalimages_part1/36-05.jpg,36,original_05,audit_only,jpg
fei_face_database,FEI Face Database/originalimages_part1/36-06.jpg,36,original_06,audit_only,jpg
fei_face_database,FEI Face Database/originalimages_part1/36-07.jpg,36,original_07,audit_only,jpg
fei_face_database,FEI Face Database/originalimages_part1/36-08.jpg,36,original_08,audit_only,jpg
fei_face_database,FEI Face Database/originalimages_part1/36-09.jpg,36,original_09,audit_only,jpg
fei_face_database,FEI Face Database/originalimages_part1/36-10.jpg,36,original_10,audit_only,jpg
fei_face_database,FEI Face Database/originalimages_part1/36-11.jpg,36,original_11,audit_only,jpg
fei_face_database,FEI Face Database/originalimages_part1/36-12.jpg,36,original_12,audit_only,jpg
fei_face_database,FEI Face Database/originalimages_part1/36-13.jpg,36,original_13,audit_only,jpg
fei_face_database,FEI Face Database/originalimages_part1/36-14.jpg,36,original_14,audit_only,jpg
fei_face_database,FEI Face Database/originalimages_part1/37-01.jpg,37,original_01,audit_only,jpg
fei_face_database,FEI Face Database/originalimages_part1/37-02.jpg,37,original_02,audit_only,jpg
fei_face_database,FEI Face Database/originalimages_part1/37-03.jpg,37,original_03,audit_only,jpg
fei_face_database,FEI Face Database/originalimages_part1/37-04.jpg,37,original_04,audit_only,jpg
fei_face_database,FEI Face Database/originalimages_part1/37-05.jpg,37,original_05,audit_only,jpg
fei_face_database,FEI Face Database/originalimages_part1/37-06.jpg,37,original_06,audit_only,jpg
fei_face_database,FEI Face Database/originalimages_part1/37-07.jpg,37,original_07,audit_only,jpg
fei_face_database,FEI Face Database/originalimages_part1/37-08.jpg,37,original_08,audit_only,jpg
fei_face_database,FEI Face Database/originalimages_part1/37-09.jpg,37,original_09,audit_only,jpg
fei_face_database,FEI Face Database/originalimages_part1/37-10.jpg,37,original_10,audit_only,jpg
fei_face_database,FEI Face Database/originalimages_part1/37-11.jpg,37,original_11,audit_only,jpg
fei_face_database,FEI Face Database/originalimages_part1/37-12.jpg,37,original_12,audit_only,jpg
fei_face_database,FEI Face Database/originalimages_part1/37-13.jpg,37,original_13,audit_only,jpg
fei_face_database,FEI Face Database/originalimages_part1/37-14.jpg,37,original_14,audit_only,jpg
fei_face_database,FEI Face Database/originalimages_part1/38-01.jpg,38,original_01,audit_only,jpg
fei_face_database,FEI Face Database/originalimages_part1/38-02.jpg,38,original_02,audit_only,jpg
fei_face_database,FEI Face Database/originalimages_part1/38-03.jpg,38,original_03,audit_only,jpg
fei_face_database,FEI Face Database/originalimages_part1/38-04.jpg,38,original_04,audit_only,jpg
fei_face_database,FEI Face Database/originalimages_part1/38-05.jpg,38,original_05,audit_only,jpg
fei_face_database,FEI Face Database/originalimages_part1/38-06.jpg,38,original_06,audit_only,jpg
fei_face_database,FEI Face Database/originalimages_part1/38-07.jpg,38,original_07,audit_only,jpg
fei_face_database,FEI Face Database/originalimages_part1/38-08.jpg,38,original_08,audit_only,jpg
fei_face_database,FEI Face Database/originalimages_part1/38-09.jpg,38,original_09,audit_only,jpg
fei_face_database,FEI Face Database/originalimages_part1/38-10.jpg,38,original_10,audit_only,jpg
fei_face_database,FEI Face Database/originalimages_part1/38-11.jpg,38,original_11,audit_only,jpg
fei_face_database,FEI Face Database/originalimages_part1/38-12.jpg,38,original_12,audit_only,jpg
fei_face_database,FEI Face Database/originalimages_part1/38-13.jpg,38,original_13,audit_only,jpg
fei_face_database,FEI Face Database/originalimages_part1/38-14.jpg,38,original_14,audit_only,jpg
fei_face_database,FEI Face Database/originalimages_part1/39-01.jpg,39,original_01,audit_only,jpg
fei_face_database,FEI Face Database/originalimages_part1/39-02.jpg,39,original_02,audit_only,jpg
fei_face_database,FEI Face Database/originalimages_part1/39-03.jpg,39,original_03,audit_only,jpg
fei_face_database,FEI Face Database/originalimages_part1/39-04.jpg,39,original_04,audit_only,jpg
fei_face_database,FEI Face Database/originalimages_part1/39-05.jpg,39,original_05,audit_only,jpg
fei_face_database,FEI Face Database/originalimages_part1/39-06.jpg,39,original_06,audit_only,jpg
fei_face_database,FEI Face Database/originalimages_part1/39-07.jpg,39,original_07,audit_only,jpg
fei_face_database,FEI Face Database/originalimages_part1/39-08.jpg,39,original_08,audit_only,jpg
fei_face_database,FEI Face Database/originalimages_part1/39-09.jpg,39,original_09,audit_only,jpg
fei_face_database,FEI Face Database/originalimages_part1/39-10.jpg,39,original_10,audit_only,jpg
fei_face_database,FEI Face Database/originalimages_part1/39-11.jpg,39,original_11,audit_only,jpg
fei_face_database,FEI Face Database/originalimages_part1/39-12.jpg,39,original_12,audit_only,jpg
fei_face_database,FEI Face Database/originalimages_part1/39-13.jpg,39,original_13,audit_only,jpg
fei_face_database,FEI Face Database/originalimages_part1/39-14.jpg,39,original_14,audit_only,jpg
fei_face_database,FEI Face Database/originalimages_part1/4-01.jpg,4,original_01,audit_only,jpg
fei_face_database,FEI Face Database/originalimages_part1/4-02.jpg,4,original_02,audit_only,jpg
fei_face_database,FEI Face Database/originalimages_part1/4-03.jpg,4,original_03,audit_only,jpg
fei_face_database,FEI Face Database/originalimages_part1/4-04.jpg,4,original_04,audit_only,jpg
fei_face_database,FEI Face Database/originalimages_part1/4-05.jpg,4,original_05,audit_only,jpg
fei_face_database,FEI Face Database/originalimages_part1/4-06.jpg,4,original_06,audit_only,jpg
fei_face_database,FEI Face Database/originalimages_part1/4-07.jpg,4,original_07,audit_only,jpg
fei_face_database,FEI Face Database/originalimages_part1/4-08.jpg,4,original_08,audit_only,jpg
fei_face_database,FEI Face Database/originalimages_part1/4-09.jpg,4,original_09,audit_only,jpg
fei_face_database,FEI Face Database/originalimages_part1/4-10.jpg,4,original_10,audit_only,jpg
fei_face_database,FEI Face Database/originalimages_part1/4-11.jpg,4,original_11,audit_only,jpg
fei_face_database,FEI Face Database/originalimages_part1/4-12.jpg,4,original_12,audit_only,jpg
fei_face_database,FEI Face Database/originalimages_part1/4-13.jpg,4,original_13,audit_only,jpg
fei_face_database,FEI Face Database/originalimages_part1/4-14.jpg,4,original_14,audit_only,jpg
fei_face_database,FEI Face Database/originalimages_part1/40-01.jpg,40,original_01,audit_only,jpg
fei_face_database,FEI Face Database/originalimages_part1/40-02.jpg,40,original_02,audit_only,jpg
fei_face_database,FEI Face Database/originalimages_part1/40-03.jpg,40,original_03,audit_only,jpg
fei_face_database,FEI Face Database/originalimages_part1/40-04.jpg,40,original_04,audit_only,jpg
fei_face_database,FEI Face Database/originalimages_part1/40-05.jpg,40,original_05,audit_only,jpg
fei_face_database,FEI Face Database/originalimages_part1/40-06.jpg,40,original_06,audit_only,jpg
fei_face_database,FEI Face Database/originalimages_part1/40-07.jpg,40,original_07,audit_only,jpg
fei_face_database,FEI Face Database/originalimages_part1/40-08.jpg,40,original_08,audit_only,jpg
fei_face_database,FEI Face Database/originalimages_part1/40-09.jpg,40,original_09,audit_only,jpg
fei_face_database,FEI Face Database/originalimages_part1/40-10.jpg,40,original_10,audit_only,jpg
fei_face_database,FEI Face Database/originalimages_part1/40-11.jpg,40,original_11,audit_only,jpg
fei_face_database,FEI Face Database/originalimages_part1/40-12.jpg,40,original_12,audit_only,jpg
fei_face_database,FEI Face Database/originalimages_part1/40-13.jpg,40,original_13,audit_only,jpg
fei_face_database,FEI Face Database/originalimages_part1/40-14.jpg,40,original_14,audit_only,jpg
fei_face_database,FEI Face Database/originalimages_part1/41-01.jpg,41,original_01,audit_only,jpg
fei_face_database,FEI Face Database/originalimages_part1/41-02.jpg,41,original_02,audit_only,jpg
fei_face_database,FEI Face Database/originalimages_part1/41-03.jpg,41,original_03,audit_only,jpg
fei_face_database,FEI Face Database/originalimages_part1/41-04.jpg,41,original_04,audit_only,jpg
fei_face_database,FEI Face Database/originalimages_part1/41-05.jpg,41,original_05,audit_only,jpg
fei_face_database,FEI Face Database/originalimages_part1/41-06.jpg,41,original_06,audit_only,jpg
fei_face_database,FEI Face Database/originalimages_part1/41-07.jpg,41,original_07,audit_only,jpg
fei_face_database,FEI Face Database/originalimages_part1/41-08.jpg,41,original_08,audit_only,jpg
fei_face_database,FEI Face Database/originalimages_part1/41-09.jpg,41,original_09,audit_only,jpg
fei_face_database,FEI Face Database/originalimages_part1/41-10.jpg,41,original_10,audit_only,jpg
fei_face_database,FEI Face Database/originalimages_part1/41-11.jpg,41,original_11,audit_only,jpg
fei_face_database,FEI Face Database/originalimages_part1/41-12.jpg,41,original_12,audit_only,jpg
fei_face_database,FEI Face Database/originalimages_part1/41-13.jpg,41,original_13,audit_only,jpg
fei_face_database,FEI Face Database/originalimages_part1/41-14.jpg,41,original_14,audit_only,jpg
fei_face_database,FEI Face Database/originalimages_part1/42-01.jpg,42,original_01,audit_only,jpg
fei_face_database,FEI Face Database/originalimages_part1/42-02.jpg,42,original_02,audit_only,jpg
fei_face_database,FEI Face Database/originalimages_part1/42-03.jpg,42,original_03,audit_only,jpg
fei_face_database,FEI Face Database/originalimages_part1/42-04.jpg,42,original_04,audit_only,jpg
fei_face_database,FEI Face Database/originalimages_part1/42-05.jpg,42,original_05,audit_only,jpg
fei_face_database,FEI Face Database/originalimages_part1/42-06.jpg,42,original_06,audit_only,jpg
fei_face_database,FEI Face Database/originalimages_part1/42-07.jpg,42,original_07,audit_only,jpg
fei_face_database,FEI Face Database/originalimages_part1/42-08.jpg,42,original_08,audit_only,jpg
fei_face_database,FEI Face Database/originalimages_part1/42-09.jpg,42,original_09,audit_only,jpg
fei_face_database,FEI Face Database/originalimages_part1/42-10.jpg,42,original_10,audit_only,jpg
fei_face_database,FEI Face Database/originalimages_part1/42-11.jpg,42,original_11,audit_only,jpg
fei_face_database,FEI Face Database/originalimages_part1/42-12.jpg,42,original_12,audit_only,jpg
fei_face_database,FEI Face Database/originalimages_part1/42-13.jpg,42,original_13,audit_only,jpg
fei_face_database,FEI Face Database/originalimages_part1/42-14.jpg,42,original_14,audit_only,jpg
fei_face_database,FEI Face Database/originalimages_part1/43-01.jpg,43,original_01,audit_only,jpg
fei_face_database,FEI Face Database/originalimages_part1/43-02.jpg,43,original_02,audit_only,jpg
fei_face_database,FEI Face Database/originalimages_part1/43-03.jpg,43,original_03,audit_only,jpg
fei_face_database,FEI Face Database/originalimages_part1/43-04.jpg,43,original_04,audit_only,jpg
fei_face_database,FEI Face Database/originalimages_part1/43-05.jpg,43,original_05,audit_only,jpg
fei_face_database,FEI Face Database/originalimages_part1/43-06.jpg,43,original_06,audit_only,jpg
fei_face_database,FEI Face Database/originalimages_part1/43-07.jpg,43,original_07,audit_only,jpg
fei_face_database,FEI Face Database/originalimages_part1/43-08.jpg,43,original_08,audit_only,jpg
fei_face_database,FEI Face Database/originalimages_part1/43-09.jpg,43,original_09,audit_only,jpg
fei_face_database,FEI Face Database/originalimages_part1/43-10.jpg,43,original_10,audit_only,jpg
fei_face_database,FEI Face Database/originalimages_part1/43-11.jpg,43,original_11,audit_only,jpg
fei_face_database,FEI Face Database/originalimages_part1/43-12.jpg,43,original_12,audit_only,jpg
fei_face_database,FEI Face Database/originalimages_part1/43-13.jpg,43,original_13,audit_only,jpg
fei_face_database,FEI Face Database/originalimages_part1/43-14.jpg,43,original_14,audit_only,jpg
fei_face_database,FEI Face Database/originalimages_part1/44-01.jpg,44,original_01,audit_only,jpg
fei_face_database,FEI Face Database/originalimages_part1/44-02.jpg,44,original_02,audit_only,jpg
fei_face_database,FEI Face Database/originalimages_part1/44-03.jpg,44,original_03,audit_only,jpg
fei_face_database,FEI Face Database/originalimages_part1/44-04.jpg,44,original_04,audit_only,jpg
fei_face_database,FEI Face Database/originalimages_part1/44-05.jpg,44,original_05,audit_only,jpg
fei_face_database,FEI Face Database/originalimages_part1/44-06.jpg,44,original_06,audit_only,jpg
fei_face_database,FEI Face Database/originalimages_part1/44-07.jpg,44,original_07,audit_only,jpg
fei_face_database,FEI Face Database/originalimages_part1/44-08.jpg,44,original_08,audit_only,jpg
fei_face_database,FEI Face Database/originalimages_part1/44-09.jpg,44,original_09,audit_only,jpg
fei_face_database,FEI Face Database/originalimages_part1/44-10.jpg,44,original_10,audit_only,jpg
fei_face_database,FEI Face Database/originalimages_part1/44-11.jpg,44,original_11,audit_only,jpg
fei_face_database,FEI Face Database/originalimages_part1/44-12.jpg,44,original_12,audit_only,jpg
fei_face_database,FEI Face Database/originalimages_part1/44-13.jpg,44,original_13,audit_only,jpg
fei_face_database,FEI Face Database/originalimages_part1/44-14.jpg,44,original_14,audit_only,jpg
fei_face_database,FEI Face Database/originalimages_part1/45-01.jpg,45,original_01,audit_only,jpg
fei_face_database,FEI Face Database/originalimages_part1/45-02.jpg,45,original_02,audit_only,jpg
fei_face_database,FEI Face Database/originalimages_part1/45-03.jpg,45,original_03,audit_only,jpg
fei_face_database,FEI Face Database/originalimages_part1/45-04.jpg,45,original_04,audit_only,jpg
fei_face_database,FEI Face Database/originalimages_part1/45-05.jpg,45,original_05,audit_only,jpg
fei_face_database,FEI Face Database/originalimages_part1/45-06.jpg,45,original_06,audit_only,jpg
fei_face_database,FEI Face Database/originalimages_part1/45-07.jpg,45,original_07,audit_only,jpg
fei_face_database,FEI Face Database/originalimages_part1/45-08.jpg,45,original_08,audit_only,jpg
fei_face_database,FEI Face Database/originalimages_part1/45-09.jpg,45,original_09,audit_only,jpg
fei_face_database,FEI Face Database/originalimages_part1/45-10.jpg,45,original_10,audit_only,jpg
fei_face_database,FEI Face Database/originalimages_part1/45-11.jpg,45,original_11,audit_only,jpg
fei_face_database,FEI Face Database/originalimages_part1/45-12.jpg,45,original_12,audit_only,jpg
fei_face_database,FEI Face Database/originalimages_part1/45-13.jpg,45,original_13,audit_only,jpg
fei_face_database,FEI Face Database/originalimages_part1/45-14.jpg,45,original_14,audit_only,jpg
fei_face_database,FEI Face Database/originalimages_part1/46-01.jpg,46,original_01,audit_only,jpg
fei_face_database,FEI Face Database/originalimages_part1/46-02.jpg,46,original_02,audit_only,jpg
fei_face_database,FEI Face Database/originalimages_part1/46-03.jpg,46,original_03,audit_only,jpg
fei_face_database,FEI Face Database/originalimages_part1/46-04.jpg,46,original_04,audit_only,jpg
fei_face_database,FEI Face Database/originalimages_part1/46-05.jpg,46,original_05,audit_only,jpg
fei_face_database,FEI Face Database/originalimages_part1/46-06.jpg,46,original_06,audit_only,jpg
fei_face_database,FEI Face Database/originalimages_part1/46-07.jpg,46,original_07,audit_only,jpg
fei_face_database,FEI Face Database/originalimages_part1/46-08.jpg,46,original_08,audit_only,jpg
fei_face_database,FEI Face Database/originalimages_part1/46-09.jpg,46,original_09,audit_only,jpg
fei_face_database,FEI Face Database/originalimages_part1/46-10.jpg,46,original_10,audit_only,jpg
fei_face_database,FEI Face Database/originalimages_part1/46-11.jpg,46,original_11,audit_only,jpg
fei_face_database,FEI Face Database/originalimages_part1/46-12.jpg,46,original_12,audit_only,jpg
fei_face_database,FEI Face Database/originalimages_part1/46-13.jpg,46,original_13,audit_only,jpg
fei_face_database,FEI Face Database/originalimages_part1/46-14.jpg,46,original_14,audit_only,jpg
fei_face_database,FEI Face Database/originalimages_part1/47-01.jpg,47,original_01,audit_only,jpg
fei_face_database,FEI Face Database/originalimages_part1/47-02.jpg,47,original_02,audit_only,jpg
fei_face_database,FEI Face Database/originalimages_part1/47-03.jpg,47,original_03,audit_only,jpg
fei_face_database,FEI Face Database/originalimages_part1/47-04.jpg,47,original_04,audit_only,jpg
fei_face_database,FEI Face Database/originalimages_part1/47-05.jpg,47,original_05,audit_only,jpg
fei_face_database,FEI Face Database/originalimages_part1/47-06.jpg,47,original_06,audit_only,jpg
fei_face_database,FEI Face Database/originalimages_part1/47-07.jpg,47,original_07,audit_only,jpg
fei_face_database,FEI Face Database/originalimages_part1/47-08.jpg,47,original_08,audit_only,jpg
fei_face_database,FEI Face Database/originalimages_part1/47-09.jpg,47,original_09,audit_only,jpg
fei_face_database,FEI Face Database/originalimages_part1/47-10.jpg,47,original_10,audit_only,jpg
fei_face_database,FEI Face Database/originalimages_part1/47-11.jpg,47,original_11,audit_only,jpg
fei_face_database,FEI Face Database/originalimages_part1/47-12.jpg,47,original_12,audit_only,jpg
fei_face_database,FEI Face Database/originalimages_part1/47-13.jpg,47,original_13,audit_only,jpg
fei_face_database,FEI Face Database/originalimages_part1/47-14.jpg,47,original_14,audit_only,jpg
fei_face_database,FEI Face Database/originalimages_part1/48-01.jpg,48,original_01,audit_only,jpg
fei_face_database,FEI Face Database/originalimages_part1/48-02.jpg,48,original_02,audit_only,jpg
fei_face_database,FEI Face Database/originalimages_part1/48-03.jpg,48,original_03,audit_only,jpg
fei_face_database,FEI Face Database/originalimages_part1/48-04.jpg,48,original_04,audit_only,jpg
fei_face_database,FEI Face Database/originalimages_part1/48-05.jpg,48,original_05,audit_only,jpg
fei_face_database,FEI Face Database/originalimages_part1/48-06.jpg,48,original_06,audit_only,jpg
fei_face_database,FEI Face Database/originalimages_part1/48-07.jpg,48,original_07,audit_only,jpg
fei_face_database,FEI Face Database/originalimages_part1/48-08.jpg,48,original_08,audit_only,jpg
fei_face_database,FEI Face Database/originalimages_part1/48-09.jpg,48,original_09,audit_only,jpg
fei_face_database,FEI Face Database/originalimages_part1/48-10.jpg,48,original_10,audit_only,jpg
fei_face_database,FEI Face Database/originalimages_part1/48-11.jpg,48,original_11,audit_only,jpg
fei_face_database,FEI Face Database/originalimages_part1/48-12.jpg,48,original_12,audit_only,jpg
fei_face_database,FEI Face Database/originalimages_part1/48-13.jpg,48,original_13,audit_only,jpg
fei_face_database,FEI Face Database/originalimages_part1/48-14.jpg,48,original_14,audit_only,jpg
fei_face_database,FEI Face Database/originalimages_part1/49-01.jpg,49,original_01,audit_only,jpg
fei_face_database,FEI Face Database/originalimages_part1/49-02.jpg,49,original_02,audit_only,jpg
fei_face_database,FEI Face Database/originalimages_part1/49-03.jpg,49,original_03,audit_only,jpg
fei_face_database,FEI Face Database/originalimages_part1/49-04.jpg,49,original_04,audit_only,jpg
fei_face_database,FEI Face Database/originalimages_part1/49-05.jpg,49,original_05,audit_only,jpg
fei_face_database,FEI Face Database/originalimages_part1/49-06.jpg,49,original_06,audit_only,jpg
fei_face_database,FEI Face Database/originalimages_part1/49-07.jpg,49,original_07,audit_only,jpg
fei_face_database,FEI Face Database/originalimages_part1/49-08.jpg,49,original_08,audit_only,jpg
fei_face_database,FEI Face Database/originalimages_part1/49-09.jpg,49,original_09,audit_only,jpg
fei_face_database,FEI Face Database/originalimages_part1/49-10.jpg,49,original_10,audit_only,jpg
fei_face_database,FEI Face Database/originalimages_part1/49-11.jpg,49,original_11,audit_only,jpg
fei_face_database,FEI Face Database/originalimages_part1/49-12.jpg,49,original_12,audit_only,jpg
fei_face_database,FEI Face Database/originalimages_part1/49-13.jpg,49,original_13,audit_only,jpg
fei_face_database,FEI Face Database/originalimages_part1/49-14.jpg,49,original_14,audit_only,jpg
fei_face_database,FEI Face Database/originalimages_part1/5-01.jpg,5,original_01,audit_only,jpg
fei_face_database,FEI Face Database/originalimages_part1/5-02.jpg,5,original_02,audit_only,jpg
fei_face_database,FEI Face Database/originalimages_part1/5-03.jpg,5,original_03,audit_only,jpg
fei_face_database,FEI Face Database/originalimages_part1/5-04.jpg,5,original_04,audit_only,jpg
fei_face_database,FEI Face Database/originalimages_part1/5-05.jpg,5,original_05,audit_only,jpg
fei_face_database,FEI Face Database/originalimages_part1/5-06.jpg,5,original_06,audit_only,jpg
fei_face_database,FEI Face Database/originalimages_part1/5-07.jpg,5,original_07,audit_only,jpg
fei_face_database,FEI Face Database/originalimages_part1/5-08.jpg,5,original_08,audit_only,jpg
fei_face_database,FEI Face Database/originalimages_part1/5-09.jpg,5,original_09,audit_only,jpg
fei_face_database,FEI Face Database/originalimages_part1/5-10.jpg,5,original_10,audit_only,jpg
fei_face_database,FEI Face Database/originalimages_part1/5-11.jpg,5,original_11,audit_only,jpg
fei_face_database,FEI Face Database/originalimages_part1/5-12.jpg,5,original_12,audit_only,jpg
fei_face_database,FEI Face Database/originalimages_part1/5-13.jpg,5,original_13,audit_only,jpg
fei_face_database,FEI Face Database/originalimages_part1/5-14.jpg,5,original_14,audit_only,jpg
fei_face_database,FEI Face Database/originalimages_part1/50-01.jpg,50,original_01,audit_only,jpg
fei_face_database,FEI Face Database/originalimages_part1/50-02.jpg,50,original_02,audit_only,jpg
fei_face_database,FEI Face Database/originalimages_part1/50-03.jpg,50,original_03,audit_only,jpg
fei_face_database,FEI Face Database/originalimages_part1/50-04.jpg,50,original_04,audit_only,jpg
fei_face_database,FEI Face Database/originalimages_part1/50-05.jpg,50,original_05,audit_only,jpg
fei_face_database,FEI Face Database/originalimages_part1/50-06.jpg,50,original_06,audit_only,jpg
fei_face_database,FEI Face Database/originalimages_part1/50-07.jpg,50,original_07,audit_only,jpg
fei_face_database,FEI Face Database/originalimages_part1/50-08.jpg,50,original_08,audit_only,jpg
fei_face_database,FEI Face Database/originalimages_part1/50-09.jpg,50,original_09,audit_only,jpg
fei_face_database,FEI Face Database/originalimages_part1/50-10.jpg,50,original_10,audit_only,jpg
fei_face_database,FEI Face Database/originalimages_part1/50-11.jpg,50,original_11,audit_only,jpg
fei_face_database,FEI Face Database/originalimages_part1/50-12.jpg,50,original_12,audit_only,jpg
fei_face_database,FEI Face Database/originalimages_part1/50-13.jpg,50,original_13,audit_only,jpg
fei_face_database,FEI Face Database/originalimages_part1/50-14.jpg,50,original_14,audit_only,jpg
fei_face_database,FEI Face Database/originalimages_part1/6-01.jpg,6,original_01,audit_only,jpg
fei_face_database,FEI Face Database/originalimages_part1/6-02.jpg,6,original_02,audit_only,jpg
fei_face_database,FEI Face Database/originalimages_part1/6-03.jpg,6,original_03,audit_only,jpg
fei_face_database,FEI Face Database/originalimages_part1/6-04.jpg,6,original_04,audit_only,jpg
fei_face_database,FEI Face Database/originalimages_part1/6-05.jpg,6,original_05,audit_only,jpg
fei_face_database,FEI Face Database/originalimages_part1/6-06.jpg,6,original_06,audit_only,jpg
fei_face_database,FEI Face Database/originalimages_part1/6-07.jpg,6,original_07,audit_only,jpg
fei_face_database,FEI Face Database/originalimages_part1/6-08.jpg,6,original_08,audit_only,jpg
fei_face_database,FEI Face Database/originalimages_part1/6-09.jpg,6,original_09,audit_only,jpg
fei_face_database,FEI Face Database/originalimages_part1/6-10.jpg,6,original_10,audit_only,jpg
fei_face_database,FEI Face Database/originalimages_part1/6-11.jpg,6,original_11,audit_only,jpg
fei_face_database,FEI Face Database/originalimages_part1/6-12.jpg,6,original_12,audit_only,jpg
fei_face_database,FEI Face Database/originalimages_part1/6-13.jpg,6,original_13,audit_only,jpg
fei_face_database,FEI Face Database/originalimages_part1/6-14.jpg,6,original_14,audit_only,jpg
fei_face_database,FEI Face Database/originalimages_part1/7-01.jpg,7,original_01,audit_only,jpg
fei_face_database,FEI Face Database/originalimages_part1/7-02.jpg,7,original_02,audit_only,jpg
fei_face_database,FEI Face Database/originalimages_part1/7-03.jpg,7,original_03,audit_only,jpg
fei_face_database,FEI Face Database/originalimages_part1/7-04.jpg,7,original_04,audit_only,jpg
fei_face_database,FEI Face Database/originalimages_part1/7-05.jpg,7,original_05,audit_only,jpg
fei_face_database,FEI Face Database/originalimages_part1/7-06.jpg,7,original_06,audit_only,jpg
fei_face_database,FEI Face Database/originalimages_part1/7-07.jpg,7,original_07,audit_only,jpg
fei_face_database,FEI Face Database/originalimages_part1/7-08.jpg,7,original_08,audit_only,jpg
fei_face_database,FEI Face Database/originalimages_part1/7-09.jpg,7,original_09,audit_only,jpg
fei_face_database,FEI Face Database/originalimages_part1/7-10.jpg,7,original_10,audit_only,jpg
fei_face_database,FEI Face Database/originalimages_part1/7-11.jpg,7,original_11,audit_only,jpg
fei_face_database,FEI Face Database/originalimages_part1/7-12.jpg,7,original_12,audit_only,jpg
fei_face_database,FEI Face Database/originalimages_part1/7-13.jpg,7,original_13,audit_only,jpg
fei_face_database,FEI Face Database/originalimages_part1/7-14.jpg,7,original_14,audit_only,jpg
fei_face_database,FEI Face Database/originalimages_part1/8-01.jpg,8,original_01,audit_only,jpg
fei_face_database,FEI Face Database/originalimages_part1/8-02.jpg,8,original_02,audit_only,jpg
fei_face_database,FEI Face Database/originalimages_part1/8-03.jpg,8,original_03,audit_only,jpg
fei_face_database,FEI Face Database/originalimages_part1/8-04.jpg,8,original_04,audit_only,jpg
fei_face_database,FEI Face Database/originalimages_part1/8-05.jpg,8,original_05,audit_only,jpg
fei_face_database,FEI Face Database/originalimages_part1/8-06.jpg,8,original_06,audit_only,jpg
fei_face_database,FEI Face Database/originalimages_part1/8-07.jpg,8,original_07,audit_only,jpg
fei_face_database,FEI Face Database/originalimages_part1/8-08.jpg,8,original_08,audit_only,jpg
fei_face_database,FEI Face Database/originalimages_part1/8-09.jpg,8,original_09,audit_only,jpg
fei_face_database,FEI Face Database/originalimages_part1/8-10.jpg,8,original_10,audit_only,jpg
fei_face_database,FEI Face Database/originalimages_part1/8-11.jpg,8,original_11,audit_only,jpg
fei_face_database,FEI Face Database/originalimages_part1/8-12.jpg,8,original_12,audit_only,jpg
fei_face_database,FEI Face Database/originalimages_part1/8-13.jpg,8,original_13,audit_only,jpg
fei_face_database,FEI Face Database/originalimages_part1/8-14.jpg,8,original_14,audit_only,jpg
fei_face_database,FEI Face Database/originalimages_part1/9-01.jpg,9,original_01,audit_only,jpg
fei_face_database,FEI Face Database/originalimages_part1/9-02.jpg,9,original_02,audit_only,jpg
fei_face_database,FEI Face Database/originalimages_part1/9-03.jpg,9,original_03,audit_only,jpg
fei_face_database,FEI Face Database/originalimages_part1/9-04.jpg,9,original_04,audit_only,jpg
fei_face_database,FEI Face Database/originalimages_part1/9-05.jpg,9,original_05,audit_only,jpg
fei_face_database,FEI Face Database/originalimages_part1/9-06.jpg,9,original_06,audit_only,jpg
fei_face_database,FEI Face Database/originalimages_part1/9-07.jpg,9,original_07,audit_only,jpg
fei_face_database,FEI Face Database/originalimages_part1/9-08.jpg,9,original_08,audit_only,jpg
fei_face_database,FEI Face Database/originalimages_part1/9-09.jpg,9,original_09,audit_only,jpg
fei_face_database,FEI Face Database/originalimages_part1/9-10.jpg,9,original_10,audit_only,jpg
fei_face_database,FEI Face Database/originalimages_part1/9-11.jpg,9,original_11,audit_only,jpg
fei_face_database,FEI Face Database/originalimages_part1/9-12.jpg,9,original_12,audit_only,jpg
fei_face_database,FEI Face Database/originalimages_part1/9-13.jpg,9,original_13,audit_only,jpg
fei_face_database,FEI Face Database/originalimages_part1/9-14.jpg,9,original_14,audit_only,jpg
fei_face_database,FEI Face Database/originalimages_part2/100-01.jpg,100,original_01,audit_only,jpg
fei_face_database,FEI Face Database/originalimages_part2/100-02.jpg,100,original_02,audit_only,jpg
fei_face_database,FEI Face Database/originalimages_part2/100-03.jpg,100,original_03,audit_only,jpg
fei_face_database,FEI Face Database/originalimages_part2/100-04.jpg,100,original_04,audit_only,jpg
fei_face_database,FEI Face Database/originalimages_part2/100-05.jpg,100,original_05,audit_only,jpg
fei_face_database,FEI Face Database/originalimages_part2/100-06.jpg,100,original_06,audit_only,jpg
fei_face_database,FEI Face Database/originalimages_part2/100-07.jpg,100,original_07,audit_only,jpg
fei_face_database,FEI Face Database/originalimages_part2/100-08.jpg,100,original_08,audit_only,jpg
fei_face_database,FEI Face Database/originalimages_part2/100-09.jpg,100,original_09,audit_only,jpg
fei_face_database,FEI Face Database/originalimages_part2/100-10.jpg,100,original_10,audit_only,jpg
fei_face_database,FEI Face Database/originalimages_part2/100-11.jpg,100,original_11,audit_only,jpg
fei_face_database,FEI Face Database/originalimages_part2/100-12.jpg,100,original_12,audit_only,jpg
fei_face_database,FEI Face Database/originalimages_part2/100-13.jpg,100,original_13,audit_only,jpg
fei_face_database,FEI Face Database/originalimages_part2/100-14.jpg,100,original_14,audit_only,jpg
fei_face_database,FEI Face Database/originalimages_part2/51-01.jpg,51,original_01,audit_only,jpg
fei_face_database,FEI Face Database/originalimages_part2/51-02.jpg,51,original_02,audit_only,jpg
fei_face_database,FEI Face Database/originalimages_part2/51-03.jpg,51,original_03,audit_only,jpg
fei_face_database,FEI Face Database/originalimages_part2/51-04.jpg,51,original_04,audit_only,jpg
fei_face_database,FEI Face Database/originalimages_part2/51-05.jpg,51,original_05,audit_only,jpg
fei_face_database,FEI Face Database/originalimages_part2/51-06.jpg,51,original_06,audit_only,jpg
fei_face_database,FEI Face Database/originalimages_part2/51-07.jpg,51,original_07,audit_only,jpg
fei_face_database,FEI Face Database/originalimages_part2/51-08.jpg,51,original_08,audit_only,jpg
fei_face_database,FEI Face Database/originalimages_part2/51-09.jpg,51,original_09,audit_only,jpg
fei_face_database,FEI Face Database/originalimages_part2/51-10.jpg,51,original_10,audit_only,jpg
fei_face_database,FEI Face Database/originalimages_part2/51-11.jpg,51,original_11,audit_only,jpg
fei_face_database,FEI Face Database/originalimages_part2/51-12.jpg,51,original_12,audit_only,jpg
fei_face_database,FEI Face Database/originalimages_part2/51-13.jpg,51,original_13,audit_only,jpg
fei_face_database,FEI Face Database/originalimages_part2/51-14.jpg,51,original_14,audit_only,jpg
fei_face_database,FEI Face Database/originalimages_part2/52-01.jpg,52,original_01,audit_only,jpg
fei_face_database,FEI Face Database/originalimages_part2/52-02.jpg,52,original_02,audit_only,jpg
fei_face_database,FEI Face Database/originalimages_part2/52-03.jpg,52,original_03,audit_only,jpg
fei_face_database,FEI Face Database/originalimages_part2/52-04.jpg,52,original_04,audit_only,jpg
fei_face_database,FEI Face Database/originalimages_part2/52-05.jpg,52,original_05,audit_only,jpg
fei_face_database,FEI Face Database/originalimages_part2/52-06.jpg,52,original_06,audit_only,jpg
fei_face_database,FEI Face Database/originalimages_part2/52-07.jpg,52,original_07,audit_only,jpg
fei_face_database,FEI Face Database/originalimages_part2/52-08.jpg,52,original_08,audit_only,jpg
fei_face_database,FEI Face Database/originalimages_part2/52-09.jpg,52,original_09,audit_only,jpg
fei_face_database,FEI Face Database/originalimages_part2/52-10.jpg,52,original_10,audit_only,jpg
fei_face_database,FEI Face Database/originalimages_part2/52-11.jpg,52,original_11,audit_only,jpg
fei_face_database,FEI Face Database/originalimages_part2/52-12.jpg,52,original_12,audit_only,jpg
fei_face_database,FEI Face Database/originalimages_part2/52-13.jpg,52,original_13,audit_only,jpg
fei_face_database,FEI Face Database/originalimages_part2/52-14.jpg,52,original_14,audit_only,jpg
fei_face_database,FEI Face Database/originalimages_part2/53-01.jpg,53,original_01,audit_only,jpg
fei_face_database,FEI Face Database/originalimages_part2/53-02.jpg,53,original_02,audit_only,jpg
fei_face_database,FEI Face Database/originalimages_part2/53-03.jpg,53,original_03,audit_only,jpg
fei_face_database,FEI Face Database/originalimages_part2/53-04.jpg,53,original_04,audit_only,jpg
fei_face_database,FEI Face Database/originalimages_part2/53-05.jpg,53,original_05,audit_only,jpg
fei_face_database,FEI Face Database/originalimages_part2/53-06.jpg,53,original_06,audit_only,jpg
fei_face_database,FEI Face Database/originalimages_part2/53-07.jpg,53,original_07,audit_only,jpg
fei_face_database,FEI Face Database/originalimages_part2/53-08.jpg,53,original_08,audit_only,jpg
fei_face_database,FEI Face Database/originalimages_part2/53-09.jpg,53,original_09,audit_only,jpg
fei_face_database,FEI Face Database/originalimages_part2/53-10.jpg,53,original_10,audit_only,jpg
fei_face_database,FEI Face Database/originalimages_part2/53-11.jpg,53,original_11,audit_only,jpg
fei_face_database,FEI Face Database/originalimages_part2/53-12.jpg,53,original_12,audit_only,jpg
fei_face_database,FEI Face Database/originalimages_part2/53-13.jpg,53,original_13,audit_only,jpg
fei_face_database,FEI Face Database/originalimages_part2/53-14.jpg,53,original_14,audit_only,jpg
fei_face_database,FEI Face Database/originalimages_part2/54-01.jpg,54,original_01,audit_only,jpg
fei_face_database,FEI Face Database/originalimages_part2/54-02.jpg,54,original_02,audit_only,jpg
fei_face_database,FEI Face Database/originalimages_part2/54-03.jpg,54,original_03,audit_only,jpg
fei_face_database,FEI Face Database/originalimages_part2/54-04.jpg,54,original_04,audit_only,jpg
fei_face_database,FEI Face Database/originalimages_part2/54-05.jpg,54,original_05,audit_only,jpg
fei_face_database,FEI Face Database/originalimages_part2/54-06.jpg,54,original_06,audit_only,jpg
fei_face_database,FEI Face Database/originalimages_part2/54-07.jpg,54,original_07,audit_only,jpg
fei_face_database,FEI Face Database/originalimages_part2/54-08.jpg,54,original_08,audit_only,jpg
fei_face_database,FEI Face Database/originalimages_part2/54-09.jpg,54,original_09,audit_only,jpg
fei_face_database,FEI Face Database/originalimages_part2/54-10.jpg,54,original_10,audit_only,jpg
fei_face_database,FEI Face Database/originalimages_part2/54-11.jpg,54,original_11,audit_only,jpg
fei_face_database,FEI Face Database/originalimages_part2/54-12.jpg,54,original_12,audit_only,jpg
fei_face_database,FEI Face Database/originalimages_part2/54-13.jpg,54,original_13,audit_only,jpg
fei_face_database,FEI Face Database/originalimages_part2/54-14.jpg,54,original_14,audit_only,jpg
fei_face_database,FEI Face Database/originalimages_part2/55-01.jpg,55,original_01,audit_only,jpg
fei_face_database,FEI Face Database/originalimages_part2/55-02.jpg,55,original_02,audit_only,jpg
fei_face_database,FEI Face Database/originalimages_part2/55-03.jpg,55,original_03,audit_only,jpg
fei_face_database,FEI Face Database/originalimages_part2/55-04.jpg,55,original_04,audit_only,jpg
fei_face_database,FEI Face Database/originalimages_part2/55-05.jpg,55,original_05,audit_only,jpg
fei_face_database,FEI Face Database/originalimages_part2/55-06.jpg,55,original_06,audit_only,jpg
fei_face_database,FEI Face Database/originalimages_part2/55-07.jpg,55,original_07,audit_only,jpg
fei_face_database,FEI Face Database/originalimages_part2/55-08.jpg,55,original_08,audit_only,jpg
fei_face_database,FEI Face Database/originalimages_part2/55-09.jpg,55,original_09,audit_only,jpg
fei_face_database,FEI Face Database/originalimages_part2/55-10.jpg,55,original_10,audit_only,jpg
fei_face_database,FEI Face Database/originalimages_part2/55-11.jpg,55,original_11,audit_only,jpg
fei_face_database,FEI Face Database/originalimages_part2/55-12.jpg,55,original_12,audit_only,jpg
fei_face_database,FEI Face Database/originalimages_part2/55-13.jpg,55,original_13,audit_only,jpg
fei_face_database,FEI Face Database/originalimages_part2/55-14.jpg,55,original_14,audit_only,jpg
fei_face_database,FEI Face Database/originalimages_part2/56-01.jpg,56,original_01,audit_only,jpg
fei_face_database,FEI Face Database/originalimages_part2/56-02.jpg,56,original_02,audit_only,jpg
fei_face_database,FEI Face Database/originalimages_part2/56-03.jpg,56,original_03,audit_only,jpg
fei_face_database,FEI Face Database/originalimages_part2/56-04.jpg,56,original_04,audit_only,jpg
fei_face_database,FEI Face Database/originalimages_part2/56-05.jpg,56,original_05,audit_only,jpg
fei_face_database,FEI Face Database/originalimages_part2/56-06.jpg,56,original_06,audit_only,jpg
fei_face_database,FEI Face Database/originalimages_part2/56-07.jpg,56,original_07,audit_only,jpg
fei_face_database,FEI Face Database/originalimages_part2/56-08.jpg,56,original_08,audit_only,jpg
fei_face_database,FEI Face Database/originalimages_part2/56-09.jpg,56,original_09,audit_only,jpg
fei_face_database,FEI Face Database/originalimages_part2/56-10.jpg,56,original_10,audit_only,jpg
fei_face_database,FEI Face Database/originalimages_part2/56-11.jpg,56,original_11,audit_only,jpg
fei_face_database,FEI Face Database/originalimages_part2/56-12.jpg,56,original_12,audit_only,jpg
fei_face_database,FEI Face Database/originalimages_part2/56-13.jpg,56,original_13,audit_only,jpg
fei_face_database,FEI Face Database/originalimages_part2/56-14.jpg,56,original_14,audit_only,jpg
fei_face_database,FEI Face Database/originalimages_part2/57-01.jpg,57,original_01,audit_only,jpg
fei_face_database,FEI Face Database/originalimages_part2/57-02.jpg,57,original_02,audit_only,jpg
fei_face_database,FEI Face Database/originalimages_part2/57-03.jpg,57,original_03,audit_only,jpg
fei_face_database,FEI Face Database/originalimages_part2/57-04.jpg,57,original_04,audit_only,jpg
fei_face_database,FEI Face Database/originalimages_part2/57-05.jpg,57,original_05,audit_only,jpg
fei_face_database,FEI Face Database/originalimages_part2/57-06.jpg,57,original_06,audit_only,jpg
fei_face_database,FEI Face Database/originalimages_part2/57-07.jpg,57,original_07,audit_only,jpg
fei_face_database,FEI Face Database/originalimages_part2/57-08.jpg,57,original_08,audit_only,jpg
fei_face_database,FEI Face Database/originalimages_part2/57-09.jpg,57,original_09,audit_only,jpg
fei_face_database,FEI Face Database/originalimages_part2/57-10.jpg,57,original_10,audit_only,jpg
fei_face_database,FEI Face Database/originalimages_part2/57-11.jpg,57,original_11,audit_only,jpg
fei_face_database,FEI Face Database/originalimages_part2/57-12.jpg,57,original_12,audit_only,jpg
fei_face_database,FEI Face Database/originalimages_part2/57-13.jpg,57,original_13,audit_only,jpg
fei_face_database,FEI Face Database/originalimages_part2/57-14.jpg,57,original_14,audit_only,jpg
fei_face_database,FEI Face Database/originalimages_part2/58-01.jpg,58,original_01,audit_only,jpg
fei_face_database,FEI Face Database/originalimages_part2/58-02.jpg,58,original_02,audit_only,jpg
fei_face_database,FEI Face Database/originalimages_part2/58-03.jpg,58,original_03,audit_only,jpg
fei_face_database,FEI Face Database/originalimages_part2/58-04.jpg,58,original_04,audit_only,jpg
fei_face_database,FEI Face Database/originalimages_part2/58-05.jpg,58,original_05,audit_only,jpg
fei_face_database,FEI Face Database/originalimages_part2/58-06.jpg,58,original_06,audit_only,jpg
fei_face_database,FEI Face Database/originalimages_part2/58-07.jpg,58,original_07,audit_only,jpg
fei_face_database,FEI Face Database/originalimages_part2/58-08.jpg,58,original_08,audit_only,jpg
fei_face_database,FEI Face Database/originalimages_part2/58-09.jpg,58,original_09,audit_only,jpg
fei_face_database,FEI Face Database/originalimages_part2/58-10.jpg,58,original_10,audit_only,jpg
fei_face_database,FEI Face Database/originalimages_part2/58-11.jpg,58,original_11,audit_only,jpg
fei_face_database,FEI Face Database/originalimages_part2/58-12.jpg,58,original_12,audit_only,jpg
fei_face_database,FEI Face Database/originalimages_part2/58-13.jpg,58,original_13,audit_only,jpg
fei_face_database,FEI Face Database/originalimages_part2/58-14.jpg,58,original_14,audit_only,jpg
fei_face_database,FEI Face Database/originalimages_part2/59-01.jpg,59,original_01,audit_only,jpg
fei_face_database,FEI Face Database/originalimages_part2/59-02.jpg,59,original_02,audit_only,jpg
fei_face_database,FEI Face Database/originalimages_part2/59-03.jpg,59,original_03,audit_only,jpg
fei_face_database,FEI Face Database/originalimages_part2/59-04.jpg,59,original_04,audit_only,jpg
fei_face_database,FEI Face Database/originalimages_part2/59-05.jpg,59,original_05,audit_only,jpg
fei_face_database,FEI Face Database/originalimages_part2/59-06.jpg,59,original_06,audit_only,jpg
fei_face_database,FEI Face Database/originalimages_part2/59-07.jpg,59,original_07,audit_only,jpg
fei_face_database,FEI Face Database/originalimages_part2/59-08.jpg,59,original_08,audit_only,jpg
fei_face_database,FEI Face Database/originalimages_part2/59-09.jpg,59,original_09,audit_only,jpg
fei_face_database,FEI Face Database/originalimages_part2/59-10.jpg,59,original_10,audit_only,jpg
fei_face_database,FEI Face Database/originalimages_part2/59-11.jpg,59,original_11,audit_only,jpg
fei_face_database,FEI Face Database/originalimages_part2/59-12.jpg,59,original_12,audit_only,jpg
fei_face_database,FEI Face Database/originalimages_part2/59-13.jpg,59,original_13,audit_only,jpg
fei_face_database,FEI Face Database/originalimages_part2/59-14.jpg,59,original_14,audit_only,jpg
fei_face_database,FEI Face Database/originalimages_part2/60-01.jpg,60,original_01,audit_only,jpg
fei_face_database,FEI Face Database/originalimages_part2/60-02.jpg,60,original_02,audit_only,jpg
fei_face_database,FEI Face Database/originalimages_part2/60-03.jpg,60,original_03,audit_only,jpg
fei_face_database,FEI Face Database/originalimages_part2/60-04.jpg,60,original_04,audit_only,jpg
fei_face_database,FEI Face Database/originalimages_part2/60-05.jpg,60,original_05,audit_only,jpg
fei_face_database,FEI Face Database/originalimages_part2/60-06.jpg,60,original_06,audit_only,jpg
fei_face_database,FEI Face Database/originalimages_part2/60-07.jpg,60,original_07,audit_only,jpg
fei_face_database,FEI Face Database/originalimages_part2/60-08.jpg,60,original_08,audit_only,jpg
fei_face_database,FEI Face Database/originalimages_part2/60-09.jpg,60,original_09,audit_only,jpg
fei_face_database,FEI Face Database/originalimages_part2/60-10.jpg,60,original_10,audit_only,jpg
fei_face_database,FEI Face Database/originalimages_part2/60-11.jpg,60,original_11,audit_only,jpg
fei_face_database,FEI Face Database/originalimages_part2/60-12.jpg,60,original_12,audit_only,jpg
fei_face_database,FEI Face Database/originalimages_part2/60-13.jpg,60,original_13,audit_only,jpg
fei_face_database,FEI Face Database/originalimages_part2/60-14.jpg,60,original_14,audit_only,jpg
fei_face_database,FEI Face Database/originalimages_part2/61-01.jpg,61,original_01,audit_only,jpg
fei_face_database,FEI Face Database/originalimages_part2/61-02.jpg,61,original_02,audit_only,jpg
fei_face_database,FEI Face Database/originalimages_part2/61-03.jpg,61,original_03,audit_only,jpg
fei_face_database,FEI Face Database/originalimages_part2/61-04.jpg,61,original_04,audit_only,jpg
fei_face_database,FEI Face Database/originalimages_part2/61-05.jpg,61,original_05,audit_only,jpg
fei_face_database,FEI Face Database/originalimages_part2/61-06.jpg,61,original_06,audit_only,jpg
fei_face_database,FEI Face Database/originalimages_part2/61-07.jpg,61,original_07,audit_only,jpg
fei_face_database,FEI Face Database/originalimages_part2/61-08.jpg,61,original_08,audit_only,jpg
fei_face_database,FEI Face Database/originalimages_part2/61-09.jpg,61,original_09,audit_only,jpg
fei_face_database,FEI Face Database/originalimages_part2/61-10.jpg,61,original_10,audit_only,jpg
fei_face_database,FEI Face Database/originalimages_part2/61-11.jpg,61,original_11,audit_only,jpg
fei_face_database,FEI Face Database/originalimages_part2/61-12.jpg,61,original_12,audit_only,jpg
fei_face_database,FEI Face Database/originalimages_part2/61-13.jpg,61,original_13,audit_only,jpg
fei_face_database,FEI Face Database/originalimages_part2/61-14.jpg,61,original_14,audit_only,jpg
fei_face_database,FEI Face Database/originalimages_part2/62-01.jpg,62,original_01,audit_only,jpg
fei_face_database,FEI Face Database/originalimages_part2/62-02.jpg,62,original_02,audit_only,jpg
fei_face_database,FEI Face Database/originalimages_part2/62-03.jpg,62,original_03,audit_only,jpg
fei_face_database,FEI Face Database/originalimages_part2/62-04.jpg,62,original_04,audit_only,jpg
fei_face_database,FEI Face Database/originalimages_part2/62-05.jpg,62,original_05,audit_only,jpg
fei_face_database,FEI Face Database/originalimages_part2/62-06.jpg,62,original_06,audit_only,jpg
fei_face_database,FEI Face Database/originalimages_part2/62-07.jpg,62,original_07,audit_only,jpg
fei_face_database,FEI Face Database/originalimages_part2/62-08.jpg,62,original_08,audit_only,jpg
fei_face_database,FEI Face Database/originalimages_part2/62-09.jpg,62,original_09,audit_only,jpg
fei_face_database,FEI Face Database/originalimages_part2/62-10.jpg,62,original_10,audit_only,jpg
fei_face_database,FEI Face Database/originalimages_part2/62-11.jpg,62,original_11,audit_only,jpg
fei_face_database,FEI Face Database/originalimages_part2/62-12.jpg,62,original_12,audit_only,jpg
fei_face_database,FEI Face Database/originalimages_part2/62-13.jpg,62,original_13,audit_only,jpg
fei_face_database,FEI Face Database/originalimages_part2/62-14.jpg,62,original_14,audit_only,jpg
fei_face_database,FEI Face Database/originalimages_part2/63-01.jpg,63,original_01,audit_only,jpg
fei_face_database,FEI Face Database/originalimages_part2/63-02.jpg,63,original_02,audit_only,jpg
fei_face_database,FEI Face Database/originalimages_part2/63-03.jpg,63,original_03,audit_only,jpg
fei_face_database,FEI Face Database/originalimages_part2/63-04.jpg,63,original_04,audit_only,jpg
fei_face_database,FEI Face Database/originalimages_part2/63-05.jpg,63,original_05,audit_only,jpg
fei_face_database,FEI Face Database/originalimages_part2/63-06.jpg,63,original_06,audit_only,jpg
fei_face_database,FEI Face Database/originalimages_part2/63-07.jpg,63,original_07,audit_only,jpg
fei_face_database,FEI Face Database/originalimages_part2/63-08.jpg,63,original_08,audit_only,jpg
fei_face_database,FEI Face Database/originalimages_part2/63-09.jpg,63,original_09,audit_only,jpg
fei_face_database,FEI Face Database/originalimages_part2/63-10.jpg,63,original_10,audit_only,jpg
fei_face_database,FEI Face Database/originalimages_part2/63-11.jpg,63,original_11,audit_only,jpg
fei_face_database,FEI Face Database/originalimages_part2/63-12.jpg,63,original_12,audit_only,jpg
fei_face_database,FEI Face Database/originalimages_part2/63-13.jpg,63,original_13,audit_only,jpg
fei_face_database,FEI Face Database/originalimages_part2/63-14.jpg,63,original_14,audit_only,jpg
fei_face_database,FEI Face Database/originalimages_part2/64-01.jpg,64,original_01,audit_only,jpg
fei_face_database,FEI Face Database/originalimages_part2/64-02.jpg,64,original_02,audit_only,jpg
fei_face_database,FEI Face Database/originalimages_part2/64-03.jpg,64,original_03,audit_only,jpg
fei_face_database,FEI Face Database/originalimages_part2/64-04.jpg,64,original_04,audit_only,jpg
fei_face_database,FEI Face Database/originalimages_part2/64-05.jpg,64,original_05,audit_only,jpg
fei_face_database,FEI Face Database/originalimages_part2/64-06.jpg,64,original_06,audit_only,jpg
fei_face_database,FEI Face Database/originalimages_part2/64-07.jpg,64,original_07,audit_only,jpg
fei_face_database,FEI Face Database/originalimages_part2/64-08.jpg,64,original_08,audit_only,jpg
fei_face_database,FEI Face Database/originalimages_part2/64-09.jpg,64,original_09,audit_only,jpg
fei_face_database,FEI Face Database/originalimages_part2/64-10.jpg,64,original_10,audit_only,jpg
fei_face_database,FEI Face Database/originalimages_part2/64-11.jpg,64,original_11,audit_only,jpg
fei_face_database,FEI Face Database/originalimages_part2/64-12.jpg,64,original_12,audit_only,jpg
fei_face_database,FEI Face Database/originalimages_part2/64-13.jpg,64,original_13,audit_only,jpg
fei_face_database,FEI Face Database/originalimages_part2/64-14.jpg,64,original_14,audit_only,jpg
fei_face_database,FEI Face Database/originalimages_part2/65-01.jpg,65,original_01,audit_only,jpg
fei_face_database,FEI Face Database/originalimages_part2/65-02.jpg,65,original_02,audit_only,jpg
fei_face_database,FEI Face Database/originalimages_part2/65-03.jpg,65,original_03,audit_only,jpg
fei_face_database,FEI Face Database/originalimages_part2/65-04.jpg,65,original_04,audit_only,jpg
fei_face_database,FEI Face Database/originalimages_part2/65-05.jpg,65,original_05,audit_only,jpg
fei_face_database,FEI Face Database/originalimages_part2/65-06.jpg,65,original_06,audit_only,jpg
fei_face_database,FEI Face Database/originalimages_part2/65-07.jpg,65,original_07,audit_only,jpg
fei_face_database,FEI Face Database/originalimages_part2/65-08.jpg,65,original_08,audit_only,jpg
fei_face_database,FEI Face Database/originalimages_part2/65-09.jpg,65,original_09,audit_only,jpg
fei_face_database,FEI Face Database/originalimages_part2/65-10.jpg,65,original_10,audit_only,jpg
fei_face_database,FEI Face Database/originalimages_part2/65-11.jpg,65,original_11,audit_only,jpg
fei_face_database,FEI Face Database/originalimages_part2/65-12.jpg,65,original_12,audit_only,jpg
fei_face_database,FEI Face Database/originalimages_part2/65-13.jpg,65,original_13,audit_only,jpg
fei_face_database,FEI Face Database/originalimages_part2/65-14.jpg,65,original_14,audit_only,jpg
fei_face_database,FEI Face Database/originalimages_part2/66-01.jpg,66,original_01,audit_only,jpg
fei_face_database,FEI Face Database/originalimages_part2/66-02.jpg,66,original_02,audit_only,jpg
fei_face_database,FEI Face Database/originalimages_part2/66-03.jpg,66,original_03,audit_only,jpg
fei_face_database,FEI Face Database/originalimages_part2/66-04.jpg,66,original_04,audit_only,jpg
fei_face_database,FEI Face Database/originalimages_part2/66-05.jpg,66,original_05,audit_only,jpg
fei_face_database,FEI Face Database/originalimages_part2/66-06.jpg,66,original_06,audit_only,jpg
fei_face_database,FEI Face Database/originalimages_part2/66-07.jpg,66,original_07,audit_only,jpg
fei_face_database,FEI Face Database/originalimages_part2/66-08.jpg,66,original_08,audit_only,jpg
fei_face_database,FEI Face Database/originalimages_part2/66-09.jpg,66,original_09,audit_only,jpg
fei_face_database,FEI Face Database/originalimages_part2/66-10.jpg,66,original_10,audit_only,jpg
fei_face_database,FEI Face Database/originalimages_part2/66-11.jpg,66,original_11,audit_only,jpg
fei_face_database,FEI Face Database/originalimages_part2/66-12.jpg,66,original_12,audit_only,jpg
fei_face_database,FEI Face Database/originalimages_part2/66-13.jpg,66,original_13,audit_only,jpg
fei_face_database,FEI Face Database/originalimages_part2/66-14.jpg,66,original_14,audit_only,jpg
fei_face_database,FEI Face Database/originalimages_part2/67-01.jpg,67,original_01,audit_only,jpg
fei_face_database,FEI Face Database/originalimages_part2/67-02.jpg,67,original_02,audit_only,jpg
fei_face_database,FEI Face Database/originalimages_part2/67-03.jpg,67,original_03,audit_only,jpg
fei_face_database,FEI Face Database/originalimages_part2/67-04.jpg,67,original_04,audit_only,jpg
fei_face_database,FEI Face Database/originalimages_part2/67-05.jpg,67,original_05,audit_only,jpg
fei_face_database,FEI Face Database/originalimages_part2/67-06.jpg,67,original_06,audit_only,jpg
fei_face_database,FEI Face Database/originalimages_part2/67-07.jpg,67,original_07,audit_only,jpg
fei_face_database,FEI Face Database/originalimages_part2/67-08.jpg,67,original_08,audit_only,jpg
fei_face_database,FEI Face Database/originalimages_part2/67-09.jpg,67,original_09,audit_only,jpg
fei_face_database,FEI Face Database/originalimages_part2/67-10.jpg,67,original_10,audit_only,jpg
fei_face_database,FEI Face Database/originalimages_part2/67-11.jpg,67,original_11,audit_only,jpg
fei_face_database,FEI Face Database/originalimages_part2/67-12.jpg,67,original_12,audit_only,jpg
fei_face_database,FEI Face Database/originalimages_part2/67-13.jpg,67,original_13,audit_only,jpg
fei_face_database,FEI Face Database/originalimages_part2/67-14.jpg,67,original_14,audit_only,jpg
fei_face_database,FEI Face Database/originalimages_part2/68-01.jpg,68,original_01,audit_only,jpg
fei_face_database,FEI Face Database/originalimages_part2/68-02.jpg,68,original_02,audit_only,jpg
fei_face_database,FEI Face Database/originalimages_part2/68-03.jpg,68,original_03,audit_only,jpg
fei_face_database,FEI Face Database/originalimages_part2/68-04.jpg,68,original_04,audit_only,jpg
fei_face_database,FEI Face Database/originalimages_part2/68-05.jpg,68,original_05,audit_only,jpg
fei_face_database,FEI Face Database/originalimages_part2/68-06.jpg,68,original_06,audit_only,jpg
fei_face_database,FEI Face Database/originalimages_part2/68-07.jpg,68,original_07,audit_only,jpg
fei_face_database,FEI Face Database/originalimages_part2/68-08.jpg,68,original_08,audit_only,jpg
fei_face_database,FEI Face Database/originalimages_part2/68-09.jpg,68,original_09,audit_only,jpg
fei_face_database,FEI Face Database/originalimages_part2/68-10.jpg,68,original_10,audit_only,jpg
fei_face_database,FEI Face Database/originalimages_part2/68-11.jpg,68,original_11,audit_only,jpg
fei_face_database,FEI Face Database/originalimages_part2/68-12.jpg,68,original_12,audit_only,jpg
fei_face_database,FEI Face Database/originalimages_part2/68-13.jpg,68,original_13,audit_only,jpg
fei_face_database,FEI Face Database/originalimages_part2/68-14.jpg,68,original_14,audit_only,jpg
fei_face_database,FEI Face Database/originalimages_part2/69-01.jpg,69,original_01,audit_only,jpg
fei_face_database,FEI Face Database/originalimages_part2/69-02.jpg,69,original_02,audit_only,jpg
fei_face_database,FEI Face Database/originalimages_part2/69-03.jpg,69,original_03,audit_only,jpg
fei_face_database,FEI Face Database/originalimages_part2/69-04.jpg,69,original_04,audit_only,jpg
fei_face_database,FEI Face Database/originalimages_part2/69-05.jpg,69,original_05,audit_only,jpg
fei_face_database,FEI Face Database/originalimages_part2/69-06.jpg,69,original_06,audit_only,jpg
fei_face_database,FEI Face Database/originalimages_part2/69-07.jpg,69,original_07,audit_only,jpg
fei_face_database,FEI Face Database/originalimages_part2/69-08.jpg,69,original_08,audit_only,jpg
fei_face_database,FEI Face Database/originalimages_part2/69-09.jpg,69,original_09,audit_only,jpg
fei_face_database,FEI Face Database/originalimages_part2/69-10.jpg,69,original_10,audit_only,jpg
fei_face_database,FEI Face Database/originalimages_part2/69-11.jpg,69,original_11,audit_only,jpg
fei_face_database,FEI Face Database/originalimages_part2/69-12.jpg,69,original_12,audit_only,jpg
fei_face_database,FEI Face Database/originalimages_part2/69-13.jpg,69,original_13,audit_only,jpg
fei_face_database,FEI Face Database/originalimages_part2/69-14.jpg,69,original_14,audit_only,jpg
fei_face_database,FEI Face Database/originalimages_part2/70-01.jpg,70,original_01,audit_only,jpg
fei_face_database,FEI Face Database/originalimages_part2/70-02.jpg,70,original_02,audit_only,jpg
fei_face_database,FEI Face Database/originalimages_part2/70-03.jpg,70,original_03,audit_only,jpg
fei_face_database,FEI Face Database/originalimages_part2/70-04.jpg,70,original_04,audit_only,jpg
fei_face_database,FEI Face Database/originalimages_part2/70-05.jpg,70,original_05,audit_only,jpg
fei_face_database,FEI Face Database/originalimages_part2/70-06.jpg,70,original_06,audit_only,jpg
fei_face_database,FEI Face Database/originalimages_part2/70-07.jpg,70,original_07,audit_only,jpg
fei_face_database,FEI Face Database/originalimages_part2/70-08.jpg,70,original_08,audit_only,jpg
fei_face_database,FEI Face Database/originalimages_part2/70-09.jpg,70,original_09,audit_only,jpg
fei_face_database,FEI Face Database/originalimages_part2/70-10.jpg,70,original_10,audit_only,jpg
fei_face_database,FEI Face Database/originalimages_part2/70-11.jpg,70,original_11,audit_only,jpg
fei_face_database,FEI Face Database/originalimages_part2/70-12.jpg,70,original_12,audit_only,jpg
fei_face_database,FEI Face Database/originalimages_part2/70-13.jpg,70,original_13,audit_only,jpg
fei_face_database,FEI Face Database/originalimages_part2/70-14.jpg,70,original_14,audit_only,jpg
fei_face_database,FEI Face Database/originalimages_part2/71-01.jpg,71,original_01,audit_only,jpg
fei_face_database,FEI Face Database/originalimages_part2/71-02.jpg,71,original_02,audit_only,jpg
fei_face_database,FEI Face Database/originalimages_part2/71-03.jpg,71,original_03,audit_only,jpg
fei_face_database,FEI Face Database/originalimages_part2/71-04.jpg,71,original_04,audit_only,jpg
fei_face_database,FEI Face Database/originalimages_part2/71-05.jpg,71,original_05,audit_only,jpg
fei_face_database,FEI Face Database/originalimages_part2/71-06.jpg,71,original_06,audit_only,jpg
fei_face_database,FEI Face Database/originalimages_part2/71-07.jpg,71,original_07,audit_only,jpg
fei_face_database,FEI Face Database/originalimages_part2/71-08.jpg,71,original_08,audit_only,jpg
fei_face_database,FEI Face Database/originalimages_part2/71-09.jpg,71,original_09,audit_only,jpg
fei_face_database,FEI Face Database/originalimages_part2/71-10.jpg,71,original_10,audit_only,jpg
fei_face_database,FEI Face Database/originalimages_part2/71-11.jpg,71,original_11,audit_only,jpg
fei_face_database,FEI Face Database/originalimages_part2/71-12.jpg,71,original_12,audit_only,jpg
fei_face_database,FEI Face Database/originalimages_part2/71-13.jpg,71,original_13,audit_only,jpg
fei_face_database,FEI Face Database/originalimages_part2/71-14.jpg,71,original_14,audit_only,jpg
fei_face_database,FEI Face Database/originalimages_part2/72-01.jpg,72,original_01,audit_only,jpg
fei_face_database,FEI Face Database/originalimages_part2/72-02.jpg,72,original_02,audit_only,jpg
fei_face_database,FEI Face Database/originalimages_part2/72-03.jpg,72,original_03,audit_only,jpg
fei_face_database,FEI Face Database/originalimages_part2/72-04.jpg,72,original_04,audit_only,jpg
fei_face_database,FEI Face Database/originalimages_part2/72-05.jpg,72,original_05,audit_only,jpg
fei_face_database,FEI Face Database/originalimages_part2/72-06.jpg,72,original_06,audit_only,jpg
fei_face_database,FEI Face Database/originalimages_part2/72-07.jpg,72,original_07,audit_only,jpg
fei_face_database,FEI Face Database/originalimages_part2/72-08.jpg,72,original_08,audit_only,jpg
fei_face_database,FEI Face Database/originalimages_part2/72-09.jpg,72,original_09,audit_only,jpg
fei_face_database,FEI Face Database/originalimages_part2/72-10.jpg,72,original_10,audit_only,jpg
fei_face_database,FEI Face Database/originalimages_part2/72-11.jpg,72,original_11,audit_only,jpg
fei_face_database,FEI Face Database/originalimages_part2/72-12.jpg,72,original_12,audit_only,jpg
fei_face_database,FEI Face Database/originalimages_part2/72-13.jpg,72,original_13,audit_only,jpg
fei_face_database,FEI Face Database/originalimages_part2/72-14.jpg,72,original_14,audit_only,jpg
fei_face_database,FEI Face Database/originalimages_part2/73-01.jpg,73,original_01,audit_only,jpg
fei_face_database,FEI Face Database/originalimages_part2/73-02.jpg,73,original_02,audit_only,jpg
fei_face_database,FEI Face Database/originalimages_part2/73-03.jpg,73,original_03,audit_only,jpg
fei_face_database,FEI Face Database/originalimages_part2/73-04.jpg,73,original_04,audit_only,jpg
fei_face_database,FEI Face Database/originalimages_part2/73-05.jpg,73,original_05,audit_only,jpg
fei_face_database,FEI Face Database/originalimages_part2/73-06.jpg,73,original_06,audit_only,jpg
fei_face_database,FEI Face Database/originalimages_part2/73-07.jpg,73,original_07,audit_only,jpg
fei_face_database,FEI Face Database/originalimages_part2/73-08.jpg,73,original_08,audit_only,jpg
fei_face_database,FEI Face Database/originalimages_part2/73-09.jpg,73,original_09,audit_only,jpg
fei_face_database,FEI Face Database/originalimages_part2/73-10.jpg,73,original_10,audit_only,jpg
fei_face_database,FEI Face Database/originalimages_part2/73-11.jpg,73,original_11,audit_only,jpg
fei_face_database,FEI Face Database/originalimages_part2/73-12.jpg,73,original_12,audit_only,jpg
fei_face_database,FEI Face Database/originalimages_part2/73-13.jpg,73,original_13,audit_only,jpg
fei_face_database,FEI Face Database/originalimages_part2/73-14.jpg,73,original_14,audit_only,jpg
fei_face_database,FEI Face Database/originalimages_part2/74-01.jpg,74,original_01,audit_only,jpg
fei_face_database,FEI Face Database/originalimages_part2/74-02.jpg,74,original_02,audit_only,jpg
fei_face_database,FEI Face Database/originalimages_part2/74-03.jpg,74,original_03,audit_only,jpg
fei_face_database,FEI Face Database/originalimages_part2/74-04.jpg,74,original_04,audit_only,jpg
fei_face_database,FEI Face Database/originalimages_part2/74-05.jpg,74,original_05,audit_only,jpg
fei_face_database,FEI Face Database/originalimages_part2/74-06.jpg,74,original_06,audit_only,jpg
fei_face_database,FEI Face Database/originalimages_part2/74-07.jpg,74,original_07,audit_only,jpg
fei_face_database,FEI Face Database/originalimages_part2/74-08.jpg,74,original_08,audit_only,jpg
fei_face_database,FEI Face Database/originalimages_part2/74-09.jpg,74,original_09,audit_only,jpg
fei_face_database,FEI Face Database/originalimages_part2/74-10.jpg,74,original_10,audit_only,jpg
fei_face_database,FEI Face Database/originalimages_part2/74-11.jpg,74,original_11,audit_only,jpg
fei_face_database,FEI Face Database/originalimages_part2/74-12.jpg,74,original_12,audit_only,jpg
fei_face_database,FEI Face Database/originalimages_part2/74-13.jpg,74,original_13,audit_only,jpg
fei_face_database,FEI Face Database/originalimages_part2/74-14.jpg,74,original_14,audit_only,jpg
fei_face_database,FEI Face Database/originalimages_part2/75-01.jpg,75,original_01,audit_only,jpg
fei_face_database,FEI Face Database/originalimages_part2/75-02.jpg,75,original_02,audit_only,jpg
fei_face_database,FEI Face Database/originalimages_part2/75-03.jpg,75,original_03,audit_only,jpg
fei_face_database,FEI Face Database/originalimages_part2/75-04.jpg,75,original_04,audit_only,jpg
fei_face_database,FEI Face Database/originalimages_part2/75-05.jpg,75,original_05,audit_only,jpg
fei_face_database,FEI Face Database/originalimages_part2/75-06.jpg,75,original_06,audit_only,jpg
fei_face_database,FEI Face Database/originalimages_part2/75-07.jpg,75,original_07,audit_only,jpg
fei_face_database,FEI Face Database/originalimages_part2/75-08.jpg,75,original_08,audit_only,jpg
fei_face_database,FEI Face Database/originalimages_part2/75-09.jpg,75,original_09,audit_only,jpg
fei_face_database,FEI Face Database/originalimages_part2/75-10.jpg,75,original_10,audit_only,jpg
fei_face_database,FEI Face Database/originalimages_part2/75-11.jpg,75,original_11,audit_only,jpg
fei_face_database,FEI Face Database/originalimages_part2/75-12.jpg,75,original_12,audit_only,jpg
fei_face_database,FEI Face Database/originalimages_part2/75-13.jpg,75,original_13,audit_only,jpg
fei_face_database,FEI Face Database/originalimages_part2/75-14.jpg,75,original_14,audit_only,jpg
fei_face_database,FEI Face Database/originalimages_part2/76-01.jpg,76,original_01,audit_only,jpg
fei_face_database,FEI Face Database/originalimages_part2/76-02.jpg,76,original_02,audit_only,jpg
fei_face_database,FEI Face Database/originalimages_part2/76-03.jpg,76,original_03,audit_only,jpg
fei_face_database,FEI Face Database/originalimages_part2/76-04.jpg,76,original_04,audit_only,jpg
fei_face_database,FEI Face Database/originalimages_part2/76-05.jpg,76,original_05,audit_only,jpg
fei_face_database,FEI Face Database/originalimages_part2/76-06.jpg,76,original_06,audit_only,jpg
fei_face_database,FEI Face Database/originalimages_part2/76-07.jpg,76,original_07,audit_only,jpg
fei_face_database,FEI Face Database/originalimages_part2/76-08.jpg,76,original_08,audit_only,jpg
fei_face_database,FEI Face Database/originalimages_part2/76-09.jpg,76,original_09,audit_only,jpg
fei_face_database,FEI Face Database/originalimages_part2/76-10.jpg,76,original_10,audit_only,jpg
fei_face_database,FEI Face Database/originalimages_part2/76-11.jpg,76,original_11,audit_only,jpg
fei_face_database,FEI Face Database/originalimages_part2/76-12.jpg,76,original_12,audit_only,jpg
fei_face_database,FEI Face Database/originalimages_part2/76-13.jpg,76,original_13,audit_only,jpg
fei_face_database,FEI Face Database/originalimages_part2/76-14.jpg,76,original_14,audit_only,jpg
fei_face_database,FEI Face Database/originalimages_part2/77-01.jpg,77,original_01,audit_only,jpg
fei_face_database,FEI Face Database/originalimages_part2/77-02.jpg,77,original_02,audit_only,jpg
fei_face_database,FEI Face Database/originalimages_part2/77-03.jpg,77,original_03,audit_only,jpg
fei_face_database,FEI Face Database/originalimages_part2/77-04.jpg,77,original_04,audit_only,jpg
fei_face_database,FEI Face Database/originalimages_part2/77-05.jpg,77,original_05,audit_only,jpg
fei_face_database,FEI Face Database/originalimages_part2/77-06.jpg,77,original_06,audit_only,jpg
fei_face_database,FEI Face Database/originalimages_part2/77-07.jpg,77,original_07,audit_only,jpg
fei_face_database,FEI Face Database/originalimages_part2/77-08.jpg,77,original_08,audit_only,jpg
fei_face_database,FEI Face Database/originalimages_part2/77-09.jpg,77,original_09,audit_only,jpg
fei_face_database,FEI Face Database/originalimages_part2/77-10.jpg,77,original_10,audit_only,jpg
fei_face_database,FEI Face Database/originalimages_part2/77-11.jpg,77,original_11,audit_only,jpg
fei_face_database,FEI Face Database/originalimages_part2/77-12.jpg,77,original_12,audit_only,jpg
fei_face_database,FEI Face Database/originalimages_part2/77-13.jpg,77,original_13,audit_only,jpg
fei_face_database,FEI Face Database/originalimages_part2/77-14.jpg,77,original_14,audit_only,jpg
fei_face_database,FEI Face Database/originalimages_part2/78-01.jpg,78,original_01,audit_only,jpg
fei_face_database,FEI Face Database/originalimages_part2/78-02.jpg,78,original_02,audit_only,jpg
fei_face_database,FEI Face Database/originalimages_part2/78-03.jpg,78,original_03,audit_only,jpg
fei_face_database,FEI Face Database/originalimages_part2/78-04.jpg,78,original_04,audit_only,jpg
fei_face_database,FEI Face Database/originalimages_part2/78-05.jpg,78,original_05,audit_only,jpg
fei_face_database,FEI Face Database/originalimages_part2/78-06.jpg,78,original_06,audit_only,jpg
fei_face_database,FEI Face Database/originalimages_part2/78-07.jpg,78,original_07,audit_only,jpg
fei_face_database,FEI Face Database/originalimages_part2/78-08.jpg,78,original_08,audit_only,jpg
fei_face_database,FEI Face Database/originalimages_part2/78-09.jpg,78,original_09,audit_only,jpg
fei_face_database,FEI Face Database/originalimages_part2/78-10.jpg,78,original_10,audit_only,jpg
fei_face_database,FEI Face Database/originalimages_part2/78-11.jpg,78,original_11,audit_only,jpg
fei_face_database,FEI Face Database/originalimages_part2/78-12.jpg,78,original_12,audit_only,jpg
fei_face_database,FEI Face Database/originalimages_part2/78-13.jpg,78,original_13,audit_only,jpg
fei_face_database,FEI Face Database/originalimages_part2/78-14.jpg,78,original_14,audit_only,jpg
fei_face_database,FEI Face Database/originalimages_part2/79-01.jpg,79,original_01,audit_only,jpg
fei_face_database,FEI Face Database/originalimages_part2/79-02.jpg,79,original_02,audit_only,jpg
fei_face_database,FEI Face Database/originalimages_part2/79-03.jpg,79,original_03,audit_only,jpg
fei_face_database,FEI Face Database/originalimages_part2/79-04.jpg,79,original_04,audit_only,jpg
fei_face_database,FEI Face Database/originalimages_part2/79-05.jpg,79,original_05,audit_only,jpg
fei_face_database,FEI Face Database/originalimages_part2/79-06.jpg,79,original_06,audit_only,jpg
fei_face_database,FEI Face Database/originalimages_part2/79-07.jpg,79,original_07,audit_only,jpg
fei_face_database,FEI Face Database/originalimages_part2/79-08.jpg,79,original_08,audit_only,jpg
fei_face_database,FEI Face Database/originalimages_part2/79-09.jpg,79,original_09,audit_only,jpg
fei_face_database,FEI Face Database/originalimages_part2/79-10.jpg,79,original_10,audit_only,jpg
fei_face_database,FEI Face Database/originalimages_part2/79-11.jpg,79,original_11,audit_only,jpg
fei_face_database,FEI Face Database/originalimages_part2/79-12.jpg,79,original_12,audit_only,jpg
fei_face_database,FEI Face Database/originalimages_part2/79-13.jpg,79,original_13,audit_only,jpg
fei_face_database,FEI Face Database/originalimages_part2/79-14.jpg,79,original_14,audit_only,jpg
fei_face_database,FEI Face Database/originalimages_part2/80-01.jpg,80,original_01,audit_only,jpg
fei_face_database,FEI Face Database/originalimages_part2/80-02.jpg,80,original_02,audit_only,jpg
fei_face_database,FEI Face Database/originalimages_part2/80-03.jpg,80,original_03,audit_only,jpg
fei_face_database,FEI Face Database/originalimages_part2/80-04.jpg,80,original_04,audit_only,jpg
fei_face_database,FEI Face Database/originalimages_part2/80-05.jpg,80,original_05,audit_only,jpg
fei_face_database,FEI Face Database/originalimages_part2/80-06.jpg,80,original_06,audit_only,jpg
fei_face_database,FEI Face Database/originalimages_part2/80-07.jpg,80,original_07,audit_only,jpg
fei_face_database,FEI Face Database/originalimages_part2/80-08.jpg,80,original_08,audit_only,jpg
fei_face_database,FEI Face Database/originalimages_part2/80-09.jpg,80,original_09,audit_only,jpg
fei_face_database,FEI Face Database/originalimages_part2/80-10.jpg,80,original_10,audit_only,jpg
fei_face_database,FEI Face Database/originalimages_part2/80-11.jpg,80,original_11,audit_only,jpg
fei_face_database,FEI Face Database/originalimages_part2/80-12.jpg,80,original_12,audit_only,jpg
fei_face_database,FEI Face Database/originalimages_part2/80-13.jpg,80,original_13,audit_only,jpg
fei_face_database,FEI Face Database/originalimages_part2/80-14.jpg,80,original_14,audit_only,jpg
fei_face_database,FEI Face Database/originalimages_part2/81-01.jpg,81,original_01,audit_only,jpg
fei_face_database,FEI Face Database/originalimages_part2/81-02.jpg,81,original_02,audit_only,jpg
fei_face_database,FEI Face Database/originalimages_part2/81-03.jpg,81,original_03,audit_only,jpg
fei_face_database,FEI Face Database/originalimages_part2/81-04.jpg,81,original_04,audit_only,jpg
fei_face_database,FEI Face Database/originalimages_part2/81-05.jpg,81,original_05,audit_only,jpg
fei_face_database,FEI Face Database/originalimages_part2/81-06.jpg,81,original_06,audit_only,jpg
fei_face_database,FEI Face Database/originalimages_part2/81-07.jpg,81,original_07,audit_only,jpg
fei_face_database,FEI Face Database/originalimages_part2/81-08.jpg,81,original_08,audit_only,jpg
fei_face_database,FEI Face Database/originalimages_part2/81-09.jpg,81,original_09,audit_only,jpg
fei_face_database,FEI Face Database/originalimages_part2/81-10.jpg,81,original_10,audit_only,jpg
fei_face_database,FEI Face Database/originalimages_part2/81-11.jpg,81,original_11,audit_only,jpg
fei_face_database,FEI Face Database/originalimages_part2/81-12.jpg,81,original_12,audit_only,jpg
fei_face_database,FEI Face Database/originalimages_part2/81-13.jpg,81,original_13,audit_only,jpg
fei_face_database,FEI Face Database/originalimages_part2/81-14.jpg,81,original_14,audit_only,jpg
fei_face_database,FEI Face Database/originalimages_part2/82-01.jpg,82,original_01,audit_only,jpg
fei_face_database,FEI Face Database/originalimages_part2/82-02.jpg,82,original_02,audit_only,jpg
fei_face_database,FEI Face Database/originalimages_part2/82-03.jpg,82,original_03,audit_only,jpg
fei_face_database,FEI Face Database/originalimages_part2/82-04.jpg,82,original_04,audit_only,jpg
fei_face_database,FEI Face Database/originalimages_part2/82-05.jpg,82,original_05,audit_only,jpg
fei_face_database,FEI Face Database/originalimages_part2/82-06.jpg,82,original_06,audit_only,jpg
fei_face_database,FEI Face Database/originalimages_part2/82-07.jpg,82,original_07,audit_only,jpg
fei_face_database,FEI Face Database/originalimages_part2/82-08.jpg,82,original_08,audit_only,jpg
fei_face_database,FEI Face Database/originalimages_part2/82-09.jpg,82,original_09,audit_only,jpg
fei_face_database,FEI Face Database/originalimages_part2/82-10.jpg,82,original_10,audit_only,jpg
fei_face_database,FEI Face Database/originalimages_part2/82-11.jpg,82,original_11,audit_only,jpg
fei_face_database,FEI Face Database/originalimages_part2/82-12.jpg,82,original_12,audit_only,jpg
fei_face_database,FEI Face Database/originalimages_part2/82-13.jpg,82,original_13,audit_only,jpg
fei_face_database,FEI Face Database/originalimages_part2/82-14.jpg,82,original_14,audit_only,jpg
fei_face_database,FEI Face Database/originalimages_part2/83-01.jpg,83,original_01,audit_only,jpg
fei_face_database,FEI Face Database/originalimages_part2/83-02.jpg,83,original_02,audit_only,jpg
fei_face_database,FEI Face Database/originalimages_part2/83-03.jpg,83,original_03,audit_only,jpg
fei_face_database,FEI Face Database/originalimages_part2/83-04.jpg,83,original_04,audit_only,jpg
fei_face_database,FEI Face Database/originalimages_part2/83-05.jpg,83,original_05,audit_only,jpg
fei_face_database,FEI Face Database/originalimages_part2/83-06.jpg,83,original_06,audit_only,jpg
fei_face_database,FEI Face Database/originalimages_part2/83-07.jpg,83,original_07,audit_only,jpg
fei_face_database,FEI Face Database/originalimages_part2/83-08.jpg,83,original_08,audit_only,jpg
fei_face_database,FEI Face Database/originalimages_part2/83-09.jpg,83,original_09,audit_only,jpg
fei_face_database,FEI Face Database/originalimages_part2/83-10.jpg,83,original_10,audit_only,jpg
fei_face_database,FEI Face Database/originalimages_part2/83-11.jpg,83,original_11,audit_only,jpg
fei_face_database,FEI Face Database/originalimages_part2/83-12.jpg,83,original_12,audit_only,jpg
fei_face_database,FEI Face Database/originalimages_part2/83-13.jpg,83,original_13,audit_only,jpg
fei_face_database,FEI Face Database/originalimages_part2/83-14.jpg,83,original_14,audit_only,jpg
fei_face_database,FEI Face Database/originalimages_part2/84-01.jpg,84,original_01,audit_only,jpg
fei_face_database,FEI Face Database/originalimages_part2/84-02.jpg,84,original_02,audit_only,jpg
fei_face_database,FEI Face Database/originalimages_part2/84-03.jpg,84,original_03,audit_only,jpg
fei_face_database,FEI Face Database/originalimages_part2/84-04.jpg,84,original_04,audit_only,jpg
fei_face_database,FEI Face Database/originalimages_part2/84-05.jpg,84,original_05,audit_only,jpg
fei_face_database,FEI Face Database/originalimages_part2/84-06.jpg,84,original_06,audit_only,jpg
fei_face_database,FEI Face Database/originalimages_part2/84-07.jpg,84,original_07,audit_only,jpg
fei_face_database,FEI Face Database/originalimages_part2/84-08.jpg,84,original_08,audit_only,jpg
fei_face_database,FEI Face Database/originalimages_part2/84-09.jpg,84,original_09,audit_only,jpg
fei_face_database,FEI Face Database/originalimages_part2/84-10.jpg,84,original_10,audit_only,jpg
fei_face_database,FEI Face Database/originalimages_part2/84-11.jpg,84,original_11,audit_only,jpg
fei_face_database,FEI Face Database/originalimages_part2/84-12.jpg,84,original_12,audit_only,jpg
fei_face_database,FEI Face Database/originalimages_part2/84-13.jpg,84,original_13,audit_only,jpg
fei_face_database,FEI Face Database/originalimages_part2/84-14.jpg,84,original_14,audit_only,jpg
fei_face_database,FEI Face Database/originalimages_part2/85-01.jpg,85,original_01,audit_only,jpg
fei_face_database,FEI Face Database/originalimages_part2/85-02.jpg,85,original_02,audit_only,jpg
fei_face_database,FEI Face Database/originalimages_part2/85-03.jpg,85,original_03,audit_only,jpg
fei_face_database,FEI Face Database/originalimages_part2/85-04.jpg,85,original_04,audit_only,jpg
fei_face_database,FEI Face Database/originalimages_part2/85-05.jpg,85,original_05,audit_only,jpg
fei_face_database,FEI Face Database/originalimages_part2/85-06.jpg,85,original_06,audit_only,jpg
fei_face_database,FEI Face Database/originalimages_part2/85-07.jpg,85,original_07,audit_only,jpg
fei_face_database,FEI Face Database/originalimages_part2/85-08.jpg,85,original_08,audit_only,jpg
fei_face_database,FEI Face Database/originalimages_part2/85-09.jpg,85,original_09,audit_only,jpg
fei_face_database,FEI Face Database/originalimages_part2/85-10.jpg,85,original_10,audit_only,jpg
fei_face_database,FEI Face Database/originalimages_part2/85-11.jpg,85,original_11,audit_only,jpg
fei_face_database,FEI Face Database/originalimages_part2/85-12.jpg,85,original_12,audit_only,jpg
fei_face_database,FEI Face Database/originalimages_part2/85-13.jpg,85,original_13,audit_only,jpg
fei_face_database,FEI Face Database/originalimages_part2/85-14.jpg,85,original_14,audit_only,jpg
fei_face_database,FEI Face Database/originalimages_part2/86-01.jpg,86,original_01,audit_only,jpg
fei_face_database,FEI Face Database/originalimages_part2/86-02.jpg,86,original_02,audit_only,jpg
fei_face_database,FEI Face Database/originalimages_part2/86-03.jpg,86,original_03,audit_only,jpg
fei_face_database,FEI Face Database/originalimages_part2/86-04.jpg,86,original_04,audit_only,jpg
fei_face_database,FEI Face Database/originalimages_part2/86-05.jpg,86,original_05,audit_only,jpg
fei_face_database,FEI Face Database/originalimages_part2/86-06.jpg,86,original_06,audit_only,jpg
fei_face_database,FEI Face Database/originalimages_part2/86-07.jpg,86,original_07,audit_only,jpg
fei_face_database,FEI Face Database/originalimages_part2/86-08.jpg,86,original_08,audit_only,jpg
fei_face_database,FEI Face Database/originalimages_part2/86-09.jpg,86,original_09,audit_only,jpg
fei_face_database,FEI Face Database/originalimages_part2/86-10.jpg,86,original_10,audit_only,jpg
fei_face_database,FEI Face Database/originalimages_part2/86-11.jpg,86,original_11,audit_only,jpg
fei_face_database,FEI Face Database/originalimages_part2/86-12.jpg,86,original_12,audit_only,jpg
fei_face_database,FEI Face Database/originalimages_part2/86-13.jpg,86,original_13,audit_only,jpg
fei_face_database,FEI Face Database/originalimages_part2/86-14.jpg,86,original_14,audit_only,jpg
fei_face_database,FEI Face Database/originalimages_part2/87-01.jpg,87,original_01,audit_only,jpg
fei_face_database,FEI Face Database/originalimages_part2/87-02.jpg,87,original_02,audit_only,jpg
fei_face_database,FEI Face Database/originalimages_part2/87-03.jpg,87,original_03,audit_only,jpg
fei_face_database,FEI Face Database/originalimages_part2/87-04.jpg,87,original_04,audit_only,jpg
fei_face_database,FEI Face Database/originalimages_part2/87-05.jpg,87,original_05,audit_only,jpg
fei_face_database,FEI Face Database/originalimages_part2/87-06.jpg,87,original_06,audit_only,jpg
fei_face_database,FEI Face Database/originalimages_part2/87-07.jpg,87,original_07,audit_only,jpg
fei_face_database,FEI Face Database/originalimages_part2/87-08.jpg,87,original_08,audit_only,jpg
fei_face_database,FEI Face Database/originalimages_part2/87-09.jpg,87,original_09,audit_only,jpg
fei_face_database,FEI Face Database/originalimages_part2/87-10.jpg,87,original_10,audit_only,jpg
fei_face_database,FEI Face Database/originalimages_part2/87-11.jpg,87,original_11,audit_only,jpg
fei_face_database,FEI Face Database/originalimages_part2/87-12.jpg,87,original_12,audit_only,jpg
fei_face_database,FEI Face Database/originalimages_part2/87-13.jpg,87,original_13,audit_only,jpg
fei_face_database,FEI Face Database/originalimages_part2/87-14.jpg,87,original_14,audit_only,jpg
fei_face_database,FEI Face Database/originalimages_part2/88-01.jpg,88,original_01,audit_only,jpg
fei_face_database,FEI Face Database/originalimages_part2/88-02.jpg,88,original_02,audit_only,jpg
fei_face_database,FEI Face Database/originalimages_part2/88-03.jpg,88,original_03,audit_only,jpg
fei_face_database,FEI Face Database/originalimages_part2/88-04.jpg,88,original_04,audit_only,jpg
fei_face_database,FEI Face Database/originalimages_part2/88-05.jpg,88,original_05,audit_only,jpg
fei_face_database,FEI Face Database/originalimages_part2/88-06.jpg,88,original_06,audit_only,jpg
fei_face_database,FEI Face Database/originalimages_part2/88-07.jpg,88,original_07,audit_only,jpg
fei_face_database,FEI Face Database/originalimages_part2/88-08.jpg,88,original_08,audit_only,jpg
fei_face_database,FEI Face Database/originalimages_part2/88-09.jpg,88,original_09,audit_only,jpg
fei_face_database,FEI Face Database/originalimages_part2/88-10.jpg,88,original_10,audit_only,jpg
fei_face_database,FEI Face Database/originalimages_part2/88-11.jpg,88,original_11,audit_only,jpg
fei_face_database,FEI Face Database/originalimages_part2/88-12.jpg,88,original_12,audit_only,jpg
fei_face_database,FEI Face Database/originalimages_part2/88-13.jpg,88,original_13,audit_only,jpg
fei_face_database,FEI Face Database/originalimages_part2/88-14.jpg,88,original_14,audit_only,jpg
fei_face_database,FEI Face Database/originalimages_part2/89-01.jpg,89,original_01,audit_only,jpg
fei_face_database,FEI Face Database/originalimages_part2/89-02.jpg,89,original_02,audit_only,jpg
fei_face_database,FEI Face Database/originalimages_part2/89-03.jpg,89,original_03,audit_only,jpg
fei_face_database,FEI Face Database/originalimages_part2/89-04.jpg,89,original_04,audit_only,jpg
fei_face_database,FEI Face Database/originalimages_part2/89-05.jpg,89,original_05,audit_only,jpg
fei_face_database,FEI Face Database/originalimages_part2/89-06.jpg,89,original_06,audit_only,jpg
fei_face_database,FEI Face Database/originalimages_part2/89-07.jpg,89,original_07,audit_only,jpg
fei_face_database,FEI Face Database/originalimages_part2/89-08.jpg,89,original_08,audit_only,jpg
fei_face_database,FEI Face Database/originalimages_part2/89-09.jpg,89,original_09,audit_only,jpg
fei_face_database,FEI Face Database/originalimages_part2/89-10.jpg,89,original_10,audit_only,jpg
fei_face_database,FEI Face Database/originalimages_part2/89-11.jpg,89,original_11,audit_only,jpg
fei_face_database,FEI Face Database/originalimages_part2/89-12.jpg,89,original_12,audit_only,jpg
fei_face_database,FEI Face Database/originalimages_part2/89-13.jpg,89,original_13,audit_only,jpg
fei_face_database,FEI Face Database/originalimages_part2/89-14.jpg,89,original_14,audit_only,jpg
fei_face_database,FEI Face Database/originalimages_part2/90-01.jpg,90,original_01,audit_only,jpg
fei_face_database,FEI Face Database/originalimages_part2/90-02.jpg,90,original_02,audit_only,jpg
fei_face_database,FEI Face Database/originalimages_part2/90-03.jpg,90,original_03,audit_only,jpg
fei_face_database,FEI Face Database/originalimages_part2/90-04.jpg,90,original_04,audit_only,jpg
fei_face_database,FEI Face Database/originalimages_part2/90-05.jpg,90,original_05,audit_only,jpg
fei_face_database,FEI Face Database/originalimages_part2/90-06.jpg,90,original_06,audit_only,jpg
fei_face_database,FEI Face Database/originalimages_part2/90-07.jpg,90,original_07,audit_only,jpg
fei_face_database,FEI Face Database/originalimages_part2/90-08.jpg,90,original_08,audit_only,jpg
fei_face_database,FEI Face Database/originalimages_part2/90-09.jpg,90,original_09,audit_only,jpg
fei_face_database,FEI Face Database/originalimages_part2/90-10.jpg,90,original_10,audit_only,jpg
fei_face_database,FEI Face Database/originalimages_part2/90-11.jpg,90,original_11,audit_only,jpg
fei_face_database,FEI Face Database/originalimages_part2/90-12.jpg,90,original_12,audit_only,jpg
fei_face_database,FEI Face Database/originalimages_part2/90-13.jpg,90,original_13,audit_only,jpg
fei_face_database,FEI Face Database/originalimages_part2/90-14.jpg,90,original_14,audit_only,jpg
fei_face_database,FEI Face Database/originalimages_part2/91-01.jpg,91,original_01,audit_only,jpg
fei_face_database,FEI Face Database/originalimages_part2/91-02.jpg,91,original_02,audit_only,jpg
fei_face_database,FEI Face Database/originalimages_part2/91-03.jpg,91,original_03,audit_only,jpg
fei_face_database,FEI Face Database/originalimages_part2/91-04.jpg,91,original_04,audit_only,jpg
fei_face_database,FEI Face Database/originalimages_part2/91-05.jpg,91,original_05,audit_only,jpg
fei_face_database,FEI Face Database/originalimages_part2/91-06.jpg,91,original_06,audit_only,jpg
fei_face_database,FEI Face Database/originalimages_part2/91-07.jpg,91,original_07,audit_only,jpg
fei_face_database,FEI Face Database/originalimages_part2/91-08.jpg,91,original_08,audit_only,jpg
fei_face_database,FEI Face Database/originalimages_part2/91-09.jpg,91,original_09,audit_only,jpg
fei_face_database,FEI Face Database/originalimages_part2/91-10.jpg,91,original_10,audit_only,jpg
fei_face_database,FEI Face Database/originalimages_part2/91-11.jpg,91,original_11,audit_only,jpg
fei_face_database,FEI Face Database/originalimages_part2/91-12.jpg,91,original_12,audit_only,jpg
fei_face_database,FEI Face Database/originalimages_part2/91-13.jpg,91,original_13,audit_only,jpg
fei_face_database,FEI Face Database/originalimages_part2/91-14.jpg,91,original_14,audit_only,jpg
fei_face_database,FEI Face Database/originalimages_part2/92-01.jpg,92,original_01,audit_only,jpg
fei_face_database,FEI Face Database/originalimages_part2/92-02.jpg,92,original_02,audit_only,jpg
fei_face_database,FEI Face Database/originalimages_part2/92-03.jpg,92,original_03,audit_only,jpg
fei_face_database,FEI Face Database/originalimages_part2/92-04.jpg,92,original_04,audit_only,jpg
fei_face_database,FEI Face Database/originalimages_part2/92-05.jpg,92,original_05,audit_only,jpg
fei_face_database,FEI Face Database/originalimages_part2/92-06.jpg,92,original_06,audit_only,jpg
fei_face_database,FEI Face Database/originalimages_part2/92-07.jpg,92,original_07,audit_only,jpg
fei_face_database,FEI Face Database/originalimages_part2/92-08.jpg,92,original_08,audit_only,jpg
fei_face_database,FEI Face Database/originalimages_part2/92-09.jpg,92,original_09,audit_only,jpg
fei_face_database,FEI Face Database/originalimages_part2/92-10.jpg,92,original_10,audit_only,jpg
fei_face_database,FEI Face Database/originalimages_part2/92-11.jpg,92,original_11,audit_only,jpg
fei_face_database,FEI Face Database/originalimages_part2/92-12.jpg,92,original_12,audit_only,jpg
fei_face_database,FEI Face Database/originalimages_part2/92-13.jpg,92,original_13,audit_only,jpg
fei_face_database,FEI Face Database/originalimages_part2/92-14.jpg,92,original_14,audit_only,jpg
fei_face_database,FEI Face Database/originalimages_part2/93-01.jpg,93,original_01,audit_only,jpg
fei_face_database,FEI Face Database/originalimages_part2/93-02.jpg,93,original_02,audit_only,jpg
fei_face_database,FEI Face Database/originalimages_part2/93-03.jpg,93,original_03,audit_only,jpg
fei_face_database,FEI Face Database/originalimages_part2/93-04.jpg,93,original_04,audit_only,jpg
fei_face_database,FEI Face Database/originalimages_part2/93-05.jpg,93,original_05,audit_only,jpg
fei_face_database,FEI Face Database/originalimages_part2/93-06.jpg,93,original_06,audit_only,jpg
fei_face_database,FEI Face Database/originalimages_part2/93-07.jpg,93,original_07,audit_only,jpg
fei_face_database,FEI Face Database/originalimages_part2/93-08.jpg,93,original_08,audit_only,jpg
fei_face_database,FEI Face Database/originalimages_part2/93-09.jpg,93,original_09,audit_only,jpg
fei_face_database,FEI Face Database/originalimages_part2/93-10.jpg,93,original_10,audit_only,jpg
fei_face_database,FEI Face Database/originalimages_part2/93-11.jpg,93,original_11,audit_only,jpg
fei_face_database,FEI Face Database/originalimages_part2/93-12.jpg,93,original_12,audit_only,jpg
fei_face_database,FEI Face Database/originalimages_part2/93-13.jpg,93,original_13,audit_only,jpg
fei_face_database,FEI Face Database/originalimages_part2/93-14.jpg,93,original_14,audit_only,jpg
fei_face_database,FEI Face Database/originalimages_part2/94-01.jpg,94,original_01,audit_only,jpg
fei_face_database,FEI Face Database/originalimages_part2/94-02.jpg,94,original_02,audit_only,jpg
fei_face_database,FEI Face Database/originalimages_part2/94-03.jpg,94,original_03,audit_only,jpg
fei_face_database,FEI Face Database/originalimages_part2/94-04.jpg,94,original_04,audit_only,jpg
fei_face_database,FEI Face Database/originalimages_part2/94-05.jpg,94,original_05,audit_only,jpg
fei_face_database,FEI Face Database/originalimages_part2/94-06.jpg,94,original_06,audit_only,jpg
fei_face_database,FEI Face Database/originalimages_part2/94-07.jpg,94,original_07,audit_only,jpg
fei_face_database,FEI Face Database/originalimages_part2/94-08.jpg,94,original_08,audit_only,jpg
fei_face_database,FEI Face Database/originalimages_part2/94-09.jpg,94,original_09,audit_only,jpg
fei_face_database,FEI Face Database/originalimages_part2/94-10.jpg,94,original_10,audit_only,jpg
fei_face_database,FEI Face Database/originalimages_part2/94-11.jpg,94,original_11,audit_only,jpg
fei_face_database,FEI Face Database/originalimages_part2/94-12.jpg,94,original_12,audit_only,jpg
fei_face_database,FEI Face Database/originalimages_part2/94-13.jpg,94,original_13,audit_only,jpg
fei_face_database,FEI Face Database/originalimages_part2/94-14.jpg,94,original_14,audit_only,jpg
fei_face_database,FEI Face Database/originalimages_part2/95-01.jpg,95,original_01,audit_only,jpg
fei_face_database,FEI Face Database/originalimages_part2/95-02.jpg,95,original_02,audit_only,jpg
fei_face_database,FEI Face Database/originalimages_part2/95-03.jpg,95,original_03,audit_only,jpg
fei_face_database,FEI Face Database/originalimages_part2/95-04.jpg,95,original_04,audit_only,jpg
fei_face_database,FEI Face Database/originalimages_part2/95-05.jpg,95,original_05,audit_only,jpg
fei_face_database,FEI Face Database/originalimages_part2/95-06.jpg,95,original_06,audit_only,jpg
fei_face_database,FEI Face Database/originalimages_part2/95-07.jpg,95,original_07,audit_only,jpg
fei_face_database,FEI Face Database/originalimages_part2/95-08.jpg,95,original_08,audit_only,jpg
fei_face_database,FEI Face Database/originalimages_part2/95-09.jpg,95,original_09,audit_only,jpg
fei_face_database,FEI Face Database/originalimages_part2/95-10.jpg,95,original_10,audit_only,jpg
fei_face_database,FEI Face Database/originalimages_part2/95-11.jpg,95,original_11,audit_only,jpg
fei_face_database,FEI Face Database/originalimages_part2/95-12.jpg,95,original_12,audit_only,jpg
fei_face_database,FEI Face Database/originalimages_part2/95-13.jpg,95,original_13,audit_only,jpg
fei_face_database,FEI Face Database/originalimages_part2/95-14.jpg,95,original_14,audit_only,jpg
fei_face_database,FEI Face Database/originalimages_part2/96-01.jpg,96,original_01,audit_only,jpg
fei_face_database,FEI Face Database/originalimages_part2/96-02.jpg,96,original_02,audit_only,jpg
fei_face_database,FEI Face Database/originalimages_part2/96-03.jpg,96,original_03,audit_only,jpg
fei_face_database,FEI Face Database/originalimages_part2/96-04.jpg,96,original_04,audit_only,jpg
fei_face_database,FEI Face Database/originalimages_part2/96-05.jpg,96,original_05,audit_only,jpg
fei_face_database,FEI Face Database/originalimages_part2/96-06.jpg,96,original_06,audit_only,jpg
fei_face_database,FEI Face Database/originalimages_part2/96-07.jpg,96,original_07,audit_only,jpg
fei_face_database,FEI Face Database/originalimages_part2/96-08.jpg,96,original_08,audit_only,jpg
fei_face_database,FEI Face Database/originalimages_part2/96-09.jpg,96,original_09,audit_only,jpg
fei_face_database,FEI Face Database/originalimages_part2/96-10.jpg,96,original_10,audit_only,jpg
fei_face_database,FEI Face Database/originalimages_part2/96-11.jpg,96,original_11,audit_only,jpg
fei_face_database,FEI Face Database/originalimages_part2/96-12.jpg,96,original_12,audit_only,jpg
fei_face_database,FEI Face Database/originalimages_part2/96-13.jpg,96,original_13,audit_only,jpg
fei_face_database,FEI Face Database/originalimages_part2/96-14.jpg,96,original_14,audit_only,jpg
fei_face_database,FEI Face Database/originalimages_part2/97-01.jpg,97,original_01,audit_only,jpg
fei_face_database,FEI Face Database/originalimages_part2/97-02.jpg,97,original_02,audit_only,jpg
fei_face_database,FEI Face Database/originalimages_part2/97-03.jpg,97,original_03,audit_only,jpg
fei_face_database,FEI Face Database/originalimages_part2/97-04.jpg,97,original_04,audit_only,jpg
fei_face_database,FEI Face Database/originalimages_part2/97-05.jpg,97,original_05,audit_only,jpg
fei_face_database,FEI Face Database/originalimages_part2/97-06.jpg,97,original_06,audit_only,jpg
fei_face_database,FEI Face Database/originalimages_part2/97-07.jpg,97,original_07,audit_only,jpg
fei_face_database,FEI Face Database/originalimages_part2/97-08.jpg,97,original_08,audit_only,jpg
fei_face_database,FEI Face Database/originalimages_part2/97-09.jpg,97,original_09,audit_only,jpg
fei_face_database,FEI Face Database/originalimages_part2/97-10.jpg,97,original_10,audit_only,jpg
fei_face_database,FEI Face Database/originalimages_part2/97-11.jpg,97,original_11,audit_only,jpg
fei_face_database,FEI Face Database/originalimages_part2/97-12.jpg,97,original_12,audit_only,jpg
fei_face_database,FEI Face Database/originalimages_part2/97-13.jpg,97,original_13,audit_only,jpg
fei_face_database,FEI Face Database/originalimages_part2/97-14.jpg,97,original_14,audit_only,jpg
fei_face_database,FEI Face Database/originalimages_part2/98-01.jpg,98,original_01,audit_only,jpg
fei_face_database,FEI Face Database/originalimages_part2/98-02.jpg,98,original_02,audit_only,jpg
fei_face_database,FEI Face Database/originalimages_part2/98-03.jpg,98,original_03,audit_only,jpg
fei_face_database,FEI Face Database/originalimages_part2/98-04.jpg,98,original_04,audit_only,jpg
fei_face_database,FEI Face Database/originalimages_part2/98-05.jpg,98,original_05,audit_only,jpg
fei_face_database,FEI Face Database/originalimages_part2/98-06.jpg,98,original_06,audit_only,jpg
fei_face_database,FEI Face Database/originalimages_part2/98-07.jpg,98,original_07,audit_only,jpg
fei_face_database,FEI Face Database/originalimages_part2/98-08.jpg,98,original_08,audit_only,jpg
fei_face_database,FEI Face Database/originalimages_part2/98-09.jpg,98,original_09,audit_only,jpg
fei_face_database,FEI Face Database/originalimages_part2/98-10.jpg,98,original_10,audit_only,jpg
fei_face_database,FEI Face Database/originalimages_part2/98-11.jpg,98,original_11,audit_only,jpg
fei_face_database,FEI Face Database/originalimages_part2/98-12.jpg,98,original_12,audit_only,jpg
fei_face_database,FEI Face Database/originalimages_part2/98-13.jpg,98,original_13,audit_only,jpg
fei_face_database,FEI Face Database/originalimages_part2/98-14.jpg,98,original_14,audit_only,jpg
fei_face_database,FEI Face Database/originalimages_part2/99-01.jpg,99,original_01,audit_only,jpg
fei_face_database,FEI Face Database/originalimages_part2/99-02.jpg,99,original_02,audit_only,jpg
fei_face_database,FEI Face Database/originalimages_part2/99-03.jpg,99,original_03,audit_only,jpg
fei_face_database,FEI Face Database/originalimages_part2/99-04.jpg,99,original_04,audit_only,jpg
fei_face_database,FEI Face Database/originalimages_part2/99-05.jpg,99,original_05,audit_only,jpg
fei_face_database,FEI Face Database/originalimages_part2/99-06.jpg,99,original_06,audit_only,jpg
fei_face_database,FEI Face Database/originalimages_part2/99-07.jpg,99,original_07,audit_only,jpg
fei_face_database,FEI Face Database/originalimages_part2/99-08.jpg,99,original_08,audit_only,jpg
fei_face_database,FEI Face Database/originalimages_part2/99-09.jpg,99,original_09,audit_only,jpg
fei_face_database,FEI Face Database/originalimages_part2/99-10.jpg,99,original_10,audit_only,jpg
fei_face_database,FEI Face Database/originalimages_part2/99-11.jpg,99,original_11,audit_only,jpg
fei_face_database,FEI Face Database/originalimages_part2/99-12.jpg,99,original_12,audit_only,jpg
fei_face_database,FEI Face Database/originalimages_part2/99-13.jpg,99,original_13,audit_only,jpg
fei_face_database,FEI Face Database/originalimages_part2/99-14.jpg,99,original_14,audit_only,jpg
fei_face_database,FEI Face Database/originalimages_part3/101-01.jpg,101,original_01,audit_only,jpg
fei_face_database,FEI Face Database/originalimages_part3/101-02.jpg,101,original_02,audit_only,jpg
fei_face_database,FEI Face Database/originalimages_part3/101-03.jpg,101,original_03,audit_only,jpg
fei_face_database,FEI Face Database/originalimages_part3/101-04.jpg,101,original_04,audit_only,jpg
fei_face_database,FEI Face Database/originalimages_part3/101-05.jpg,101,original_05,audit_only,jpg
fei_face_database,FEI Face Database/originalimages_part3/101-06.jpg,101,original_06,audit_only,jpg
fei_face_database,FEI Face Database/originalimages_part3/101-07.jpg,101,original_07,audit_only,jpg
fei_face_database,FEI Face Database/originalimages_part3/101-08.jpg,101,original_08,audit_only,jpg
fei_face_database,FEI Face Database/originalimages_part3/101-09.jpg,101,original_09,audit_only,jpg
fei_face_database,FEI Face Database/originalimages_part3/101-10.jpg,101,original_10,audit_only,jpg
fei_face_database,FEI Face Database/originalimages_part3/101-11.jpg,101,original_11,audit_only,jpg
fei_face_database,FEI Face Database/originalimages_part3/101-12.jpg,101,original_12,audit_only,jpg
fei_face_database,FEI Face Database/originalimages_part3/101-13.jpg,101,original_13,audit_only,jpg
fei_face_database,FEI Face Database/originalimages_part3/101-14.jpg,101,original_14,audit_only,jpg
fei_face_database,FEI Face Database/originalimages_part3/102-01.jpg,102,original_01,audit_only,jpg
fei_face_database,FEI Face Database/originalimages_part3/102-02.jpg,102,original_02,audit_only,jpg
fei_face_database,FEI Face Database/originalimages_part3/102-03.jpg,102,original_03,audit_only,jpg
fei_face_database,FEI Face Database/originalimages_part3/102-04.jpg,102,original_04,audit_only,jpg
fei_face_database,FEI Face Database/originalimages_part3/102-05.jpg,102,original_05,audit_only,jpg
fei_face_database,FEI Face Database/originalimages_part3/102-06.jpg,102,original_06,audit_only,jpg
fei_face_database,FEI Face Database/originalimages_part3/102-07.jpg,102,original_07,audit_only,jpg
fei_face_database,FEI Face Database/originalimages_part3/102-08.jpg,102,original_08,audit_only,jpg
fei_face_database,FEI Face Database/originalimages_part3/102-09.jpg,102,original_09,audit_only,jpg
fei_face_database,FEI Face Database/originalimages_part3/102-10.jpg,102,original_10,audit_only,jpg
fei_face_database,FEI Face Database/originalimages_part3/102-11.jpg,102,original_11,audit_only,jpg
fei_face_database,FEI Face Database/originalimages_part3/102-12.jpg,102,original_12,audit_only,jpg
fei_face_database,FEI Face Database/originalimages_part3/102-13.jpg,102,original_13,audit_only,jpg
fei_face_database,FEI Face Database/originalimages_part3/102-14.jpg,102,original_14,audit_only,jpg
fei_face_database,FEI Face Database/originalimages_part3/103-01.jpg,103,original_01,audit_only,jpg
fei_face_database,FEI Face Database/originalimages_part3/103-02.jpg,103,original_02,audit_only,jpg
fei_face_database,FEI Face Database/originalimages_part3/103-03.jpg,103,original_03,audit_only,jpg
fei_face_database,FEI Face Database/originalimages_part3/103-04.jpg,103,original_04,audit_only,jpg
fei_face_database,FEI Face Database/originalimages_part3/103-05.jpg,103,original_05,audit_only,jpg
fei_face_database,FEI Face Database/originalimages_part3/103-06.jpg,103,original_06,audit_only,jpg
fei_face_database,FEI Face Database/originalimages_part3/103-07.jpg,103,original_07,audit_only,jpg
fei_face_database,FEI Face Database/originalimages_part3/103-08.jpg,103,original_08,audit_only,jpg
fei_face_database,FEI Face Database/originalimages_part3/103-09.jpg,103,original_09,audit_only,jpg
fei_face_database,FEI Face Database/originalimages_part3/103-10.jpg,103,original_10,audit_only,jpg
fei_face_database,FEI Face Database/originalimages_part3/103-11.jpg,103,original_11,audit_only,jpg
fei_face_database,FEI Face Database/originalimages_part3/103-12.jpg,103,original_12,audit_only,jpg
fei_face_database,FEI Face Database/originalimages_part3/103-13.jpg,103,original_13,audit_only,jpg
fei_face_database,FEI Face Database/originalimages_part3/103-14.jpg,103,original_14,audit_only,jpg
fei_face_database,FEI Face Database/originalimages_part3/104-01.jpg,104,original_01,audit_only,jpg
fei_face_database,FEI Face Database/originalimages_part3/104-02.jpg,104,original_02,audit_only,jpg
fei_face_database,FEI Face Database/originalimages_part3/104-03.jpg,104,original_03,audit_only,jpg
fei_face_database,FEI Face Database/originalimages_part3/104-04.jpg,104,original_04,audit_only,jpg
fei_face_database,FEI Face Database/originalimages_part3/104-05.jpg,104,original_05,audit_only,jpg
fei_face_database,FEI Face Database/originalimages_part3/104-06.jpg,104,original_06,audit_only,jpg
fei_face_database,FEI Face Database/originalimages_part3/104-07.jpg,104,original_07,audit_only,jpg
fei_face_database,FEI Face Database/originalimages_part3/104-08.jpg,104,original_08,audit_only,jpg
fei_face_database,FEI Face Database/originalimages_part3/104-09.jpg,104,original_09,audit_only,jpg
fei_face_database,FEI Face Database/originalimages_part3/104-10.jpg,104,original_10,audit_only,jpg
fei_face_database,FEI Face Database/originalimages_part3/104-11.jpg,104,original_11,audit_only,jpg
fei_face_database,FEI Face Database/originalimages_part3/104-12.jpg,104,original_12,audit_only,jpg
fei_face_database,FEI Face Database/originalimages_part3/104-13.jpg,104,original_13,audit_only,jpg
fei_face_database,FEI Face Database/originalimages_part3/104-14.jpg,104,original_14,audit_only,jpg
fei_face_database,FEI Face Database/originalimages_part3/105-01.jpg,105,original_01,audit_only,jpg
fei_face_database,FEI Face Database/originalimages_part3/105-02.jpg,105,original_02,audit_only,jpg
fei_face_database,FEI Face Database/originalimages_part3/105-03.jpg,105,original_03,audit_only,jpg
fei_face_database,FEI Face Database/originalimages_part3/105-04.jpg,105,original_04,audit_only,jpg
fei_face_database,FEI Face Database/originalimages_part3/105-05.jpg,105,original_05,audit_only,jpg
fei_face_database,FEI Face Database/originalimages_part3/105-06.jpg,105,original_06,audit_only,jpg
fei_face_database,FEI Face Database/originalimages_part3/105-07.jpg,105,original_07,audit_only,jpg
fei_face_database,FEI Face Database/originalimages_part3/105-08.jpg,105,original_08,audit_only,jpg
fei_face_database,FEI Face Database/originalimages_part3/105-09.jpg,105,original_09,audit_only,jpg
fei_face_database,FEI Face Database/originalimages_part3/105-10.jpg,105,original_10,audit_only,jpg
fei_face_database,FEI Face Database/originalimages_part3/105-11.jpg,105,original_11,audit_only,jpg
fei_face_database,FEI Face Database/originalimages_part3/105-12.jpg,105,original_12,audit_only,jpg
fei_face_database,FEI Face Database/originalimages_part3/105-13.jpg,105,original_13,audit_only,jpg
fei_face_database,FEI Face Database/originalimages_part3/105-14.jpg,105,original_14,audit_only,jpg
fei_face_database,FEI Face Database/originalimages_part3/106-01.jpg,106,original_01,audit_only,jpg
fei_face_database,FEI Face Database/originalimages_part3/106-02.jpg,106,original_02,audit_only,jpg
fei_face_database,FEI Face Database/originalimages_part3/106-03.jpg,106,original_03,audit_only,jpg
fei_face_database,FEI Face Database/originalimages_part3/106-04.jpg,106,original_04,audit_only,jpg
fei_face_database,FEI Face Database/originalimages_part3/106-05.jpg,106,original_05,audit_only,jpg
fei_face_database,FEI Face Database/originalimages_part3/106-06.jpg,106,original_06,audit_only,jpg
fei_face_database,FEI Face Database/originalimages_part3/106-07.jpg,106,original_07,audit_only,jpg
fei_face_database,FEI Face Database/originalimages_part3/106-08.jpg,106,original_08,audit_only,jpg
fei_face_database,FEI Face Database/originalimages_part3/106-09.jpg,106,original_09,audit_only,jpg
fei_face_database,FEI Face Database/originalimages_part3/106-10.jpg,106,original_10,audit_only,jpg
fei_face_database,FEI Face Database/originalimages_part3/106-11.jpg,106,original_11,audit_only,jpg
fei_face_database,FEI Face Database/originalimages_part3/106-12.jpg,106,original_12,audit_only,jpg
fei_face_database,FEI Face Database/originalimages_part3/106-13.jpg,106,original_13,audit_only,jpg
fei_face_database,FEI Face Database/originalimages_part3/106-14.jpg,106,original_14,audit_only,jpg
fei_face_database,FEI Face Database/originalimages_part3/107-01.jpg,107,original_01,audit_only,jpg
fei_face_database,FEI Face Database/originalimages_part3/107-02.jpg,107,original_02,audit_only,jpg
fei_face_database,FEI Face Database/originalimages_part3/107-03.jpg,107,original_03,audit_only,jpg
fei_face_database,FEI Face Database/originalimages_part3/107-04.jpg,107,original_04,audit_only,jpg
fei_face_database,FEI Face Database/originalimages_part3/107-05.jpg,107,original_05,audit_only,jpg
fei_face_database,FEI Face Database/originalimages_part3/107-06.jpg,107,original_06,audit_only,jpg
fei_face_database,FEI Face Database/originalimages_part3/107-07.jpg,107,original_07,audit_only,jpg
fei_face_database,FEI Face Database/originalimages_part3/107-08.jpg,107,original_08,audit_only,jpg
fei_face_database,FEI Face Database/originalimages_part3/107-09.jpg,107,original_09,audit_only,jpg
fei_face_database,FEI Face Database/originalimages_part3/107-10.jpg,107,original_10,audit_only,jpg
fei_face_database,FEI Face Database/originalimages_part3/107-11.jpg,107,original_11,audit_only,jpg
fei_face_database,FEI Face Database/originalimages_part3/107-12.jpg,107,original_12,audit_only,jpg
fei_face_database,FEI Face Database/originalimages_part3/107-13.jpg,107,original_13,audit_only,jpg
fei_face_database,FEI Face Database/originalimages_part3/107-14.jpg,107,original_14,audit_only,jpg
fei_face_database,FEI Face Database/originalimages_part3/108-01.jpg,108,original_01,audit_only,jpg
fei_face_database,FEI Face Database/originalimages_part3/108-02.jpg,108,original_02,audit_only,jpg
fei_face_database,FEI Face Database/originalimages_part3/108-03.jpg,108,original_03,audit_only,jpg
fei_face_database,FEI Face Database/originalimages_part3/108-04.jpg,108,original_04,audit_only,jpg
fei_face_database,FEI Face Database/originalimages_part3/108-05.jpg,108,original_05,audit_only,jpg
fei_face_database,FEI Face Database/originalimages_part3/108-06.jpg,108,original_06,audit_only,jpg
fei_face_database,FEI Face Database/originalimages_part3/108-07.jpg,108,original_07,audit_only,jpg
fei_face_database,FEI Face Database/originalimages_part3/108-08.jpg,108,original_08,audit_only,jpg
fei_face_database,FEI Face Database/originalimages_part3/108-09.jpg,108,original_09,audit_only,jpg
fei_face_database,FEI Face Database/originalimages_part3/108-10.jpg,108,original_10,audit_only,jpg
fei_face_database,FEI Face Database/originalimages_part3/108-11.jpg,108,original_11,audit_only,jpg
fei_face_database,FEI Face Database/originalimages_part3/108-12.jpg,108,original_12,audit_only,jpg
fei_face_database,FEI Face Database/originalimages_part3/108-13.jpg,108,original_13,audit_only,jpg
fei_face_database,FEI Face Database/originalimages_part3/108-14.jpg,108,original_14,audit_only,jpg
fei_face_database,FEI Face Database/originalimages_part3/109-01.jpg,109,original_01,audit_only,jpg
fei_face_database,FEI Face Database/originalimages_part3/109-02.jpg,109,original_02,audit_only,jpg
fei_face_database,FEI Face Database/originalimages_part3/109-03.jpg,109,original_03,audit_only,jpg
fei_face_database,FEI Face Database/originalimages_part3/109-04.jpg,109,original_04,audit_only,jpg
fei_face_database,FEI Face Database/originalimages_part3/109-05.jpg,109,original_05,audit_only,jpg
fei_face_database,FEI Face Database/originalimages_part3/109-06.jpg,109,original_06,audit_only,jpg
fei_face_database,FEI Face Database/originalimages_part3/109-07.jpg,109,original_07,audit_only,jpg
fei_face_database,FEI Face Database/originalimages_part3/109-08.jpg,109,original_08,audit_only,jpg
fei_face_database,FEI Face Database/originalimages_part3/109-09.jpg,109,original_09,audit_only,jpg
fei_face_database,FEI Face Database/originalimages_part3/109-10.jpg,109,original_10,audit_only,jpg
fei_face_database,FEI Face Database/originalimages_part3/109-11.jpg,109,original_11,audit_only,jpg
fei_face_database,FEI Face Database/originalimages_part3/109-12.jpg,109,original_12,audit_only,jpg
fei_face_database,FEI Face Database/originalimages_part3/109-13.jpg,109,original_13,audit_only,jpg
fei_face_database,FEI Face Database/originalimages_part3/109-14.jpg,109,original_14,audit_only,jpg
fei_face_database,FEI Face Database/originalimages_part3/110-01.jpg,110,original_01,audit_only,jpg
fei_face_database,FEI Face Database/originalimages_part3/110-02.jpg,110,original_02,audit_only,jpg
fei_face_database,FEI Face Database/originalimages_part3/110-03.jpg,110,original_03,audit_only,jpg
fei_face_database,FEI Face Database/originalimages_part3/110-04.jpg,110,original_04,audit_only,jpg
fei_face_database,FEI Face Database/originalimages_part3/110-05.jpg,110,original_05,audit_only,jpg
fei_face_database,FEI Face Database/originalimages_part3/110-06.jpg,110,original_06,audit_only,jpg
fei_face_database,FEI Face Database/originalimages_part3/110-07.jpg,110,original_07,audit_only,jpg
fei_face_database,FEI Face Database/originalimages_part3/110-08.jpg,110,original_08,audit_only,jpg
fei_face_database,FEI Face Database/originalimages_part3/110-09.jpg,110,original_09,audit_only,jpg
fei_face_database,FEI Face Database/originalimages_part3/110-10.jpg,110,original_10,audit_only,jpg
fei_face_database,FEI Face Database/originalimages_part3/110-11.jpg,110,original_11,audit_only,jpg
fei_face_database,FEI Face Database/originalimages_part3/110-12.jpg,110,original_12,audit_only,jpg
fei_face_database,FEI Face Database/originalimages_part3/110-13.jpg,110,original_13,audit_only,jpg
fei_face_database,FEI Face Database/originalimages_part3/110-14.jpg,110,original_14,audit_only,jpg
fei_face_database,FEI Face Database/originalimages_part3/111-01.jpg,111,original_01,audit_only,jpg
fei_face_database,FEI Face Database/originalimages_part3/111-02.jpg,111,original_02,audit_only,jpg
fei_face_database,FEI Face Database/originalimages_part3/111-03.jpg,111,original_03,audit_only,jpg
fei_face_database,FEI Face Database/originalimages_part3/111-04.jpg,111,original_04,audit_only,jpg
fei_face_database,FEI Face Database/originalimages_part3/111-05.jpg,111,original_05,audit_only,jpg
fei_face_database,FEI Face Database/originalimages_part3/111-06.jpg,111,original_06,audit_only,jpg
fei_face_database,FEI Face Database/originalimages_part3/111-07.jpg,111,original_07,audit_only,jpg
fei_face_database,FEI Face Database/originalimages_part3/111-08.jpg,111,original_08,audit_only,jpg
fei_face_database,FEI Face Database/originalimages_part3/111-09.jpg,111,original_09,audit_only,jpg
fei_face_database,FEI Face Database/originalimages_part3/111-10.jpg,111,original_10,audit_only,jpg
fei_face_database,FEI Face Database/originalimages_part3/111-11.jpg,111,original_11,audit_only,jpg
fei_face_database,FEI Face Database/originalimages_part3/111-12.jpg,111,original_12,audit_only,jpg
fei_face_database,FEI Face Database/originalimages_part3/111-13.jpg,111,original_13,audit_only,jpg
fei_face_database,FEI Face Database/originalimages_part3/111-14.jpg,111,original_14,audit_only,jpg
fei_face_database,FEI Face Database/originalimages_part3/112-01.jpg,112,original_01,audit_only,jpg
fei_face_database,FEI Face Database/originalimages_part3/112-02.jpg,112,original_02,audit_only,jpg
fei_face_database,FEI Face Database/originalimages_part3/112-03.jpg,112,original_03,audit_only,jpg
fei_face_database,FEI Face Database/originalimages_part3/112-04.jpg,112,original_04,audit_only,jpg
fei_face_database,FEI Face Database/originalimages_part3/112-05.jpg,112,original_05,audit_only,jpg
fei_face_database,FEI Face Database/originalimages_part3/112-06.jpg,112,original_06,audit_only,jpg
fei_face_database,FEI Face Database/originalimages_part3/112-07.jpg,112,original_07,audit_only,jpg
fei_face_database,FEI Face Database/originalimages_part3/112-08.jpg,112,original_08,audit_only,jpg
fei_face_database,FEI Face Database/originalimages_part3/112-09.jpg,112,original_09,audit_only,jpg
fei_face_database,FEI Face Database/originalimages_part3/112-10.jpg,112,original_10,audit_only,jpg
fei_face_database,FEI Face Database/originalimages_part3/112-11.jpg,112,original_11,audit_only,jpg
fei_face_database,FEI Face Database/originalimages_part3/112-12.jpg,112,original_12,audit_only,jpg
fei_face_database,FEI Face Database/originalimages_part3/112-13.jpg,112,original_13,audit_only,jpg
fei_face_database,FEI Face Database/originalimages_part3/112-14.jpg,112,original_14,audit_only,jpg
fei_face_database,FEI Face Database/originalimages_part3/113-01.jpg,113,original_01,audit_only,jpg
fei_face_database,FEI Face Database/originalimages_part3/113-02.jpg,113,original_02,audit_only,jpg
fei_face_database,FEI Face Database/originalimages_part3/113-03.jpg,113,original_03,audit_only,jpg
fei_face_database,FEI Face Database/originalimages_part3/113-04.jpg,113,original_04,audit_only,jpg
fei_face_database,FEI Face Database/originalimages_part3/113-05.jpg,113,original_05,audit_only,jpg
fei_face_database,FEI Face Database/originalimages_part3/113-06.jpg,113,original_06,audit_only,jpg
fei_face_database,FEI Face Database/originalimages_part3/113-07.jpg,113,original_07,audit_only,jpg
fei_face_database,FEI Face Database/originalimages_part3/113-08.jpg,113,original_08,audit_only,jpg
fei_face_database,FEI Face Database/originalimages_part3/113-09.jpg,113,original_09,audit_only,jpg
fei_face_database,FEI Face Database/originalimages_part3/113-10.jpg,113,original_10,audit_only,jpg
fei_face_database,FEI Face Database/originalimages_part3/113-11.jpg,113,original_11,audit_only,jpg
fei_face_database,FEI Face Database/originalimages_part3/113-12.jpg,113,original_12,audit_only,jpg
fei_face_database,FEI Face Database/originalimages_part3/113-13.jpg,113,original_13,audit_only,jpg
fei_face_database,FEI Face Database/originalimages_part3/113-14.jpg,113,original_14,audit_only,jpg
fei_face_database,FEI Face Database/originalimages_part3/114-01.jpg,114,original_01,audit_only,jpg
fei_face_database,FEI Face Database/originalimages_part3/114-02.jpg,114,original_02,audit_only,jpg
fei_face_database,FEI Face Database/originalimages_part3/114-03.jpg,114,original_03,audit_only,jpg
fei_face_database,FEI Face Database/originalimages_part3/114-04.jpg,114,original_04,audit_only,jpg
fei_face_database,FEI Face Database/originalimages_part3/114-05.jpg,114,original_05,audit_only,jpg
fei_face_database,FEI Face Database/originalimages_part3/114-06.jpg,114,original_06,audit_only,jpg
fei_face_database,FEI Face Database/originalimages_part3/114-07.jpg,114,original_07,audit_only,jpg
fei_face_database,FEI Face Database/originalimages_part3/114-08.jpg,114,original_08,audit_only,jpg
fei_face_database,FEI Face Database/originalimages_part3/114-09.jpg,114,original_09,audit_only,jpg
fei_face_database,FEI Face Database/originalimages_part3/114-10.jpg,114,original_10,audit_only,jpg
fei_face_database,FEI Face Database/originalimages_part3/114-11.jpg,114,original_11,audit_only,jpg
fei_face_database,FEI Face Database/originalimages_part3/114-12.jpg,114,original_12,audit_only,jpg
fei_face_database,FEI Face Database/originalimages_part3/114-13.jpg,114,original_13,audit_only,jpg
fei_face_database,FEI Face Database/originalimages_part3/114-14.jpg,114,original_14,audit_only,jpg
fei_face_database,FEI Face Database/originalimages_part3/115-01.jpg,115,original_01,audit_only,jpg
fei_face_database,FEI Face Database/originalimages_part3/115-02.jpg,115,original_02,audit_only,jpg
fei_face_database,FEI Face Database/originalimages_part3/115-03.jpg,115,original_03,audit_only,jpg
fei_face_database,FEI Face Database/originalimages_part3/115-04.jpg,115,original_04,audit_only,jpg
fei_face_database,FEI Face Database/originalimages_part3/115-05.jpg,115,original_05,audit_only,jpg
fei_face_database,FEI Face Database/originalimages_part3/115-06.jpg,115,original_06,audit_only,jpg
fei_face_database,FEI Face Database/originalimages_part3/115-07.jpg,115,original_07,audit_only,jpg
fei_face_database,FEI Face Database/originalimages_part3/115-08.jpg,115,original_08,audit_only,jpg
fei_face_database,FEI Face Database/originalimages_part3/115-09.jpg,115,original_09,audit_only,jpg
fei_face_database,FEI Face Database/originalimages_part3/115-10.jpg,115,original_10,audit_only,jpg
fei_face_database,FEI Face Database/originalimages_part3/115-11.jpg,115,original_11,audit_only,jpg
fei_face_database,FEI Face Database/originalimages_part3/115-12.jpg,115,original_12,audit_only,jpg
fei_face_database,FEI Face Database/originalimages_part3/115-13.jpg,115,original_13,audit_only,jpg
fei_face_database,FEI Face Database/originalimages_part3/115-14.jpg,115,original_14,audit_only,jpg
fei_face_database,FEI Face Database/originalimages_part3/116-01.jpg,116,original_01,audit_only,jpg
fei_face_database,FEI Face Database/originalimages_part3/116-02.jpg,116,original_02,audit_only,jpg
fei_face_database,FEI Face Database/originalimages_part3/116-03.jpg,116,original_03,audit_only,jpg
fei_face_database,FEI Face Database/originalimages_part3/116-04.jpg,116,original_04,audit_only,jpg
fei_face_database,FEI Face Database/originalimages_part3/116-05.jpg,116,original_05,audit_only,jpg
fei_face_database,FEI Face Database/originalimages_part3/116-06.jpg,116,original_06,audit_only,jpg
fei_face_database,FEI Face Database/originalimages_part3/116-07.jpg,116,original_07,audit_only,jpg
fei_face_database,FEI Face Database/originalimages_part3/116-08.jpg,116,original_08,audit_only,jpg
fei_face_database,FEI Face Database/originalimages_part3/116-09.jpg,116,original_09,audit_only,jpg
fei_face_database,FEI Face Database/originalimages_part3/116-10.jpg,116,original_10,audit_only,jpg
fei_face_database,FEI Face Database/originalimages_part3/116-11.jpg,116,original_11,audit_only,jpg
fei_face_database,FEI Face Database/originalimages_part3/116-12.jpg,116,original_12,audit_only,jpg
fei_face_database,FEI Face Database/originalimages_part3/116-13.jpg,116,original_13,audit_only,jpg
fei_face_database,FEI Face Database/originalimages_part3/116-14.jpg,116,original_14,audit_only,jpg
fei_face_database,FEI Face Database/originalimages_part3/117-01.jpg,117,original_01,audit_only,jpg
fei_face_database,FEI Face Database/originalimages_part3/117-02.jpg,117,original_02,audit_only,jpg
fei_face_database,FEI Face Database/originalimages_part3/117-03.jpg,117,original_03,audit_only,jpg
fei_face_database,FEI Face Database/originalimages_part3/117-04.jpg,117,original_04,audit_only,jpg
fei_face_database,FEI Face Database/originalimages_part3/117-05.jpg,117,original_05,audit_only,jpg
fei_face_database,FEI Face Database/originalimages_part3/117-06.jpg,117,original_06,audit_only,jpg
fei_face_database,FEI Face Database/originalimages_part3/117-07.jpg,117,original_07,audit_only,jpg
fei_face_database,FEI Face Database/originalimages_part3/117-08.jpg,117,original_08,audit_only,jpg
fei_face_database,FEI Face Database/originalimages_part3/117-09.jpg,117,original_09,audit_only,jpg
fei_face_database,FEI Face Database/originalimages_part3/117-10.jpg,117,original_10,audit_only,jpg
fei_face_database,FEI Face Database/originalimages_part3/117-11.jpg,117,original_11,audit_only,jpg
fei_face_database,FEI Face Database/originalimages_part3/117-12.jpg,117,original_12,audit_only,jpg
fei_face_database,FEI Face Database/originalimages_part3/117-13.jpg,117,original_13,audit_only,jpg
fei_face_database,FEI Face Database/originalimages_part3/117-14.jpg,117,original_14,audit_only,jpg
fei_face_database,FEI Face Database/originalimages_part3/118-01.jpg,118,original_01,audit_only,jpg
fei_face_database,FEI Face Database/originalimages_part3/118-02.jpg,118,original_02,audit_only,jpg
fei_face_database,FEI Face Database/originalimages_part3/118-03.jpg,118,original_03,audit_only,jpg
fei_face_database,FEI Face Database/originalimages_part3/118-04.jpg,118,original_04,audit_only,jpg
fei_face_database,FEI Face Database/originalimages_part3/118-05.jpg,118,original_05,audit_only,jpg
fei_face_database,FEI Face Database/originalimages_part3/118-06.jpg,118,original_06,audit_only,jpg
fei_face_database,FEI Face Database/originalimages_part3/118-07.jpg,118,original_07,audit_only,jpg
fei_face_database,FEI Face Database/originalimages_part3/118-08.jpg,118,original_08,audit_only,jpg
fei_face_database,FEI Face Database/originalimages_part3/118-09.jpg,118,original_09,audit_only,jpg
fei_face_database,FEI Face Database/originalimages_part3/118-10.jpg,118,original_10,audit_only,jpg
fei_face_database,FEI Face Database/originalimages_part3/118-11.jpg,118,original_11,audit_only,jpg
fei_face_database,FEI Face Database/originalimages_part3/118-12.jpg,118,original_12,audit_only,jpg
fei_face_database,FEI Face Database/originalimages_part3/118-13.jpg,118,original_13,audit_only,jpg
fei_face_database,FEI Face Database/originalimages_part3/118-14.jpg,118,original_14,audit_only,jpg
fei_face_database,FEI Face Database/originalimages_part3/119-01.jpg,119,original_01,audit_only,jpg
fei_face_database,FEI Face Database/originalimages_part3/119-02.jpg,119,original_02,audit_only,jpg
fei_face_database,FEI Face Database/originalimages_part3/119-03.jpg,119,original_03,audit_only,jpg
fei_face_database,FEI Face Database/originalimages_part3/119-04.jpg,119,original_04,audit_only,jpg
fei_face_database,FEI Face Database/originalimages_part3/119-05.jpg,119,original_05,audit_only,jpg
fei_face_database,FEI Face Database/originalimages_part3/119-06.jpg,119,original_06,audit_only,jpg
fei_face_database,FEI Face Database/originalimages_part3/119-07.jpg,119,original_07,audit_only,jpg
fei_face_database,FEI Face Database/originalimages_part3/119-08.jpg,119,original_08,audit_only,jpg
fei_face_database,FEI Face Database/originalimages_part3/119-09.jpg,119,original_09,audit_only,jpg
fei_face_database,FEI Face Database/originalimages_part3/119-10.jpg,119,original_10,audit_only,jpg
fei_face_database,FEI Face Database/originalimages_part3/119-11.jpg,119,original_11,audit_only,jpg
fei_face_database,FEI Face Database/originalimages_part3/119-12.jpg,119,original_12,audit_only,jpg
fei_face_database,FEI Face Database/originalimages_part3/119-13.jpg,119,original_13,audit_only,jpg
fei_face_database,FEI Face Database/originalimages_part3/119-14.jpg,119,original_14,audit_only,jpg
fei_face_database,FEI Face Database/originalimages_part3/120-01.jpg,120,original_01,audit_only,jpg
fei_face_database,FEI Face Database/originalimages_part3/120-02.jpg,120,original_02,audit_only,jpg
fei_face_database,FEI Face Database/originalimages_part3/120-03.jpg,120,original_03,audit_only,jpg
fei_face_database,FEI Face Database/originalimages_part3/120-04.jpg,120,original_04,audit_only,jpg
fei_face_database,FEI Face Database/originalimages_part3/120-05.jpg,120,original_05,audit_only,jpg
fei_face_database,FEI Face Database/originalimages_part3/120-06.jpg,120,original_06,audit_only,jpg
fei_face_database,FEI Face Database/originalimages_part3/120-07.jpg,120,original_07,audit_only,jpg
fei_face_database,FEI Face Database/originalimages_part3/120-08.jpg,120,original_08,audit_only,jpg
fei_face_database,FEI Face Database/originalimages_part3/120-09.jpg,120,original_09,audit_only,jpg
fei_face_database,FEI Face Database/originalimages_part3/120-10.jpg,120,original_10,audit_only,jpg
fei_face_database,FEI Face Database/originalimages_part3/120-11.jpg,120,original_11,audit_only,jpg
fei_face_database,FEI Face Database/originalimages_part3/120-12.jpg,120,original_12,audit_only,jpg
fei_face_database,FEI Face Database/originalimages_part3/120-13.jpg,120,original_13,audit_only,jpg
fei_face_database,FEI Face Database/originalimages_part3/120-14.jpg,120,original_14,audit_only,jpg
fei_face_database,FEI Face Database/originalimages_part3/121-01.jpg,121,original_01,audit_only,jpg
fei_face_database,FEI Face Database/originalimages_part3/121-02.jpg,121,original_02,audit_only,jpg
fei_face_database,FEI Face Database/originalimages_part3/121-03.jpg,121,original_03,audit_only,jpg
fei_face_database,FEI Face Database/originalimages_part3/121-04.jpg,121,original_04,audit_only,jpg
fei_face_database,FEI Face Database/originalimages_part3/121-05.jpg,121,original_05,audit_only,jpg
fei_face_database,FEI Face Database/originalimages_part3/121-06.jpg,121,original_06,audit_only,jpg
fei_face_database,FEI Face Database/originalimages_part3/121-07.jpg,121,original_07,audit_only,jpg
fei_face_database,FEI Face Database/originalimages_part3/121-08.jpg,121,original_08,audit_only,jpg
fei_face_database,FEI Face Database/originalimages_part3/121-09.jpg,121,original_09,audit_only,jpg
fei_face_database,FEI Face Database/originalimages_part3/121-10.jpg,121,original_10,audit_only,jpg
fei_face_database,FEI Face Database/originalimages_part3/121-11.jpg,121,original_11,audit_only,jpg
fei_face_database,FEI Face Database/originalimages_part3/121-12.jpg,121,original_12,audit_only,jpg
fei_face_database,FEI Face Database/originalimages_part3/121-13.jpg,121,original_13,audit_only,jpg
fei_face_database,FEI Face Database/originalimages_part3/121-14.jpg,121,original_14,audit_only,jpg
fei_face_database,FEI Face Database/originalimages_part3/122-01.jpg,122,original_01,audit_only,jpg
fei_face_database,FEI Face Database/originalimages_part3/122-02.jpg,122,original_02,audit_only,jpg
fei_face_database,FEI Face Database/originalimages_part3/122-03.jpg,122,original_03,audit_only,jpg
fei_face_database,FEI Face Database/originalimages_part3/122-04.jpg,122,original_04,audit_only,jpg
fei_face_database,FEI Face Database/originalimages_part3/122-05.jpg,122,original_05,audit_only,jpg
fei_face_database,FEI Face Database/originalimages_part3/122-06.jpg,122,original_06,audit_only,jpg
fei_face_database,FEI Face Database/originalimages_part3/122-07.jpg,122,original_07,audit_only,jpg
fei_face_database,FEI Face Database/originalimages_part3/122-08.jpg,122,original_08,audit_only,jpg
fei_face_database,FEI Face Database/originalimages_part3/122-09.jpg,122,original_09,audit_only,jpg
fei_face_database,FEI Face Database/originalimages_part3/122-10.jpg,122,original_10,audit_only,jpg
fei_face_database,FEI Face Database/originalimages_part3/122-11.jpg,122,original_11,audit_only,jpg
fei_face_database,FEI Face Database/originalimages_part3/122-12.jpg,122,original_12,audit_only,jpg
fei_face_database,FEI Face Database/originalimages_part3/122-13.jpg,122,original_13,audit_only,jpg
fei_face_database,FEI Face Database/originalimages_part3/122-14.jpg,122,original_14,audit_only,jpg
fei_face_database,FEI Face Database/originalimages_part3/123-01.jpg,123,original_01,audit_only,jpg
fei_face_database,FEI Face Database/originalimages_part3/123-02.jpg,123,original_02,audit_only,jpg
fei_face_database,FEI Face Database/originalimages_part3/123-03.jpg,123,original_03,audit_only,jpg
fei_face_database,FEI Face Database/originalimages_part3/123-04.jpg,123,original_04,audit_only,jpg
fei_face_database,FEI Face Database/originalimages_part3/123-05.jpg,123,original_05,audit_only,jpg
fei_face_database,FEI Face Database/originalimages_part3/123-06.jpg,123,original_06,audit_only,jpg
fei_face_database,FEI Face Database/originalimages_part3/123-07.jpg,123,original_07,audit_only,jpg
fei_face_database,FEI Face Database/originalimages_part3/123-08.jpg,123,original_08,audit_only,jpg
fei_face_database,FEI Face Database/originalimages_part3/123-09.jpg,123,original_09,audit_only,jpg
fei_face_database,FEI Face Database/originalimages_part3/123-10.jpg,123,original_10,audit_only,jpg
fei_face_database,FEI Face Database/originalimages_part3/123-11.jpg,123,original_11,audit_only,jpg
fei_face_database,FEI Face Database/originalimages_part3/123-12.jpg,123,original_12,audit_only,jpg
fei_face_database,FEI Face Database/originalimages_part3/123-13.jpg,123,original_13,audit_only,jpg
fei_face_database,FEI Face Database/originalimages_part3/123-14.jpg,123,original_14,audit_only,jpg
fei_face_database,FEI Face Database/originalimages_part3/124-01.jpg,124,original_01,audit_only,jpg
fei_face_database,FEI Face Database/originalimages_part3/124-02.jpg,124,original_02,audit_only,jpg
fei_face_database,FEI Face Database/originalimages_part3/124-03.jpg,124,original_03,audit_only,jpg
fei_face_database,FEI Face Database/originalimages_part3/124-04.jpg,124,original_04,audit_only,jpg
fei_face_database,FEI Face Database/originalimages_part3/124-05.jpg,124,original_05,audit_only,jpg
fei_face_database,FEI Face Database/originalimages_part3/124-06.jpg,124,original_06,audit_only,jpg
fei_face_database,FEI Face Database/originalimages_part3/124-07.jpg,124,original_07,audit_only,jpg
fei_face_database,FEI Face Database/originalimages_part3/124-08.jpg,124,original_08,audit_only,jpg
fei_face_database,FEI Face Database/originalimages_part3/124-09.jpg,124,original_09,audit_only,jpg
fei_face_database,FEI Face Database/originalimages_part3/124-10.jpg,124,original_10,audit_only,jpg
fei_face_database,FEI Face Database/originalimages_part3/124-11.jpg,124,original_11,audit_only,jpg
fei_face_database,FEI Face Database/originalimages_part3/124-12.jpg,124,original_12,audit_only,jpg
fei_face_database,FEI Face Database/originalimages_part3/124-13.jpg,124,original_13,audit_only,jpg
fei_face_database,FEI Face Database/originalimages_part3/124-14.jpg,124,original_14,audit_only,jpg
fei_face_database,FEI Face Database/originalimages_part3/125-01.jpg,125,original_01,audit_only,jpg
fei_face_database,FEI Face Database/originalimages_part3/125-02.jpg,125,original_02,audit_only,jpg
fei_face_database,FEI Face Database/originalimages_part3/125-03.jpg,125,original_03,audit_only,jpg
fei_face_database,FEI Face Database/originalimages_part3/125-04.jpg,125,original_04,audit_only,jpg
fei_face_database,FEI Face Database/originalimages_part3/125-05.jpg,125,original_05,audit_only,jpg
fei_face_database,FEI Face Database/originalimages_part3/125-06.jpg,125,original_06,audit_only,jpg
fei_face_database,FEI Face Database/originalimages_part3/125-07.jpg,125,original_07,audit_only,jpg
fei_face_database,FEI Face Database/originalimages_part3/125-08.jpg,125,original_08,audit_only,jpg
fei_face_database,FEI Face Database/originalimages_part3/125-09.jpg,125,original_09,audit_only,jpg
fei_face_database,FEI Face Database/originalimages_part3/125-10.jpg,125,original_10,audit_only,jpg
fei_face_database,FEI Face Database/originalimages_part3/125-11.jpg,125,original_11,audit_only,jpg
fei_face_database,FEI Face Database/originalimages_part3/125-12.jpg,125,original_12,audit_only,jpg
fei_face_database,FEI Face Database/originalimages_part3/125-13.jpg,125,original_13,audit_only,jpg
fei_face_database,FEI Face Database/originalimages_part3/125-14.jpg,125,original_14,audit_only,jpg
fei_face_database,FEI Face Database/originalimages_part3/126-01.jpg,126,original_01,audit_only,jpg
fei_face_database,FEI Face Database/originalimages_part3/126-02.jpg,126,original_02,audit_only,jpg
fei_face_database,FEI Face Database/originalimages_part3/126-03.jpg,126,original_03,audit_only,jpg
fei_face_database,FEI Face Database/originalimages_part3/126-04.jpg,126,original_04,audit_only,jpg
fei_face_database,FEI Face Database/originalimages_part3/126-05.jpg,126,original_05,audit_only,jpg
fei_face_database,FEI Face Database/originalimages_part3/126-06.jpg,126,original_06,audit_only,jpg
fei_face_database,FEI Face Database/originalimages_part3/126-07.jpg,126,original_07,audit_only,jpg
fei_face_database,FEI Face Database/originalimages_part3/126-08.jpg,126,original_08,audit_only,jpg
fei_face_database,FEI Face Database/originalimages_part3/126-09.jpg,126,original_09,audit_only,jpg
fei_face_database,FEI Face Database/originalimages_part3/126-10.jpg,126,original_10,audit_only,jpg
fei_face_database,FEI Face Database/originalimages_part3/126-11.jpg,126,original_11,audit_only,jpg
fei_face_database,FEI Face Database/originalimages_part3/126-12.jpg,126,original_12,audit_only,jpg
fei_face_database,FEI Face Database/originalimages_part3/126-13.jpg,126,original_13,audit_only,jpg
fei_face_database,FEI Face Database/originalimages_part3/126-14.jpg,126,original_14,audit_only,jpg
fei_face_database,FEI Face Database/originalimages_part3/127-01.jpg,127,original_01,audit_only,jpg
fei_face_database,FEI Face Database/originalimages_part3/127-02.jpg,127,original_02,audit_only,jpg
fei_face_database,FEI Face Database/originalimages_part3/127-03.jpg,127,original_03,audit_only,jpg
fei_face_database,FEI Face Database/originalimages_part3/127-04.jpg,127,original_04,audit_only,jpg
fei_face_database,FEI Face Database/originalimages_part3/127-05.jpg,127,original_05,audit_only,jpg
fei_face_database,FEI Face Database/originalimages_part3/127-06.jpg,127,original_06,audit_only,jpg
fei_face_database,FEI Face Database/originalimages_part3/127-07.jpg,127,original_07,audit_only,jpg
fei_face_database,FEI Face Database/originalimages_part3/127-08.jpg,127,original_08,audit_only,jpg
fei_face_database,FEI Face Database/originalimages_part3/127-09.jpg,127,original_09,audit_only,jpg
fei_face_database,FEI Face Database/originalimages_part3/127-10.jpg,127,original_10,audit_only,jpg
fei_face_database,FEI Face Database/originalimages_part3/127-11.jpg,127,original_11,audit_only,jpg
fei_face_database,FEI Face Database/originalimages_part3/127-12.jpg,127,original_12,audit_only,jpg
fei_face_database,FEI Face Database/originalimages_part3/127-13.jpg,127,original_13,audit_only,jpg
fei_face_database,FEI Face Database/originalimages_part3/127-14.jpg,127,original_14,audit_only,jpg
fei_face_database,FEI Face Database/originalimages_part3/128-01.jpg,128,original_01,audit_only,jpg
fei_face_database,FEI Face Database/originalimages_part3/128-02.jpg,128,original_02,audit_only,jpg
fei_face_database,FEI Face Database/originalimages_part3/128-03.jpg,128,original_03,audit_only,jpg
fei_face_database,FEI Face Database/originalimages_part3/128-04.jpg,128,original_04,audit_only,jpg
fei_face_database,FEI Face Database/originalimages_part3/128-05.jpg,128,original_05,audit_only,jpg
fei_face_database,FEI Face Database/originalimages_part3/128-06.jpg,128,original_06,audit_only,jpg
fei_face_database,FEI Face Database/originalimages_part3/128-07.jpg,128,original_07,audit_only,jpg
fei_face_database,FEI Face Database/originalimages_part3/128-08.jpg,128,original_08,audit_only,jpg
fei_face_database,FEI Face Database/originalimages_part3/128-09.jpg,128,original_09,audit_only,jpg
fei_face_database,FEI Face Database/originalimages_part3/128-10.jpg,128,original_10,audit_only,jpg
fei_face_database,FEI Face Database/originalimages_part3/128-11.jpg,128,original_11,audit_only,jpg
fei_face_database,FEI Face Database/originalimages_part3/128-12.jpg,128,original_12,audit_only,jpg
fei_face_database,FEI Face Database/originalimages_part3/128-13.jpg,128,original_13,audit_only,jpg
fei_face_database,FEI Face Database/originalimages_part3/128-14.jpg,128,original_14,audit_only,jpg
fei_face_database,FEI Face Database/originalimages_part3/129-01.jpg,129,original_01,audit_only,jpg
fei_face_database,FEI Face Database/originalimages_part3/129-02.jpg,129,original_02,audit_only,jpg
fei_face_database,FEI Face Database/originalimages_part3/129-03.jpg,129,original_03,audit_only,jpg
fei_face_database,FEI Face Database/originalimages_part3/129-04.jpg,129,original_04,audit_only,jpg
fei_face_database,FEI Face Database/originalimages_part3/129-05.jpg,129,original_05,audit_only,jpg
fei_face_database,FEI Face Database/originalimages_part3/129-06.jpg,129,original_06,audit_only,jpg
fei_face_database,FEI Face Database/originalimages_part3/129-07.jpg,129,original_07,audit_only,jpg
fei_face_database,FEI Face Database/originalimages_part3/129-08.jpg,129,original_08,audit_only,jpg
fei_face_database,FEI Face Database/originalimages_part3/129-09.jpg,129,original_09,audit_only,jpg
fei_face_database,FEI Face Database/originalimages_part3/129-10.jpg,129,original_10,audit_only,jpg
fei_face_database,FEI Face Database/originalimages_part3/129-11.jpg,129,original_11,audit_only,jpg
fei_face_database,FEI Face Database/originalimages_part3/129-12.jpg,129,original_12,audit_only,jpg
fei_face_database,FEI Face Database/originalimages_part3/129-13.jpg,129,original_13,audit_only,jpg
fei_face_database,FEI Face Database/originalimages_part3/129-14.jpg,129,original_14,audit_only,jpg
fei_face_database,FEI Face Database/originalimages_part3/130-01.jpg,130,original_01,audit_only,jpg
fei_face_database,FEI Face Database/originalimages_part3/130-02.jpg,130,original_02,audit_only,jpg
fei_face_database,FEI Face Database/originalimages_part3/130-03.jpg,130,original_03,audit_only,jpg
fei_face_database,FEI Face Database/originalimages_part3/130-04.jpg,130,original_04,audit_only,jpg
fei_face_database,FEI Face Database/originalimages_part3/130-05.jpg,130,original_05,audit_only,jpg
fei_face_database,FEI Face Database/originalimages_part3/130-06.jpg,130,original_06,audit_only,jpg
fei_face_database,FEI Face Database/originalimages_part3/130-07.jpg,130,original_07,audit_only,jpg
fei_face_database,FEI Face Database/originalimages_part3/130-08.jpg,130,original_08,audit_only,jpg
fei_face_database,FEI Face Database/originalimages_part3/130-09.jpg,130,original_09,audit_only,jpg
fei_face_database,FEI Face Database/originalimages_part3/130-10.jpg,130,original_10,audit_only,jpg
fei_face_database,FEI Face Database/originalimages_part3/130-11.jpg,130,original_11,audit_only,jpg
fei_face_database,FEI Face Database/originalimages_part3/130-12.jpg,130,original_12,audit_only,jpg
fei_face_database,FEI Face Database/originalimages_part3/130-13.jpg,130,original_13,audit_only,jpg
fei_face_database,FEI Face Database/originalimages_part3/130-14.jpg,130,original_14,audit_only,jpg
fei_face_database,FEI Face Database/originalimages_part3/131-01.jpg,131,original_01,audit_only,jpg
fei_face_database,FEI Face Database/originalimages_part3/131-02.jpg,131,original_02,audit_only,jpg
fei_face_database,FEI Face Database/originalimages_part3/131-03.jpg,131,original_03,audit_only,jpg
fei_face_database,FEI Face Database/originalimages_part3/131-04.jpg,131,original_04,audit_only,jpg
fei_face_database,FEI Face Database/originalimages_part3/131-05.jpg,131,original_05,audit_only,jpg
fei_face_database,FEI Face Database/originalimages_part3/131-06.jpg,131,original_06,audit_only,jpg
fei_face_database,FEI Face Database/originalimages_part3/131-07.jpg,131,original_07,audit_only,jpg
fei_face_database,FEI Face Database/originalimages_part3/131-08.jpg,131,original_08,audit_only,jpg
fei_face_database,FEI Face Database/originalimages_part3/131-09.jpg,131,original_09,audit_only,jpg
fei_face_database,FEI Face Database/originalimages_part3/131-10.jpg,131,original_10,audit_only,jpg
fei_face_database,FEI Face Database/originalimages_part3/131-11.jpg,131,original_11,audit_only,jpg
fei_face_database,FEI Face Database/originalimages_part3/131-12.jpg,131,original_12,audit_only,jpg
fei_face_database,FEI Face Database/originalimages_part3/131-13.jpg,131,original_13,audit_only,jpg
fei_face_database,FEI Face Database/originalimages_part3/131-14.jpg,131,original_14,audit_only,jpg
fei_face_database,FEI Face Database/originalimages_part3/132-01.jpg,132,original_01,audit_only,jpg
fei_face_database,FEI Face Database/originalimages_part3/132-02.jpg,132,original_02,audit_only,jpg
fei_face_database,FEI Face Database/originalimages_part3/132-03.jpg,132,original_03,audit_only,jpg
fei_face_database,FEI Face Database/originalimages_part3/132-04.jpg,132,original_04,audit_only,jpg
fei_face_database,FEI Face Database/originalimages_part3/132-05.jpg,132,original_05,audit_only,jpg
fei_face_database,FEI Face Database/originalimages_part3/132-06.jpg,132,original_06,audit_only,jpg
fei_face_database,FEI Face Database/originalimages_part3/132-07.jpg,132,original_07,audit_only,jpg
fei_face_database,FEI Face Database/originalimages_part3/132-08.jpg,132,original_08,audit_only,jpg
fei_face_database,FEI Face Database/originalimages_part3/132-09.jpg,132,original_09,audit_only,jpg
fei_face_database,FEI Face Database/originalimages_part3/132-10.jpg,132,original_10,audit_only,jpg
fei_face_database,FEI Face Database/originalimages_part3/132-11.jpg,132,original_11,audit_only,jpg
fei_face_database,FEI Face Database/originalimages_part3/132-12.jpg,132,original_12,audit_only,jpg
fei_face_database,FEI Face Database/originalimages_part3/132-13.jpg,132,original_13,audit_only,jpg
fei_face_database,FEI Face Database/originalimages_part3/132-14.jpg,132,original_14,audit_only,jpg
fei_face_database,FEI Face Database/originalimages_part3/133-01.jpg,133,original_01,audit_only,jpg
fei_face_database,FEI Face Database/originalimages_part3/133-02.jpg,133,original_02,audit_only,jpg
fei_face_database,FEI Face Database/originalimages_part3/133-03.jpg,133,original_03,audit_only,jpg
fei_face_database,FEI Face Database/originalimages_part3/133-04.jpg,133,original_04,audit_only,jpg
fei_face_database,FEI Face Database/originalimages_part3/133-05.jpg,133,original_05,audit_only,jpg
fei_face_database,FEI Face Database/originalimages_part3/133-06.jpg,133,original_06,audit_only,jpg
fei_face_database,FEI Face Database/originalimages_part3/133-07.jpg,133,original_07,audit_only,jpg
fei_face_database,FEI Face Database/originalimages_part3/133-08.jpg,133,original_08,audit_only,jpg
fei_face_database,FEI Face Database/originalimages_part3/133-09.jpg,133,original_09,audit_only,jpg
fei_face_database,FEI Face Database/originalimages_part3/133-10.jpg,133,original_10,audit_only,jpg
fei_face_database,FEI Face Database/originalimages_part3/133-11.jpg,133,original_11,audit_only,jpg
fei_face_database,FEI Face Database/originalimages_part3/133-12.jpg,133,original_12,audit_only,jpg
fei_face_database,FEI Face Database/originalimages_part3/133-13.jpg,133,original_13,audit_only,jpg
fei_face_database,FEI Face Database/originalimages_part3/133-14.jpg,133,original_14,audit_only,jpg
fei_face_database,FEI Face Database/originalimages_part3/134-01.jpg,134,original_01,audit_only,jpg
fei_face_database,FEI Face Database/originalimages_part3/134-02.jpg,134,original_02,audit_only,jpg
fei_face_database,FEI Face Database/originalimages_part3/134-03.jpg,134,original_03,audit_only,jpg
fei_face_database,FEI Face Database/originalimages_part3/134-04.jpg,134,original_04,audit_only,jpg
fei_face_database,FEI Face Database/originalimages_part3/134-05.jpg,134,original_05,audit_only,jpg
fei_face_database,FEI Face Database/originalimages_part3/134-06.jpg,134,original_06,audit_only,jpg
fei_face_database,FEI Face Database/originalimages_part3/134-07.jpg,134,original_07,audit_only,jpg
fei_face_database,FEI Face Database/originalimages_part3/134-08.jpg,134,original_08,audit_only,jpg
fei_face_database,FEI Face Database/originalimages_part3/134-09.jpg,134,original_09,audit_only,jpg
fei_face_database,FEI Face Database/originalimages_part3/134-10.jpg,134,original_10,audit_only,jpg
fei_face_database,FEI Face Database/originalimages_part3/134-11.jpg,134,original_11,audit_only,jpg
fei_face_database,FEI Face Database/originalimages_part3/134-12.jpg,134,original_12,audit_only,jpg
fei_face_database,FEI Face Database/originalimages_part3/134-13.jpg,134,original_13,audit_only,jpg
fei_face_database,FEI Face Database/originalimages_part3/134-14.jpg,134,original_14,audit_only,jpg
fei_face_database,FEI Face Database/originalimages_part3/135-01.jpg,135,original_01,audit_only,jpg
fei_face_database,FEI Face Database/originalimages_part3/135-02.jpg,135,original_02,audit_only,jpg
fei_face_database,FEI Face Database/originalimages_part3/135-03.jpg,135,original_03,audit_only,jpg
fei_face_database,FEI Face Database/originalimages_part3/135-04.jpg,135,original_04,audit_only,jpg
fei_face_database,FEI Face Database/originalimages_part3/135-05.jpg,135,original_05,audit_only,jpg
fei_face_database,FEI Face Database/originalimages_part3/135-06.jpg,135,original_06,audit_only,jpg
fei_face_database,FEI Face Database/originalimages_part3/135-07.jpg,135,original_07,audit_only,jpg
fei_face_database,FEI Face Database/originalimages_part3/135-08.jpg,135,original_08,audit_only,jpg
fei_face_database,FEI Face Database/originalimages_part3/135-09.jpg,135,original_09,audit_only,jpg
fei_face_database,FEI Face Database/originalimages_part3/135-10.jpg,135,original_10,audit_only,jpg
fei_face_database,FEI Face Database/originalimages_part3/135-11.jpg,135,original_11,audit_only,jpg
fei_face_database,FEI Face Database/originalimages_part3/135-12.jpg,135,original_12,audit_only,jpg
fei_face_database,FEI Face Database/originalimages_part3/135-13.jpg,135,original_13,audit_only,jpg
fei_face_database,FEI Face Database/originalimages_part3/135-14.jpg,135,original_14,audit_only,jpg
fei_face_database,FEI Face Database/originalimages_part3/136-01.jpg,136,original_01,audit_only,jpg
fei_face_database,FEI Face Database/originalimages_part3/136-02.jpg,136,original_02,audit_only,jpg
fei_face_database,FEI Face Database/originalimages_part3/136-03.jpg,136,original_03,audit_only,jpg
fei_face_database,FEI Face Database/originalimages_part3/136-04.jpg,136,original_04,audit_only,jpg
fei_face_database,FEI Face Database/originalimages_part3/136-05.jpg,136,original_05,audit_only,jpg
fei_face_database,FEI Face Database/originalimages_part3/136-06.jpg,136,original_06,audit_only,jpg
fei_face_database,FEI Face Database/originalimages_part3/136-07.jpg,136,original_07,audit_only,jpg
fei_face_database,FEI Face Database/originalimages_part3/136-08.jpg,136,original_08,audit_only,jpg
fei_face_database,FEI Face Database/originalimages_part3/136-09.jpg,136,original_09,audit_only,jpg
fei_face_database,FEI Face Database/originalimages_part3/136-10.jpg,136,original_10,audit_only,jpg
fei_face_database,FEI Face Database/originalimages_part3/136-11.jpg,136,original_11,audit_only,jpg
fei_face_database,FEI Face Database/originalimages_part3/136-12.jpg,136,original_12,audit_only,jpg
fei_face_database,FEI Face Database/originalimages_part3/136-13.jpg,136,original_13,audit_only,jpg
fei_face_database,FEI Face Database/originalimages_part3/136-14.jpg,136,original_14,audit_only,jpg
fei_face_database,FEI Face Database/originalimages_part3/137-01.jpg,137,original_01,audit_only,jpg
fei_face_database,FEI Face Database/originalimages_part3/137-02.jpg,137,original_02,audit_only,jpg
fei_face_database,FEI Face Database/originalimages_part3/137-03.jpg,137,original_03,audit_only,jpg
fei_face_database,FEI Face Database/originalimages_part3/137-04.jpg,137,original_04,audit_only,jpg
fei_face_database,FEI Face Database/originalimages_part3/137-05.jpg,137,original_05,audit_only,jpg
fei_face_database,FEI Face Database/originalimages_part3/137-06.jpg,137,original_06,audit_only,jpg
fei_face_database,FEI Face Database/originalimages_part3/137-07.jpg,137,original_07,audit_only,jpg
fei_face_database,FEI Face Database/originalimages_part3/137-08.jpg,137,original_08,audit_only,jpg
fei_face_database,FEI Face Database/originalimages_part3/137-09.jpg,137,original_09,audit_only,jpg
fei_face_database,FEI Face Database/originalimages_part3/137-10.jpg,137,original_10,audit_only,jpg
fei_face_database,FEI Face Database/originalimages_part3/137-11.jpg,137,original_11,audit_only,jpg
fei_face_database,FEI Face Database/originalimages_part3/137-12.jpg,137,original_12,audit_only,jpg
fei_face_database,FEI Face Database/originalimages_part3/137-13.jpg,137,original_13,audit_only,jpg
fei_face_database,FEI Face Database/originalimages_part3/137-14.jpg,137,original_14,audit_only,jpg
fei_face_database,FEI Face Database/originalimages_part3/138-01.jpg,138,original_01,audit_only,jpg
fei_face_database,FEI Face Database/originalimages_part3/138-02.jpg,138,original_02,audit_only,jpg
fei_face_database,FEI Face Database/originalimages_part3/138-03.jpg,138,original_03,audit_only,jpg
fei_face_database,FEI Face Database/originalimages_part3/138-04.jpg,138,original_04,audit_only,jpg
fei_face_database,FEI Face Database/originalimages_part3/138-05.jpg,138,original_05,audit_only,jpg
fei_face_database,FEI Face Database/originalimages_part3/138-06.jpg,138,original_06,audit_only,jpg
fei_face_database,FEI Face Database/originalimages_part3/138-07.jpg,138,original_07,audit_only,jpg
fei_face_database,FEI Face Database/originalimages_part3/138-08.jpg,138,original_08,audit_only,jpg
fei_face_database,FEI Face Database/originalimages_part3/138-09.jpg,138,original_09,audit_only,jpg
fei_face_database,FEI Face Database/originalimages_part3/138-10.jpg,138,original_10,audit_only,jpg
fei_face_database,FEI Face Database/originalimages_part3/138-11.jpg,138,original_11,audit_only,jpg
fei_face_database,FEI Face Database/originalimages_part3/138-12.jpg,138,original_12,audit_only,jpg
fei_face_database,FEI Face Database/originalimages_part3/138-13.jpg,138,original_13,audit_only,jpg
fei_face_database,FEI Face Database/originalimages_part3/138-14.jpg,138,original_14,audit_only,jpg
fei_face_database,FEI Face Database/originalimages_part3/139-01.jpg,139,original_01,audit_only,jpg
fei_face_database,FEI Face Database/originalimages_part3/139-02.jpg,139,original_02,audit_only,jpg
fei_face_database,FEI Face Database/originalimages_part3/139-03.jpg,139,original_03,audit_only,jpg
fei_face_database,FEI Face Database/originalimages_part3/139-04.jpg,139,original_04,audit_only,jpg
fei_face_database,FEI Face Database/originalimages_part3/139-05.jpg,139,original_05,audit_only,jpg
fei_face_database,FEI Face Database/originalimages_part3/139-06.jpg,139,original_06,audit_only,jpg
fei_face_database,FEI Face Database/originalimages_part3/139-07.jpg,139,original_07,audit_only,jpg
fei_face_database,FEI Face Database/originalimages_part3/139-08.jpg,139,original_08,audit_only,jpg
fei_face_database,FEI Face Database/originalimages_part3/139-09.jpg,139,original_09,audit_only,jpg
fei_face_database,FEI Face Database/originalimages_part3/139-10.jpg,139,original_10,audit_only,jpg
fei_face_database,FEI Face Database/originalimages_part3/139-11.jpg,139,original_11,audit_only,jpg
fei_face_database,FEI Face Database/originalimages_part3/139-12.jpg,139,original_12,audit_only,jpg
fei_face_database,FEI Face Database/originalimages_part3/139-13.jpg,139,original_13,audit_only,jpg
fei_face_database,FEI Face Database/originalimages_part3/139-14.jpg,139,original_14,audit_only,jpg
fei_face_database,FEI Face Database/originalimages_part3/140-01.jpg,140,original_01,audit_only,jpg
fei_face_database,FEI Face Database/originalimages_part3/140-02.jpg,140,original_02,audit_only,jpg
fei_face_database,FEI Face Database/originalimages_part3/140-03.jpg,140,original_03,audit_only,jpg
fei_face_database,FEI Face Database/originalimages_part3/140-04.jpg,140,original_04,audit_only,jpg
fei_face_database,FEI Face Database/originalimages_part3/140-05.jpg,140,original_05,audit_only,jpg
fei_face_database,FEI Face Database/originalimages_part3/140-06.jpg,140,original_06,audit_only,jpg
fei_face_database,FEI Face Database/originalimages_part3/140-07.jpg,140,original_07,audit_only,jpg
fei_face_database,FEI Face Database/originalimages_part3/140-08.jpg,140,original_08,audit_only,jpg
fei_face_database,FEI Face Database/originalimages_part3/140-09.jpg,140,original_09,audit_only,jpg
fei_face_database,FEI Face Database/originalimages_part3/140-10.jpg,140,original_10,audit_only,jpg
fei_face_database,FEI Face Database/originalimages_part3/140-11.jpg,140,original_11,audit_only,jpg
fei_face_database,FEI Face Database/originalimages_part3/140-12.jpg,140,original_12,audit_only,jpg
fei_face_database,FEI Face Database/originalimages_part3/140-13.jpg,140,original_13,audit_only,jpg
fei_face_database,FEI Face Database/originalimages_part3/140-14.jpg,140,original_14,audit_only,jpg
fei_face_database,FEI Face Database/originalimages_part3/141-01.jpg,141,original_01,audit_only,jpg
fei_face_database,FEI Face Database/originalimages_part3/141-02.jpg,141,original_02,audit_only,jpg
fei_face_database,FEI Face Database/originalimages_part3/141-03.jpg,141,original_03,audit_only,jpg
fei_face_database,FEI Face Database/originalimages_part3/141-04.jpg,141,original_04,audit_only,jpg
fei_face_database,FEI Face Database/originalimages_part3/141-05.jpg,141,original_05,audit_only,jpg
fei_face_database,FEI Face Database/originalimages_part3/141-06.jpg,141,original_06,audit_only,jpg
fei_face_database,FEI Face Database/originalimages_part3/141-07.jpg,141,original_07,audit_only,jpg
fei_face_database,FEI Face Database/originalimages_part3/141-08.jpg,141,original_08,audit_only,jpg
fei_face_database,FEI Face Database/originalimages_part3/141-09.jpg,141,original_09,audit_only,jpg
fei_face_database,FEI Face Database/originalimages_part3/141-10.jpg,141,original_10,audit_only,jpg
fei_face_database,FEI Face Database/originalimages_part3/141-11.jpg,141,original_11,audit_only,jpg
fei_face_database,FEI Face Database/originalimages_part3/141-12.jpg,141,original_12,audit_only,jpg
fei_face_database,FEI Face Database/originalimages_part3/141-13.jpg,141,original_13,audit_only,jpg
fei_face_database,FEI Face Database/originalimages_part3/141-14.jpg,141,original_14,audit_only,jpg
fei_face_database,FEI Face Database/originalimages_part3/142-01.jpg,142,original_01,audit_only,jpg
fei_face_database,FEI Face Database/originalimages_part3/142-02.jpg,142,original_02,audit_only,jpg
fei_face_database,FEI Face Database/originalimages_part3/142-03.jpg,142,original_03,audit_only,jpg
fei_face_database,FEI Face Database/originalimages_part3/142-04.jpg,142,original_04,audit_only,jpg
fei_face_database,FEI Face Database/originalimages_part3/142-05.jpg,142,original_05,audit_only,jpg
fei_face_database,FEI Face Database/originalimages_part3/142-06.jpg,142,original_06,audit_only,jpg
fei_face_database,FEI Face Database/originalimages_part3/142-07.jpg,142,original_07,audit_only,jpg
fei_face_database,FEI Face Database/originalimages_part3/142-08.jpg,142,original_08,audit_only,jpg
fei_face_database,FEI Face Database/originalimages_part3/142-09.jpg,142,original_09,audit_only,jpg
fei_face_database,FEI Face Database/originalimages_part3/142-10.jpg,142,original_10,audit_only,jpg
fei_face_database,FEI Face Database/originalimages_part3/142-11.jpg,142,original_11,audit_only,jpg
fei_face_database,FEI Face Database/originalimages_part3/142-12.jpg,142,original_12,audit_only,jpg
fei_face_database,FEI Face Database/originalimages_part3/142-13.jpg,142,original_13,audit_only,jpg
fei_face_database,FEI Face Database/originalimages_part3/142-14.jpg,142,original_14,audit_only,jpg
fei_face_database,FEI Face Database/originalimages_part3/143-01.jpg,143,original_01,audit_only,jpg
fei_face_database,FEI Face Database/originalimages_part3/143-02.jpg,143,original_02,audit_only,jpg
fei_face_database,FEI Face Database/originalimages_part3/143-03.jpg,143,original_03,audit_only,jpg
fei_face_database,FEI Face Database/originalimages_part3/143-04.jpg,143,original_04,audit_only,jpg
fei_face_database,FEI Face Database/originalimages_part3/143-05.jpg,143,original_05,audit_only,jpg
fei_face_database,FEI Face Database/originalimages_part3/143-06.jpg,143,original_06,audit_only,jpg
fei_face_database,FEI Face Database/originalimages_part3/143-07.jpg,143,original_07,audit_only,jpg
fei_face_database,FEI Face Database/originalimages_part3/143-08.jpg,143,original_08,audit_only,jpg
fei_face_database,FEI Face Database/originalimages_part3/143-09.jpg,143,original_09,audit_only,jpg
fei_face_database,FEI Face Database/originalimages_part3/143-10.jpg,143,original_10,audit_only,jpg
fei_face_database,FEI Face Database/originalimages_part3/143-11.jpg,143,original_11,audit_only,jpg
fei_face_database,FEI Face Database/originalimages_part3/143-12.jpg,143,original_12,audit_only,jpg
fei_face_database,FEI Face Database/originalimages_part3/143-13.jpg,143,original_13,audit_only,jpg
fei_face_database,FEI Face Database/originalimages_part3/143-14.jpg,143,original_14,audit_only,jpg
fei_face_database,FEI Face Database/originalimages_part3/144-01.jpg,144,original_01,audit_only,jpg
fei_face_database,FEI Face Database/originalimages_part3/144-02.jpg,144,original_02,audit_only,jpg
fei_face_database,FEI Face Database/originalimages_part3/144-03.jpg,144,original_03,audit_only,jpg
fei_face_database,FEI Face Database/originalimages_part3/144-04.jpg,144,original_04,audit_only,jpg
fei_face_database,FEI Face Database/originalimages_part3/144-05.jpg,144,original_05,audit_only,jpg
fei_face_database,FEI Face Database/originalimages_part3/144-06.jpg,144,original_06,audit_only,jpg
fei_face_database,FEI Face Database/originalimages_part3/144-07.jpg,144,original_07,audit_only,jpg
fei_face_database,FEI Face Database/originalimages_part3/144-08.jpg,144,original_08,audit_only,jpg
fei_face_database,FEI Face Database/originalimages_part3/144-09.jpg,144,original_09,audit_only,jpg
fei_face_database,FEI Face Database/originalimages_part3/144-10.jpg,144,original_10,audit_only,jpg
fei_face_database,FEI Face Database/originalimages_part3/144-11.jpg,144,original_11,audit_only,jpg
fei_face_database,FEI Face Database/originalimages_part3/144-12.jpg,144,original_12,audit_only,jpg
fei_face_database,FEI Face Database/originalimages_part3/144-13.jpg,144,original_13,audit_only,jpg
fei_face_database,FEI Face Database/originalimages_part3/144-14.jpg,144,original_14,audit_only,jpg
fei_face_database,FEI Face Database/originalimages_part3/145-01.jpg,145,original_01,audit_only,jpg
fei_face_database,FEI Face Database/originalimages_part3/145-02.jpg,145,original_02,audit_only,jpg
fei_face_database,FEI Face Database/originalimages_part3/145-03.jpg,145,original_03,audit_only,jpg
fei_face_database,FEI Face Database/originalimages_part3/145-04.jpg,145,original_04,audit_only,jpg
fei_face_database,FEI Face Database/originalimages_part3/145-05.jpg,145,original_05,audit_only,jpg
fei_face_database,FEI Face Database/originalimages_part3/145-06.jpg,145,original_06,audit_only,jpg
fei_face_database,FEI Face Database/originalimages_part3/145-07.jpg,145,original_07,audit_only,jpg
fei_face_database,FEI Face Database/originalimages_part3/145-08.jpg,145,original_08,audit_only,jpg
fei_face_database,FEI Face Database/originalimages_part3/145-09.jpg,145,original_09,audit_only,jpg
fei_face_database,FEI Face Database/originalimages_part3/145-10.jpg,145,original_10,audit_only,jpg
fei_face_database,FEI Face Database/originalimages_part3/145-11.jpg,145,original_11,audit_only,jpg
fei_face_database,FEI Face Database/originalimages_part3/145-12.jpg,145,original_12,audit_only,jpg
fei_face_database,FEI Face Database/originalimages_part3/145-13.jpg,145,original_13,audit_only,jpg
fei_face_database,FEI Face Database/originalimages_part3/145-14.jpg,145,original_14,audit_only,jpg
fei_face_database,FEI Face Database/originalimages_part3/146-01.jpg,146,original_01,audit_only,jpg
fei_face_database,FEI Face Database/originalimages_part3/146-02.jpg,146,original_02,audit_only,jpg
fei_face_database,FEI Face Database/originalimages_part3/146-03.jpg,146,original_03,audit_only,jpg
fei_face_database,FEI Face Database/originalimages_part3/146-04.jpg,146,original_04,audit_only,jpg
fei_face_database,FEI Face Database/originalimages_part3/146-05.jpg,146,original_05,audit_only,jpg
fei_face_database,FEI Face Database/originalimages_part3/146-06.jpg,146,original_06,audit_only,jpg
fei_face_database,FEI Face Database/originalimages_part3/146-07.jpg,146,original_07,audit_only,jpg
fei_face_database,FEI Face Database/originalimages_part3/146-08.jpg,146,original_08,audit_only,jpg
fei_face_database,FEI Face Database/originalimages_part3/146-09.jpg,146,original_09,audit_only,jpg
fei_face_database,FEI Face Database/originalimages_part3/146-10.jpg,146,original_10,audit_only,jpg
fei_face_database,FEI Face Database/originalimages_part3/146-11.jpg,146,original_11,audit_only,jpg
fei_face_database,FEI Face Database/originalimages_part3/146-12.jpg,146,original_12,audit_only,jpg
fei_face_database,FEI Face Database/originalimages_part3/146-13.jpg,146,original_13,audit_only,jpg
fei_face_database,FEI Face Database/originalimages_part3/146-14.jpg,146,original_14,audit_only,jpg
fei_face_database,FEI Face Database/originalimages_part3/147-01.jpg,147,original_01,audit_only,jpg
fei_face_database,FEI Face Database/originalimages_part3/147-02.jpg,147,original_02,audit_only,jpg
fei_face_database,FEI Face Database/originalimages_part3/147-03.jpg,147,original_03,audit_only,jpg
fei_face_database,FEI Face Database/originalimages_part3/147-04.jpg,147,original_04,audit_only,jpg
fei_face_database,FEI Face Database/originalimages_part3/147-05.jpg,147,original_05,audit_only,jpg
fei_face_database,FEI Face Database/originalimages_part3/147-06.jpg,147,original_06,audit_only,jpg
fei_face_database,FEI Face Database/originalimages_part3/147-07.jpg,147,original_07,audit_only,jpg
fei_face_database,FEI Face Database/originalimages_part3/147-08.jpg,147,original_08,audit_only,jpg
fei_face_database,FEI Face Database/originalimages_part3/147-09.jpg,147,original_09,audit_only,jpg
fei_face_database,FEI Face Database/originalimages_part3/147-10.jpg,147,original_10,audit_only,jpg
fei_face_database,FEI Face Database/originalimages_part3/147-11.jpg,147,original_11,audit_only,jpg
fei_face_database,FEI Face Database/originalimages_part3/147-12.jpg,147,original_12,audit_only,jpg
fei_face_database,FEI Face Database/originalimages_part3/147-13.jpg,147,original_13,audit_only,jpg
fei_face_database,FEI Face Database/originalimages_part3/147-14.jpg,147,original_14,audit_only,jpg
fei_face_database,FEI Face Database/originalimages_part3/148-01.jpg,148,original_01,audit_only,jpg
fei_face_database,FEI Face Database/originalimages_part3/148-02.jpg,148,original_02,audit_only,jpg
fei_face_database,FEI Face Database/originalimages_part3/148-03.jpg,148,original_03,audit_only,jpg
fei_face_database,FEI Face Database/originalimages_part3/148-04.jpg,148,original_04,audit_only,jpg
fei_face_database,FEI Face Database/originalimages_part3/148-05.jpg,148,original_05,audit_only,jpg
fei_face_database,FEI Face Database/originalimages_part3/148-06.jpg,148,original_06,audit_only,jpg
fei_face_database,FEI Face Database/originalimages_part3/148-07.jpg,148,original_07,audit_only,jpg
fei_face_database,FEI Face Database/originalimages_part3/148-08.jpg,148,original_08,audit_only,jpg
fei_face_database,FEI Face Database/originalimages_part3/148-09.jpg,148,original_09,audit_only,jpg
fei_face_database,FEI Face Database/originalimages_part3/148-10.jpg,148,original_10,audit_only,jpg
fei_face_database,FEI Face Database/originalimages_part3/148-11.jpg,148,original_11,audit_only,jpg
fei_face_database,FEI Face Database/originalimages_part3/148-12.jpg,148,original_12,audit_only,jpg
fei_face_database,FEI Face Database/originalimages_part3/148-13.jpg,148,original_13,audit_only,jpg
fei_face_database,FEI Face Database/originalimages_part3/148-14.jpg,148,original_14,audit_only,jpg
fei_face_database,FEI Face Database/originalimages_part3/149-01.jpg,149,original_01,audit_only,jpg
fei_face_database,FEI Face Database/originalimages_part3/149-02.jpg,149,original_02,audit_only,jpg
fei_face_database,FEI Face Database/originalimages_part3/149-03.jpg,149,original_03,audit_only,jpg
fei_face_database,FEI Face Database/originalimages_part3/149-04.jpg,149,original_04,audit_only,jpg
fei_face_database,FEI Face Database/originalimages_part3/149-05.jpg,149,original_05,audit_only,jpg
fei_face_database,FEI Face Database/originalimages_part3/149-06.jpg,149,original_06,audit_only,jpg
fei_face_database,FEI Face Database/originalimages_part3/149-07.jpg,149,original_07,audit_only,jpg
fei_face_database,FEI Face Database/originalimages_part3/149-08.jpg,149,original_08,audit_only,jpg
fei_face_database,FEI Face Database/originalimages_part3/149-09.jpg,149,original_09,audit_only,jpg
fei_face_database,FEI Face Database/originalimages_part3/149-10.jpg,149,original_10,audit_only,jpg
fei_face_database,FEI Face Database/originalimages_part3/149-11.jpg,149,original_11,audit_only,jpg
fei_face_database,FEI Face Database/originalimages_part3/149-12.jpg,149,original_12,audit_only,jpg
fei_face_database,FEI Face Database/originalimages_part3/149-13.jpg,149,original_13,audit_only,jpg
fei_face_database,FEI Face Database/originalimages_part3/149-14.jpg,149,original_14,audit_only,jpg
fei_face_database,FEI Face Database/originalimages_part3/150-01.jpg,150,original_01,audit_only,jpg
fei_face_database,FEI Face Database/originalimages_part3/150-02.jpg,150,original_02,audit_only,jpg
fei_face_database,FEI Face Database/originalimages_part3/150-03.jpg,150,original_03,audit_only,jpg
fei_face_database,FEI Face Database/originalimages_part3/150-04.jpg,150,original_04,audit_only,jpg
fei_face_database,FEI Face Database/originalimages_part3/150-05.jpg,150,original_05,audit_only,jpg
fei_face_database,FEI Face Database/originalimages_part3/150-06.jpg,150,original_06,audit_only,jpg
fei_face_database,FEI Face Database/originalimages_part3/150-07.jpg,150,original_07,audit_only,jpg
fei_face_database,FEI Face Database/originalimages_part3/150-08.jpg,150,original_08,audit_only,jpg
fei_face_database,FEI Face Database/originalimages_part3/150-09.jpg,150,original_09,audit_only,jpg
fei_face_database,FEI Face Database/originalimages_part3/150-10.jpg,150,original_10,audit_only,jpg
fei_face_database,FEI Face Database/originalimages_part3/150-11.jpg,150,original_11,audit_only,jpg
fei_face_database,FEI Face Database/originalimages_part3/150-12.jpg,150,original_12,audit_only,jpg
fei_face_database,FEI Face Database/originalimages_part3/150-13.jpg,150,original_13,audit_only,jpg
fei_face_database,FEI Face Database/originalimages_part3/150-14.jpg,150,original_14,audit_only,jpg
fei_face_database,FEI Face Database/originalimages_part4/151-01.jpg,151,original_01,audit_only,jpg
fei_face_database,FEI Face Database/originalimages_part4/151-02.jpg,151,original_02,audit_only,jpg
fei_face_database,FEI Face Database/originalimages_part4/151-03.jpg,151,original_03,audit_only,jpg
fei_face_database,FEI Face Database/originalimages_part4/151-04.jpg,151,original_04,audit_only,jpg
fei_face_database,FEI Face Database/originalimages_part4/151-05.jpg,151,original_05,audit_only,jpg
fei_face_database,FEI Face Database/originalimages_part4/151-06.jpg,151,original_06,audit_only,jpg
fei_face_database,FEI Face Database/originalimages_part4/151-07.jpg,151,original_07,audit_only,jpg
fei_face_database,FEI Face Database/originalimages_part4/151-08.jpg,151,original_08,audit_only,jpg
fei_face_database,FEI Face Database/originalimages_part4/151-09.jpg,151,original_09,audit_only,jpg
fei_face_database,FEI Face Database/originalimages_part4/151-10.jpg,151,original_10,audit_only,jpg
fei_face_database,FEI Face Database/originalimages_part4/151-11.jpg,151,original_11,audit_only,jpg
fei_face_database,FEI Face Database/originalimages_part4/151-12.jpg,151,original_12,audit_only,jpg
fei_face_database,FEI Face Database/originalimages_part4/151-13.jpg,151,original_13,audit_only,jpg
fei_face_database,FEI Face Database/originalimages_part4/151-14.jpg,151,original_14,audit_only,jpg
fei_face_database,FEI Face Database/originalimages_part4/152-01.jpg,152,original_01,audit_only,jpg
fei_face_database,FEI Face Database/originalimages_part4/152-02.jpg,152,original_02,audit_only,jpg
fei_face_database,FEI Face Database/originalimages_part4/152-03.jpg,152,original_03,audit_only,jpg
fei_face_database,FEI Face Database/originalimages_part4/152-04.jpg,152,original_04,audit_only,jpg
fei_face_database,FEI Face Database/originalimages_part4/152-05.jpg,152,original_05,audit_only,jpg
fei_face_database,FEI Face Database/originalimages_part4/152-06.jpg,152,original_06,audit_only,jpg
fei_face_database,FEI Face Database/originalimages_part4/152-07.jpg,152,original_07,audit_only,jpg
fei_face_database,FEI Face Database/originalimages_part4/152-08.jpg,152,original_08,audit_only,jpg
fei_face_database,FEI Face Database/originalimages_part4/152-09.jpg,152,original_09,audit_only,jpg
fei_face_database,FEI Face Database/originalimages_part4/152-10.jpg,152,original_10,audit_only,jpg
fei_face_database,FEI Face Database/originalimages_part4/152-11.jpg,152,original_11,audit_only,jpg
fei_face_database,FEI Face Database/originalimages_part4/152-12.jpg,152,original_12,audit_only,jpg
fei_face_database,FEI Face Database/originalimages_part4/152-13.jpg,152,original_13,audit_only,jpg
fei_face_database,FEI Face Database/originalimages_part4/152-14.jpg,152,original_14,audit_only,jpg
fei_face_database,FEI Face Database/originalimages_part4/153-01.jpg,153,original_01,audit_only,jpg
fei_face_database,FEI Face Database/originalimages_part4/153-02.jpg,153,original_02,audit_only,jpg
fei_face_database,FEI Face Database/originalimages_part4/153-03.jpg,153,original_03,audit_only,jpg
fei_face_database,FEI Face Database/originalimages_part4/153-04.jpg,153,original_04,audit_only,jpg
fei_face_database,FEI Face Database/originalimages_part4/153-05.jpg,153,original_05,audit_only,jpg
fei_face_database,FEI Face Database/originalimages_part4/153-06.jpg,153,original_06,audit_only,jpg
fei_face_database,FEI Face Database/originalimages_part4/153-07.jpg,153,original_07,audit_only,jpg
fei_face_database,FEI Face Database/originalimages_part4/153-08.jpg,153,original_08,audit_only,jpg
fei_face_database,FEI Face Database/originalimages_part4/153-09.jpg,153,original_09,audit_only,jpg
fei_face_database,FEI Face Database/originalimages_part4/153-10.jpg,153,original_10,audit_only,jpg
fei_face_database,FEI Face Database/originalimages_part4/153-11.jpg,153,original_11,audit_only,jpg
fei_face_database,FEI Face Database/originalimages_part4/153-12.jpg,153,original_12,audit_only,jpg
fei_face_database,FEI Face Database/originalimages_part4/153-13.jpg,153,original_13,audit_only,jpg
fei_face_database,FEI Face Database/originalimages_part4/153-14.jpg,153,original_14,audit_only,jpg
fei_face_database,FEI Face Database/originalimages_part4/154-01.jpg,154,original_01,audit_only,jpg
fei_face_database,FEI Face Database/originalimages_part4/154-02.jpg,154,original_02,audit_only,jpg
fei_face_database,FEI Face Database/originalimages_part4/154-03.jpg,154,original_03,audit_only,jpg
fei_face_database,FEI Face Database/originalimages_part4/154-04.jpg,154,original_04,audit_only,jpg
fei_face_database,FEI Face Database/originalimages_part4/154-05.jpg,154,original_05,audit_only,jpg
fei_face_database,FEI Face Database/originalimages_part4/154-06.jpg,154,original_06,audit_only,jpg
fei_face_database,FEI Face Database/originalimages_part4/154-07.jpg,154,original_07,audit_only,jpg
fei_face_database,FEI Face Database/originalimages_part4/154-08.jpg,154,original_08,audit_only,jpg
fei_face_database,FEI Face Database/originalimages_part4/154-09.jpg,154,original_09,audit_only,jpg
fei_face_database,FEI Face Database/originalimages_part4/154-10.jpg,154,original_10,audit_only,jpg
fei_face_database,FEI Face Database/originalimages_part4/154-11.jpg,154,original_11,audit_only,jpg
fei_face_database,FEI Face Database/originalimages_part4/154-12.jpg,154,original_12,audit_only,jpg
fei_face_database,FEI Face Database/originalimages_part4/154-13.jpg,154,original_13,audit_only,jpg
fei_face_database,FEI Face Database/originalimages_part4/154-14.jpg,154,original_14,audit_only,jpg
fei_face_database,FEI Face Database/originalimages_part4/155-01.jpg,155,original_01,audit_only,jpg
fei_face_database,FEI Face Database/originalimages_part4/155-02.jpg,155,original_02,audit_only,jpg
fei_face_database,FEI Face Database/originalimages_part4/155-03.jpg,155,original_03,audit_only,jpg
fei_face_database,FEI Face Database/originalimages_part4/155-04.jpg,155,original_04,audit_only,jpg
fei_face_database,FEI Face Database/originalimages_part4/155-05.jpg,155,original_05,audit_only,jpg
fei_face_database,FEI Face Database/originalimages_part4/155-06.jpg,155,original_06,audit_only,jpg
fei_face_database,FEI Face Database/originalimages_part4/155-07.jpg,155,original_07,audit_only,jpg
fei_face_database,FEI Face Database/originalimages_part4/155-08.jpg,155,original_08,audit_only,jpg
fei_face_database,FEI Face Database/originalimages_part4/155-09.jpg,155,original_09,audit_only,jpg
fei_face_database,FEI Face Database/originalimages_part4/155-10.jpg,155,original_10,audit_only,jpg
fei_face_database,FEI Face Database/originalimages_part4/155-11.jpg,155,original_11,audit_only,jpg
fei_face_database,FEI Face Database/originalimages_part4/155-12.jpg,155,original_12,audit_only,jpg
fei_face_database,FEI Face Database/originalimages_part4/155-13.jpg,155,original_13,audit_only,jpg
fei_face_database,FEI Face Database/originalimages_part4/155-14.jpg,155,original_14,audit_only,jpg
fei_face_database,FEI Face Database/originalimages_part4/156-01.jpg,156,original_01,audit_only,jpg
fei_face_database,FEI Face Database/originalimages_part4/156-02.jpg,156,original_02,audit_only,jpg
fei_face_database,FEI Face Database/originalimages_part4/156-03.jpg,156,original_03,audit_only,jpg
fei_face_database,FEI Face Database/originalimages_part4/156-04.jpg,156,original_04,audit_only,jpg
fei_face_database,FEI Face Database/originalimages_part4/156-05.jpg,156,original_05,audit_only,jpg
fei_face_database,FEI Face Database/originalimages_part4/156-06.jpg,156,original_06,audit_only,jpg
fei_face_database,FEI Face Database/originalimages_part4/156-07.jpg,156,original_07,audit_only,jpg
fei_face_database,FEI Face Database/originalimages_part4/156-08.jpg,156,original_08,audit_only,jpg
fei_face_database,FEI Face Database/originalimages_part4/156-09.jpg,156,original_09,audit_only,jpg
fei_face_database,FEI Face Database/originalimages_part4/156-10.jpg,156,original_10,audit_only,jpg
fei_face_database,FEI Face Database/originalimages_part4/156-11.jpg,156,original_11,audit_only,jpg
fei_face_database,FEI Face Database/originalimages_part4/156-12.jpg,156,original_12,audit_only,jpg
fei_face_database,FEI Face Database/originalimages_part4/156-13.jpg,156,original_13,audit_only,jpg
fei_face_database,FEI Face Database/originalimages_part4/156-14.jpg,156,original_14,audit_only,jpg
fei_face_database,FEI Face Database/originalimages_part4/157-01.jpg,157,original_01,audit_only,jpg
fei_face_database,FEI Face Database/originalimages_part4/157-02.jpg,157,original_02,audit_only,jpg
fei_face_database,FEI Face Database/originalimages_part4/157-03.jpg,157,original_03,audit_only,jpg
fei_face_database,FEI Face Database/originalimages_part4/157-04.jpg,157,original_04,audit_only,jpg
fei_face_database,FEI Face Database/originalimages_part4/157-05.jpg,157,original_05,audit_only,jpg
fei_face_database,FEI Face Database/originalimages_part4/157-06.jpg,157,original_06,audit_only,jpg
fei_face_database,FEI Face Database/originalimages_part4/157-07.jpg,157,original_07,audit_only,jpg
fei_face_database,FEI Face Database/originalimages_part4/157-08.jpg,157,original_08,audit_only,jpg
fei_face_database,FEI Face Database/originalimages_part4/157-09.jpg,157,original_09,audit_only,jpg
fei_face_database,FEI Face Database/originalimages_part4/157-10.jpg,157,original_10,audit_only,jpg
fei_face_database,FEI Face Database/originalimages_part4/157-11.jpg,157,original_11,audit_only,jpg
fei_face_database,FEI Face Database/originalimages_part4/157-12.jpg,157,original_12,audit_only,jpg
fei_face_database,FEI Face Database/originalimages_part4/157-13.jpg,157,original_13,audit_only,jpg
fei_face_database,FEI Face Database/originalimages_part4/157-14.jpg,157,original_14,audit_only,jpg
fei_face_database,FEI Face Database/originalimages_part4/158-01.jpg,158,original_01,audit_only,jpg
fei_face_database,FEI Face Database/originalimages_part4/158-02.jpg,158,original_02,audit_only,jpg
fei_face_database,FEI Face Database/originalimages_part4/158-03.jpg,158,original_03,audit_only,jpg
fei_face_database,FEI Face Database/originalimages_part4/158-04.jpg,158,original_04,audit_only,jpg
fei_face_database,FEI Face Database/originalimages_part4/158-05.jpg,158,original_05,audit_only,jpg
fei_face_database,FEI Face Database/originalimages_part4/158-06.jpg,158,original_06,audit_only,jpg
fei_face_database,FEI Face Database/originalimages_part4/158-07.jpg,158,original_07,audit_only,jpg
fei_face_database,FEI Face Database/originalimages_part4/158-08.jpg,158,original_08,audit_only,jpg
fei_face_database,FEI Face Database/originalimages_part4/158-09.jpg,158,original_09,audit_only,jpg
fei_face_database,FEI Face Database/originalimages_part4/158-10.jpg,158,original_10,audit_only,jpg
fei_face_database,FEI Face Database/originalimages_part4/158-11.jpg,158,original_11,audit_only,jpg
fei_face_database,FEI Face Database/originalimages_part4/158-12.jpg,158,original_12,audit_only,jpg
fei_face_database,FEI Face Database/originalimages_part4/158-13.jpg,158,original_13,audit_only,jpg
fei_face_database,FEI Face Database/originalimages_part4/158-14.jpg,158,original_14,audit_only,jpg
fei_face_database,FEI Face Database/originalimages_part4/159-01.jpg,159,original_01,audit_only,jpg
fei_face_database,FEI Face Database/originalimages_part4/159-02.jpg,159,original_02,audit_only,jpg
fei_face_database,FEI Face Database/originalimages_part4/159-03.jpg,159,original_03,audit_only,jpg
fei_face_database,FEI Face Database/originalimages_part4/159-04.jpg,159,original_04,audit_only,jpg
fei_face_database,FEI Face Database/originalimages_part4/159-05.jpg,159,original_05,audit_only,jpg
fei_face_database,FEI Face Database/originalimages_part4/159-06.jpg,159,original_06,audit_only,jpg
fei_face_database,FEI Face Database/originalimages_part4/159-07.jpg,159,original_07,audit_only,jpg
fei_face_database,FEI Face Database/originalimages_part4/159-08.jpg,159,original_08,audit_only,jpg
fei_face_database,FEI Face Database/originalimages_part4/159-09.jpg,159,original_09,audit_only,jpg
fei_face_database,FEI Face Database/originalimages_part4/159-10.jpg,159,original_10,audit_only,jpg
fei_face_database,FEI Face Database/originalimages_part4/159-11.jpg,159,original_11,audit_only,jpg
fei_face_database,FEI Face Database/originalimages_part4/159-12.jpg,159,original_12,audit_only,jpg
fei_face_database,FEI Face Database/originalimages_part4/159-13.jpg,159,original_13,audit_only,jpg
fei_face_database,FEI Face Database/originalimages_part4/159-14.jpg,159,original_14,audit_only,jpg
fei_face_database,FEI Face Database/originalimages_part4/160-01.jpg,160,original_01,audit_only,jpg
fei_face_database,FEI Face Database/originalimages_part4/160-02.jpg,160,original_02,audit_only,jpg
fei_face_database,FEI Face Database/originalimages_part4/160-03.jpg,160,original_03,audit_only,jpg
fei_face_database,FEI Face Database/originalimages_part4/160-04.jpg,160,original_04,audit_only,jpg
fei_face_database,FEI Face Database/originalimages_part4/160-05.jpg,160,original_05,audit_only,jpg
fei_face_database,FEI Face Database/originalimages_part4/160-06.jpg,160,original_06,audit_only,jpg
fei_face_database,FEI Face Database/originalimages_part4/160-07.jpg,160,original_07,audit_only,jpg
fei_face_database,FEI Face Database/originalimages_part4/160-08.jpg,160,original_08,audit_only,jpg
fei_face_database,FEI Face Database/originalimages_part4/160-09.jpg,160,original_09,audit_only,jpg
fei_face_database,FEI Face Database/originalimages_part4/160-10.jpg,160,original_10,audit_only,jpg
fei_face_database,FEI Face Database/originalimages_part4/160-11.jpg,160,original_11,audit_only,jpg
fei_face_database,FEI Face Database/originalimages_part4/160-12.jpg,160,original_12,audit_only,jpg
fei_face_database,FEI Face Database/originalimages_part4/160-13.jpg,160,original_13,audit_only,jpg
fei_face_database,FEI Face Database/originalimages_part4/160-14.jpg,160,original_14,audit_only,jpg
fei_face_database,FEI Face Database/originalimages_part4/161-01.jpg,161,original_01,audit_only,jpg
fei_face_database,FEI Face Database/originalimages_part4/161-02.jpg,161,original_02,audit_only,jpg
fei_face_database,FEI Face Database/originalimages_part4/161-03.jpg,161,original_03,audit_only,jpg
fei_face_database,FEI Face Database/originalimages_part4/161-04.jpg,161,original_04,audit_only,jpg
fei_face_database,FEI Face Database/originalimages_part4/161-05.jpg,161,original_05,audit_only,jpg
fei_face_database,FEI Face Database/originalimages_part4/161-06.jpg,161,original_06,audit_only,jpg
fei_face_database,FEI Face Database/originalimages_part4/161-07.jpg,161,original_07,audit_only,jpg
fei_face_database,FEI Face Database/originalimages_part4/161-08.jpg,161,original_08,audit_only,jpg
fei_face_database,FEI Face Database/originalimages_part4/161-09.jpg,161,original_09,audit_only,jpg
fei_face_database,FEI Face Database/originalimages_part4/161-10.jpg,161,original_10,audit_only,jpg
fei_face_database,FEI Face Database/originalimages_part4/161-11.jpg,161,original_11,audit_only,jpg
fei_face_database,FEI Face Database/originalimages_part4/161-12.jpg,161,original_12,audit_only,jpg
fei_face_database,FEI Face Database/originalimages_part4/161-13.jpg,161,original_13,audit_only,jpg
fei_face_database,FEI Face Database/originalimages_part4/161-14.jpg,161,original_14,audit_only,jpg
fei_face_database,FEI Face Database/originalimages_part4/162-01.jpg,162,original_01,audit_only,jpg
fei_face_database,FEI Face Database/originalimages_part4/162-02.jpg,162,original_02,audit_only,jpg
fei_face_database,FEI Face Database/originalimages_part4/162-03.jpg,162,original_03,audit_only,jpg
fei_face_database,FEI Face Database/originalimages_part4/162-04.jpg,162,original_04,audit_only,jpg
fei_face_database,FEI Face Database/originalimages_part4/162-05.jpg,162,original_05,audit_only,jpg
fei_face_database,FEI Face Database/originalimages_part4/162-06.jpg,162,original_06,audit_only,jpg
fei_face_database,FEI Face Database/originalimages_part4/162-07.jpg,162,original_07,audit_only,jpg
fei_face_database,FEI Face Database/originalimages_part4/162-08.jpg,162,original_08,audit_only,jpg
fei_face_database,FEI Face Database/originalimages_part4/162-09.jpg,162,original_09,audit_only,jpg
fei_face_database,FEI Face Database/originalimages_part4/162-10.jpg,162,original_10,audit_only,jpg
fei_face_database,FEI Face Database/originalimages_part4/162-11.jpg,162,original_11,audit_only,jpg
fei_face_database,FEI Face Database/originalimages_part4/162-12.jpg,162,original_12,audit_only,jpg
fei_face_database,FEI Face Database/originalimages_part4/162-13.jpg,162,original_13,audit_only,jpg
fei_face_database,FEI Face Database/originalimages_part4/162-14.jpg,162,original_14,audit_only,jpg
fei_face_database,FEI Face Database/originalimages_part4/163-01.jpg,163,original_01,audit_only,jpg
fei_face_database,FEI Face Database/originalimages_part4/163-02.jpg,163,original_02,audit_only,jpg
fei_face_database,FEI Face Database/originalimages_part4/163-03.jpg,163,original_03,audit_only,jpg
fei_face_database,FEI Face Database/originalimages_part4/163-04.jpg,163,original_04,audit_only,jpg
fei_face_database,FEI Face Database/originalimages_part4/163-05.jpg,163,original_05,audit_only,jpg
fei_face_database,FEI Face Database/originalimages_part4/163-06.jpg,163,original_06,audit_only,jpg
fei_face_database,FEI Face Database/originalimages_part4/163-07.jpg,163,original_07,audit_only,jpg
fei_face_database,FEI Face Database/originalimages_part4/163-08.jpg,163,original_08,audit_only,jpg
fei_face_database,FEI Face Database/originalimages_part4/163-09.jpg,163,original_09,audit_only,jpg
fei_face_database,FEI Face Database/originalimages_part4/163-10.jpg,163,original_10,audit_only,jpg
fei_face_database,FEI Face Database/originalimages_part4/163-11.jpg,163,original_11,audit_only,jpg
fei_face_database,FEI Face Database/originalimages_part4/163-12.jpg,163,original_12,audit_only,jpg
fei_face_database,FEI Face Database/originalimages_part4/163-13.jpg,163,original_13,audit_only,jpg
fei_face_database,FEI Face Database/originalimages_part4/163-14.jpg,163,original_14,audit_only,jpg
fei_face_database,FEI Face Database/originalimages_part4/164-01.jpg,164,original_01,audit_only,jpg
fei_face_database,FEI Face Database/originalimages_part4/164-02.jpg,164,original_02,audit_only,jpg
fei_face_database,FEI Face Database/originalimages_part4/164-03.jpg,164,original_03,audit_only,jpg
fei_face_database,FEI Face Database/originalimages_part4/164-04.jpg,164,original_04,audit_only,jpg
fei_face_database,FEI Face Database/originalimages_part4/164-05.jpg,164,original_05,audit_only,jpg
fei_face_database,FEI Face Database/originalimages_part4/164-06.jpg,164,original_06,audit_only,jpg
fei_face_database,FEI Face Database/originalimages_part4/164-07.jpg,164,original_07,audit_only,jpg
fei_face_database,FEI Face Database/originalimages_part4/164-08.jpg,164,original_08,audit_only,jpg
fei_face_database,FEI Face Database/originalimages_part4/164-09.jpg,164,original_09,audit_only,jpg
fei_face_database,FEI Face Database/originalimages_part4/164-10.jpg,164,original_10,audit_only,jpg
fei_face_database,FEI Face Database/originalimages_part4/164-11.jpg,164,original_11,audit_only,jpg
fei_face_database,FEI Face Database/originalimages_part4/164-12.jpg,164,original_12,audit_only,jpg
fei_face_database,FEI Face Database/originalimages_part4/164-13.jpg,164,original_13,audit_only,jpg
fei_face_database,FEI Face Database/originalimages_part4/164-14.jpg,164,original_14,audit_only,jpg
fei_face_database,FEI Face Database/originalimages_part4/165-01.jpg,165,original_01,audit_only,jpg
fei_face_database,FEI Face Database/originalimages_part4/165-02.jpg,165,original_02,audit_only,jpg
fei_face_database,FEI Face Database/originalimages_part4/165-03.jpg,165,original_03,audit_only,jpg
fei_face_database,FEI Face Database/originalimages_part4/165-04.jpg,165,original_04,audit_only,jpg
fei_face_database,FEI Face Database/originalimages_part4/165-05.jpg,165,original_05,audit_only,jpg
fei_face_database,FEI Face Database/originalimages_part4/165-06.jpg,165,original_06,audit_only,jpg
fei_face_database,FEI Face Database/originalimages_part4/165-07.jpg,165,original_07,audit_only,jpg
fei_face_database,FEI Face Database/originalimages_part4/165-08.jpg,165,original_08,audit_only,jpg
fei_face_database,FEI Face Database/originalimages_part4/165-09.jpg,165,original_09,audit_only,jpg
fei_face_database,FEI Face Database/originalimages_part4/165-10.jpg,165,original_10,audit_only,jpg
fei_face_database,FEI Face Database/originalimages_part4/165-11.jpg,165,original_11,audit_only,jpg
fei_face_database,FEI Face Database/originalimages_part4/165-12.jpg,165,original_12,audit_only,jpg
fei_face_database,FEI Face Database/originalimages_part4/165-13.jpg,165,original_13,audit_only,jpg
fei_face_database,FEI Face Database/originalimages_part4/165-14.jpg,165,original_14,audit_only,jpg
fei_face_database,FEI Face Database/originalimages_part4/166-01.jpg,166,original_01,audit_only,jpg
fei_face_database,FEI Face Database/originalimages_part4/166-02.jpg,166,original_02,audit_only,jpg
fei_face_database,FEI Face Database/originalimages_part4/166-03.jpg,166,original_03,audit_only,jpg
fei_face_database,FEI Face Database/originalimages_part4/166-04.jpg,166,original_04,audit_only,jpg
fei_face_database,FEI Face Database/originalimages_part4/166-05.jpg,166,original_05,audit_only,jpg
fei_face_database,FEI Face Database/originalimages_part4/166-06.jpg,166,original_06,audit_only,jpg
fei_face_database,FEI Face Database/originalimages_part4/166-07.jpg,166,original_07,audit_only,jpg
fei_face_database,FEI Face Database/originalimages_part4/166-08.jpg,166,original_08,audit_only,jpg
fei_face_database,FEI Face Database/originalimages_part4/166-09.jpg,166,original_09,audit_only,jpg
fei_face_database,FEI Face Database/originalimages_part4/166-10.jpg,166,original_10,audit_only,jpg
fei_face_database,FEI Face Database/originalimages_part4/166-11.jpg,166,original_11,audit_only,jpg
fei_face_database,FEI Face Database/originalimages_part4/166-12.jpg,166,original_12,audit_only,jpg
fei_face_database,FEI Face Database/originalimages_part4/166-13.jpg,166,original_13,audit_only,jpg
fei_face_database,FEI Face Database/originalimages_part4/166-14.jpg,166,original_14,audit_only,jpg
fei_face_database,FEI Face Database/originalimages_part4/167-01.jpg,167,original_01,audit_only,jpg
fei_face_database,FEI Face Database/originalimages_part4/167-02.jpg,167,original_02,audit_only,jpg
fei_face_database,FEI Face Database/originalimages_part4/167-03.jpg,167,original_03,audit_only,jpg
fei_face_database,FEI Face Database/originalimages_part4/167-04.jpg,167,original_04,audit_only,jpg
fei_face_database,FEI Face Database/originalimages_part4/167-05.jpg,167,original_05,audit_only,jpg
fei_face_database,FEI Face Database/originalimages_part4/167-06.jpg,167,original_06,audit_only,jpg
fei_face_database,FEI Face Database/originalimages_part4/167-07.jpg,167,original_07,audit_only,jpg
fei_face_database,FEI Face Database/originalimages_part4/167-08.jpg,167,original_08,audit_only,jpg
fei_face_database,FEI Face Database/originalimages_part4/167-09.jpg,167,original_09,audit_only,jpg
fei_face_database,FEI Face Database/originalimages_part4/167-10.jpg,167,original_10,audit_only,jpg
fei_face_database,FEI Face Database/originalimages_part4/167-11.jpg,167,original_11,audit_only,jpg
fei_face_database,FEI Face Database/originalimages_part4/167-12.jpg,167,original_12,audit_only,jpg
fei_face_database,FEI Face Database/originalimages_part4/167-13.jpg,167,original_13,audit_only,jpg
fei_face_database,FEI Face Database/originalimages_part4/167-14.jpg,167,original_14,audit_only,jpg
fei_face_database,FEI Face Database/originalimages_part4/168-01.jpg,168,original_01,audit_only,jpg
fei_face_database,FEI Face Database/originalimages_part4/168-02.jpg,168,original_02,audit_only,jpg
fei_face_database,FEI Face Database/originalimages_part4/168-03.jpg,168,original_03,audit_only,jpg
fei_face_database,FEI Face Database/originalimages_part4/168-04.jpg,168,original_04,audit_only,jpg
fei_face_database,FEI Face Database/originalimages_part4/168-05.jpg,168,original_05,audit_only,jpg
fei_face_database,FEI Face Database/originalimages_part4/168-06.jpg,168,original_06,audit_only,jpg
fei_face_database,FEI Face Database/originalimages_part4/168-07.jpg,168,original_07,audit_only,jpg
fei_face_database,FEI Face Database/originalimages_part4/168-08.jpg,168,original_08,audit_only,jpg
fei_face_database,FEI Face Database/originalimages_part4/168-09.jpg,168,original_09,audit_only,jpg
fei_face_database,FEI Face Database/originalimages_part4/168-10.jpg,168,original_10,audit_only,jpg
fei_face_database,FEI Face Database/originalimages_part4/168-11.jpg,168,original_11,audit_only,jpg
fei_face_database,FEI Face Database/originalimages_part4/168-12.jpg,168,original_12,audit_only,jpg
fei_face_database,FEI Face Database/originalimages_part4/168-13.jpg,168,original_13,audit_only,jpg
fei_face_database,FEI Face Database/originalimages_part4/168-14.jpg,168,original_14,audit_only,jpg
fei_face_database,FEI Face Database/originalimages_part4/169-01.jpg,169,original_01,audit_only,jpg
fei_face_database,FEI Face Database/originalimages_part4/169-02.jpg,169,original_02,audit_only,jpg
fei_face_database,FEI Face Database/originalimages_part4/169-03.jpg,169,original_03,audit_only,jpg
fei_face_database,FEI Face Database/originalimages_part4/169-04.jpg,169,original_04,audit_only,jpg
fei_face_database,FEI Face Database/originalimages_part4/169-05.jpg,169,original_05,audit_only,jpg
fei_face_database,FEI Face Database/originalimages_part4/169-06.jpg,169,original_06,audit_only,jpg
fei_face_database,FEI Face Database/originalimages_part4/169-07.jpg,169,original_07,audit_only,jpg
fei_face_database,FEI Face Database/originalimages_part4/169-08.jpg,169,original_08,audit_only,jpg
fei_face_database,FEI Face Database/originalimages_part4/169-09.jpg,169,original_09,audit_only,jpg
fei_face_database,FEI Face Database/originalimages_part4/169-10.jpg,169,original_10,audit_only,jpg
fei_face_database,FEI Face Database/originalimages_part4/169-11.jpg,169,original_11,audit_only,jpg
fei_face_database,FEI Face Database/originalimages_part4/169-12.jpg,169,original_12,audit_only,jpg
fei_face_database,FEI Face Database/originalimages_part4/169-13.jpg,169,original_13,audit_only,jpg
fei_face_database,FEI Face Database/originalimages_part4/169-14.jpg,169,original_14,audit_only,jpg
fei_face_database,FEI Face Database/originalimages_part4/170-01.jpg,170,original_01,audit_only,jpg
fei_face_database,FEI Face Database/originalimages_part4/170-02.jpg,170,original_02,audit_only,jpg
fei_face_database,FEI Face Database/originalimages_part4/170-03.jpg,170,original_03,audit_only,jpg
fei_face_database,FEI Face Database/originalimages_part4/170-04.jpg,170,original_04,audit_only,jpg
fei_face_database,FEI Face Database/originalimages_part4/170-05.jpg,170,original_05,audit_only,jpg
fei_face_database,FEI Face Database/originalimages_part4/170-06.jpg,170,original_06,audit_only,jpg
fei_face_database,FEI Face Database/originalimages_part4/170-07.jpg,170,original_07,audit_only,jpg
fei_face_database,FEI Face Database/originalimages_part4/170-08.jpg,170,original_08,audit_only,jpg
fei_face_database,FEI Face Database/originalimages_part4/170-09.jpg,170,original_09,audit_only,jpg
fei_face_database,FEI Face Database/originalimages_part4/170-10.jpg,170,original_10,audit_only,jpg
fei_face_database,FEI Face Database/originalimages_part4/170-11.jpg,170,original_11,audit_only,jpg
fei_face_database,FEI Face Database/originalimages_part4/170-12.jpg,170,original_12,audit_only,jpg
fei_face_database,FEI Face Database/originalimages_part4/170-13.jpg,170,original_13,audit_only,jpg
fei_face_database,FEI Face Database/originalimages_part4/170-14.jpg,170,original_14,audit_only,jpg
fei_face_database,FEI Face Database/originalimages_part4/171-01.jpg,171,original_01,audit_only,jpg
fei_face_database,FEI Face Database/originalimages_part4/171-02.jpg,171,original_02,audit_only,jpg
fei_face_database,FEI Face Database/originalimages_part4/171-03.jpg,171,original_03,audit_only,jpg
fei_face_database,FEI Face Database/originalimages_part4/171-04.jpg,171,original_04,audit_only,jpg
fei_face_database,FEI Face Database/originalimages_part4/171-05.jpg,171,original_05,audit_only,jpg
fei_face_database,FEI Face Database/originalimages_part4/171-06.jpg,171,original_06,audit_only,jpg
fei_face_database,FEI Face Database/originalimages_part4/171-07.jpg,171,original_07,audit_only,jpg
fei_face_database,FEI Face Database/originalimages_part4/171-08.jpg,171,original_08,audit_only,jpg
fei_face_database,FEI Face Database/originalimages_part4/171-09.jpg,171,original_09,audit_only,jpg
fei_face_database,FEI Face Database/originalimages_part4/171-10.jpg,171,original_10,audit_only,jpg
fei_face_database,FEI Face Database/originalimages_part4/171-11.jpg,171,original_11,audit_only,jpg
fei_face_database,FEI Face Database/originalimages_part4/171-12.jpg,171,original_12,audit_only,jpg
fei_face_database,FEI Face Database/originalimages_part4/171-13.jpg,171,original_13,audit_only,jpg
fei_face_database,FEI Face Database/originalimages_part4/171-14.jpg,171,original_14,audit_only,jpg
fei_face_database,FEI Face Database/originalimages_part4/172-01.jpg,172,original_01,audit_only,jpg
fei_face_database,FEI Face Database/originalimages_part4/172-02.jpg,172,original_02,audit_only,jpg
fei_face_database,FEI Face Database/originalimages_part4/172-03.jpg,172,original_03,audit_only,jpg
fei_face_database,FEI Face Database/originalimages_part4/172-04.jpg,172,original_04,audit_only,jpg
fei_face_database,FEI Face Database/originalimages_part4/172-05.jpg,172,original_05,audit_only,jpg
fei_face_database,FEI Face Database/originalimages_part4/172-06.jpg,172,original_06,audit_only,jpg
fei_face_database,FEI Face Database/originalimages_part4/172-07.jpg,172,original_07,audit_only,jpg
fei_face_database,FEI Face Database/originalimages_part4/172-08.jpg,172,original_08,audit_only,jpg
fei_face_database,FEI Face Database/originalimages_part4/172-09.jpg,172,original_09,audit_only,jpg
fei_face_database,FEI Face Database/originalimages_part4/172-10.jpg,172,original_10,audit_only,jpg
fei_face_database,FEI Face Database/originalimages_part4/172-11.jpg,172,original_11,audit_only,jpg
fei_face_database,FEI Face Database/originalimages_part4/172-12.jpg,172,original_12,audit_only,jpg
fei_face_database,FEI Face Database/originalimages_part4/172-13.jpg,172,original_13,audit_only,jpg
fei_face_database,FEI Face Database/originalimages_part4/172-14.jpg,172,original_14,audit_only,jpg
fei_face_database,FEI Face Database/originalimages_part4/173-01.jpg,173,original_01,audit_only,jpg
fei_face_database,FEI Face Database/originalimages_part4/173-02.jpg,173,original_02,audit_only,jpg
fei_face_database,FEI Face Database/originalimages_part4/173-03.jpg,173,original_03,audit_only,jpg
fei_face_database,FEI Face Database/originalimages_part4/173-04.jpg,173,original_04,audit_only,jpg
fei_face_database,FEI Face Database/originalimages_part4/173-05.jpg,173,original_05,audit_only,jpg
fei_face_database,FEI Face Database/originalimages_part4/173-06.jpg,173,original_06,audit_only,jpg
fei_face_database,FEI Face Database/originalimages_part4/173-07.jpg,173,original_07,audit_only,jpg
fei_face_database,FEI Face Database/originalimages_part4/173-08.jpg,173,original_08,audit_only,jpg
fei_face_database,FEI Face Database/originalimages_part4/173-09.jpg,173,original_09,audit_only,jpg
fei_face_database,FEI Face Database/originalimages_part4/173-10.jpg,173,original_10,audit_only,jpg
fei_face_database,FEI Face Database/originalimages_part4/173-11.jpg,173,original_11,audit_only,jpg
fei_face_database,FEI Face Database/originalimages_part4/173-12.jpg,173,original_12,audit_only,jpg
fei_face_database,FEI Face Database/originalimages_part4/173-13.jpg,173,original_13,audit_only,jpg
fei_face_database,FEI Face Database/originalimages_part4/173-14.jpg,173,original_14,audit_only,jpg
fei_face_database,FEI Face Database/originalimages_part4/174-01.jpg,174,original_01,audit_only,jpg
fei_face_database,FEI Face Database/originalimages_part4/174-02.jpg,174,original_02,audit_only,jpg
fei_face_database,FEI Face Database/originalimages_part4/174-03.jpg,174,original_03,audit_only,jpg
fei_face_database,FEI Face Database/originalimages_part4/174-04.jpg,174,original_04,audit_only,jpg
fei_face_database,FEI Face Database/originalimages_part4/174-05.jpg,174,original_05,audit_only,jpg
fei_face_database,FEI Face Database/originalimages_part4/174-06.jpg,174,original_06,audit_only,jpg
fei_face_database,FEI Face Database/originalimages_part4/174-07.jpg,174,original_07,audit_only,jpg
fei_face_database,FEI Face Database/originalimages_part4/174-08.jpg,174,original_08,audit_only,jpg
fei_face_database,FEI Face Database/originalimages_part4/174-09.jpg,174,original_09,audit_only,jpg
fei_face_database,FEI Face Database/originalimages_part4/174-10.jpg,174,original_10,audit_only,jpg
fei_face_database,FEI Face Database/originalimages_part4/174-11.jpg,174,original_11,audit_only,jpg
fei_face_database,FEI Face Database/originalimages_part4/174-12.jpg,174,original_12,audit_only,jpg
fei_face_database,FEI Face Database/originalimages_part4/174-13.jpg,174,original_13,audit_only,jpg
fei_face_database,FEI Face Database/originalimages_part4/174-14.jpg,174,original_14,audit_only,jpg
fei_face_database,FEI Face Database/originalimages_part4/175-01.jpg,175,original_01,audit_only,jpg
fei_face_database,FEI Face Database/originalimages_part4/175-02.jpg,175,original_02,audit_only,jpg
fei_face_database,FEI Face Database/originalimages_part4/175-03.jpg,175,original_03,audit_only,jpg
fei_face_database,FEI Face Database/originalimages_part4/175-04.jpg,175,original_04,audit_only,jpg
fei_face_database,FEI Face Database/originalimages_part4/175-05.jpg,175,original_05,audit_only,jpg
fei_face_database,FEI Face Database/originalimages_part4/175-06.jpg,175,original_06,audit_only,jpg
fei_face_database,FEI Face Database/originalimages_part4/175-07.jpg,175,original_07,audit_only,jpg
fei_face_database,FEI Face Database/originalimages_part4/175-08.jpg,175,original_08,audit_only,jpg
fei_face_database,FEI Face Database/originalimages_part4/175-09.jpg,175,original_09,audit_only,jpg
fei_face_database,FEI Face Database/originalimages_part4/175-10.jpg,175,original_10,audit_only,jpg
fei_face_database,FEI Face Database/originalimages_part4/175-11.jpg,175,original_11,audit_only,jpg
fei_face_database,FEI Face Database/originalimages_part4/175-12.jpg,175,original_12,audit_only,jpg
fei_face_database,FEI Face Database/originalimages_part4/175-13.jpg,175,original_13,audit_only,jpg
fei_face_database,FEI Face Database/originalimages_part4/175-14.jpg,175,original_14,audit_only,jpg
fei_face_database,FEI Face Database/originalimages_part4/176-01.jpg,176,original_01,audit_only,jpg
fei_face_database,FEI Face Database/originalimages_part4/176-02.jpg,176,original_02,audit_only,jpg
fei_face_database,FEI Face Database/originalimages_part4/176-03.jpg,176,original_03,audit_only,jpg
fei_face_database,FEI Face Database/originalimages_part4/176-04.jpg,176,original_04,audit_only,jpg
fei_face_database,FEI Face Database/originalimages_part4/176-05.jpg,176,original_05,audit_only,jpg
fei_face_database,FEI Face Database/originalimages_part4/176-06.jpg,176,original_06,audit_only,jpg
fei_face_database,FEI Face Database/originalimages_part4/176-07.jpg,176,original_07,audit_only,jpg
fei_face_database,FEI Face Database/originalimages_part4/176-08.jpg,176,original_08,audit_only,jpg
fei_face_database,FEI Face Database/originalimages_part4/176-09.jpg,176,original_09,audit_only,jpg
fei_face_database,FEI Face Database/originalimages_part4/176-10.jpg,176,original_10,audit_only,jpg
fei_face_database,FEI Face Database/originalimages_part4/176-11.jpg,176,original_11,audit_only,jpg
fei_face_database,FEI Face Database/originalimages_part4/176-12.jpg,176,original_12,audit_only,jpg
fei_face_database,FEI Face Database/originalimages_part4/176-13.jpg,176,original_13,audit_only,jpg
fei_face_database,FEI Face Database/originalimages_part4/176-14.jpg,176,original_14,audit_only,jpg
fei_face_database,FEI Face Database/originalimages_part4/177-01.jpg,177,original_01,audit_only,jpg
fei_face_database,FEI Face Database/originalimages_part4/177-02.jpg,177,original_02,audit_only,jpg
fei_face_database,FEI Face Database/originalimages_part4/177-03.jpg,177,original_03,audit_only,jpg
fei_face_database,FEI Face Database/originalimages_part4/177-04.jpg,177,original_04,audit_only,jpg
fei_face_database,FEI Face Database/originalimages_part4/177-05.jpg,177,original_05,audit_only,jpg
fei_face_database,FEI Face Database/originalimages_part4/177-06.jpg,177,original_06,audit_only,jpg
fei_face_database,FEI Face Database/originalimages_part4/177-07.jpg,177,original_07,audit_only,jpg
fei_face_database,FEI Face Database/originalimages_part4/177-08.jpg,177,original_08,audit_only,jpg
fei_face_database,FEI Face Database/originalimages_part4/177-09.jpg,177,original_09,audit_only,jpg
fei_face_database,FEI Face Database/originalimages_part4/177-10.jpg,177,original_10,audit_only,jpg
fei_face_database,FEI Face Database/originalimages_part4/177-11.jpg,177,original_11,audit_only,jpg
fei_face_database,FEI Face Database/originalimages_part4/177-12.jpg,177,original_12,audit_only,jpg
fei_face_database,FEI Face Database/originalimages_part4/177-13.jpg,177,original_13,audit_only,jpg
fei_face_database,FEI Face Database/originalimages_part4/177-14.jpg,177,original_14,audit_only,jpg
fei_face_database,FEI Face Database/originalimages_part4/178-01.jpg,178,original_01,audit_only,jpg
fei_face_database,FEI Face Database/originalimages_part4/178-02.jpg,178,original_02,audit_only,jpg
fei_face_database,FEI Face Database/originalimages_part4/178-03.jpg,178,original_03,audit_only,jpg
fei_face_database,FEI Face Database/originalimages_part4/178-04.jpg,178,original_04,audit_only,jpg
fei_face_database,FEI Face Database/originalimages_part4/178-05.jpg,178,original_05,audit_only,jpg
fei_face_database,FEI Face Database/originalimages_part4/178-06.jpg,178,original_06,audit_only,jpg
fei_face_database,FEI Face Database/originalimages_part4/178-07.jpg,178,original_07,audit_only,jpg
fei_face_database,FEI Face Database/originalimages_part4/178-08.jpg,178,original_08,audit_only,jpg
fei_face_database,FEI Face Database/originalimages_part4/178-09.jpg,178,original_09,audit_only,jpg
fei_face_database,FEI Face Database/originalimages_part4/178-10.jpg,178,original_10,audit_only,jpg
fei_face_database,FEI Face Database/originalimages_part4/178-11.jpg,178,original_11,audit_only,jpg
fei_face_database,FEI Face Database/originalimages_part4/178-12.jpg,178,original_12,audit_only,jpg
fei_face_database,FEI Face Database/originalimages_part4/178-13.jpg,178,original_13,audit_only,jpg
fei_face_database,FEI Face Database/originalimages_part4/178-14.jpg,178,original_14,audit_only,jpg
fei_face_database,FEI Face Database/originalimages_part4/179-01.jpg,179,original_01,audit_only,jpg
fei_face_database,FEI Face Database/originalimages_part4/179-02.jpg,179,original_02,audit_only,jpg
fei_face_database,FEI Face Database/originalimages_part4/179-03.jpg,179,original_03,audit_only,jpg
fei_face_database,FEI Face Database/originalimages_part4/179-04.jpg,179,original_04,audit_only,jpg
fei_face_database,FEI Face Database/originalimages_part4/179-05.jpg,179,original_05,audit_only,jpg
fei_face_database,FEI Face Database/originalimages_part4/179-06.jpg,179,original_06,audit_only,jpg
fei_face_database,FEI Face Database/originalimages_part4/179-07.jpg,179,original_07,audit_only,jpg
fei_face_database,FEI Face Database/originalimages_part4/179-08.jpg,179,original_08,audit_only,jpg
fei_face_database,FEI Face Database/originalimages_part4/179-09.jpg,179,original_09,audit_only,jpg
fei_face_database,FEI Face Database/originalimages_part4/179-10.jpg,179,original_10,audit_only,jpg
fei_face_database,FEI Face Database/originalimages_part4/179-11.jpg,179,original_11,audit_only,jpg
fei_face_database,FEI Face Database/originalimages_part4/179-12.jpg,179,original_12,audit_only,jpg
fei_face_database,FEI Face Database/originalimages_part4/179-13.jpg,179,original_13,audit_only,jpg
fei_face_database,FEI Face Database/originalimages_part4/179-14.jpg,179,original_14,audit_only,jpg
fei_face_database,FEI Face Database/originalimages_part4/180-01.jpg,180,original_01,audit_only,jpg
fei_face_database,FEI Face Database/originalimages_part4/180-02.jpg,180,original_02,audit_only,jpg
fei_face_database,FEI Face Database/originalimages_part4/180-03.jpg,180,original_03,audit_only,jpg
fei_face_database,FEI Face Database/originalimages_part4/180-04.jpg,180,original_04,audit_only,jpg
fei_face_database,FEI Face Database/originalimages_part4/180-05.jpg,180,original_05,audit_only,jpg
fei_face_database,FEI Face Database/originalimages_part4/180-06.jpg,180,original_06,audit_only,jpg
fei_face_database,FEI Face Database/originalimages_part4/180-07.jpg,180,original_07,audit_only,jpg
fei_face_database,FEI Face Database/originalimages_part4/180-08.jpg,180,original_08,audit_only,jpg
fei_face_database,FEI Face Database/originalimages_part4/180-09.jpg,180,original_09,audit_only,jpg
fei_face_database,FEI Face Database/originalimages_part4/180-10.jpg,180,original_10,audit_only,jpg
fei_face_database,FEI Face Database/originalimages_part4/180-11.jpg,180,original_11,audit_only,jpg
fei_face_database,FEI Face Database/originalimages_part4/180-12.jpg,180,original_12,audit_only,jpg
fei_face_database,FEI Face Database/originalimages_part4/180-13.jpg,180,original_13,audit_only,jpg
fei_face_database,FEI Face Database/originalimages_part4/180-14.jpg,180,original_14,audit_only,jpg
fei_face_database,FEI Face Database/originalimages_part4/181-01.jpg,181,original_01,audit_only,jpg
fei_face_database,FEI Face Database/originalimages_part4/181-02.jpg,181,original_02,audit_only,jpg
fei_face_database,FEI Face Database/originalimages_part4/181-03.jpg,181,original_03,audit_only,jpg
fei_face_database,FEI Face Database/originalimages_part4/181-04.jpg,181,original_04,audit_only,jpg
fei_face_database,FEI Face Database/originalimages_part4/181-05.jpg,181,original_05,audit_only,jpg
fei_face_database,FEI Face Database/originalimages_part4/181-06.jpg,181,original_06,audit_only,jpg
fei_face_database,FEI Face Database/originalimages_part4/181-07.jpg,181,original_07,audit_only,jpg
fei_face_database,FEI Face Database/originalimages_part4/181-08.jpg,181,original_08,audit_only,jpg
fei_face_database,FEI Face Database/originalimages_part4/181-09.jpg,181,original_09,audit_only,jpg
fei_face_database,FEI Face Database/originalimages_part4/181-10.jpg,181,original_10,audit_only,jpg
fei_face_database,FEI Face Database/originalimages_part4/181-11.jpg,181,original_11,audit_only,jpg
fei_face_database,FEI Face Database/originalimages_part4/181-12.jpg,181,original_12,audit_only,jpg
fei_face_database,FEI Face Database/originalimages_part4/181-13.jpg,181,original_13,audit_only,jpg
fei_face_database,FEI Face Database/originalimages_part4/181-14.jpg,181,original_14,audit_only,jpg
fei_face_database,FEI Face Database/originalimages_part4/182-01.jpg,182,original_01,audit_only,jpg
fei_face_database,FEI Face Database/originalimages_part4/182-02.jpg,182,original_02,audit_only,jpg
fei_face_database,FEI Face Database/originalimages_part4/182-03.jpg,182,original_03,audit_only,jpg
fei_face_database,FEI Face Database/originalimages_part4/182-04.jpg,182,original_04,audit_only,jpg
fei_face_database,FEI Face Database/originalimages_part4/182-05.jpg,182,original_05,audit_only,jpg
fei_face_database,FEI Face Database/originalimages_part4/182-06.jpg,182,original_06,audit_only,jpg
fei_face_database,FEI Face Database/originalimages_part4/182-07.jpg,182,original_07,audit_only,jpg
fei_face_database,FEI Face Database/originalimages_part4/182-08.jpg,182,original_08,audit_only,jpg
fei_face_database,FEI Face Database/originalimages_part4/182-09.jpg,182,original_09,audit_only,jpg
fei_face_database,FEI Face Database/originalimages_part4/182-10.jpg,182,original_10,audit_only,jpg
fei_face_database,FEI Face Database/originalimages_part4/182-11.jpg,182,original_11,audit_only,jpg
fei_face_database,FEI Face Database/originalimages_part4/182-12.jpg,182,original_12,audit_only,jpg
fei_face_database,FEI Face Database/originalimages_part4/182-13.jpg,182,original_13,audit_only,jpg
fei_face_database,FEI Face Database/originalimages_part4/182-14.jpg,182,original_14,audit_only,jpg
fei_face_database,FEI Face Database/originalimages_part4/183-01.jpg,183,original_01,audit_only,jpg
fei_face_database,FEI Face Database/originalimages_part4/183-02.jpg,183,original_02,audit_only,jpg
fei_face_database,FEI Face Database/originalimages_part4/183-03.jpg,183,original_03,audit_only,jpg
fei_face_database,FEI Face Database/originalimages_part4/183-04.jpg,183,original_04,audit_only,jpg
fei_face_database,FEI Face Database/originalimages_part4/183-05.jpg,183,original_05,audit_only,jpg
fei_face_database,FEI Face Database/originalimages_part4/183-06.jpg,183,original_06,audit_only,jpg
fei_face_database,FEI Face Database/originalimages_part4/183-07.jpg,183,original_07,audit_only,jpg
fei_face_database,FEI Face Database/originalimages_part4/183-08.jpg,183,original_08,audit_only,jpg
fei_face_database,FEI Face Database/originalimages_part4/183-09.jpg,183,original_09,audit_only,jpg
fei_face_database,FEI Face Database/originalimages_part4/183-10.jpg,183,original_10,audit_only,jpg
fei_face_database,FEI Face Database/originalimages_part4/183-11.jpg,183,original_11,audit_only,jpg
fei_face_database,FEI Face Database/originalimages_part4/183-12.jpg,183,original_12,audit_only,jpg
fei_face_database,FEI Face Database/originalimages_part4/183-13.jpg,183,original_13,audit_only,jpg
fei_face_database,FEI Face Database/originalimages_part4/183-14.jpg,183,original_14,audit_only,jpg
fei_face_database,FEI Face Database/originalimages_part4/184-01.jpg,184,original_01,audit_only,jpg
fei_face_database,FEI Face Database/originalimages_part4/184-02.jpg,184,original_02,audit_only,jpg
fei_face_database,FEI Face Database/originalimages_part4/184-03.jpg,184,original_03,audit_only,jpg
fei_face_database,FEI Face Database/originalimages_part4/184-04.jpg,184,original_04,audit_only,jpg
fei_face_database,FEI Face Database/originalimages_part4/184-05.jpg,184,original_05,audit_only,jpg
fei_face_database,FEI Face Database/originalimages_part4/184-06.jpg,184,original_06,audit_only,jpg
fei_face_database,FEI Face Database/originalimages_part4/184-07.jpg,184,original_07,audit_only,jpg
fei_face_database,FEI Face Database/originalimages_part4/184-08.jpg,184,original_08,audit_only,jpg
fei_face_database,FEI Face Database/originalimages_part4/184-09.jpg,184,original_09,audit_only,jpg
fei_face_database,FEI Face Database/originalimages_part4/184-10.jpg,184,original_10,audit_only,jpg
fei_face_database,FEI Face Database/originalimages_part4/184-11.jpg,184,original_11,audit_only,jpg
fei_face_database,FEI Face Database/originalimages_part4/184-12.jpg,184,original_12,audit_only,jpg
fei_face_database,FEI Face Database/originalimages_part4/184-13.jpg,184,original_13,audit_only,jpg
fei_face_database,FEI Face Database/originalimages_part4/184-14.jpg,184,original_14,audit_only,jpg
fei_face_database,FEI Face Database/originalimages_part4/185-01.jpg,185,original_01,audit_only,jpg
fei_face_database,FEI Face Database/originalimages_part4/185-02.jpg,185,original_02,audit_only,jpg
fei_face_database,FEI Face Database/originalimages_part4/185-03.jpg,185,original_03,audit_only,jpg
fei_face_database,FEI Face Database/originalimages_part4/185-04.jpg,185,original_04,audit_only,jpg
fei_face_database,FEI Face Database/originalimages_part4/185-05.jpg,185,original_05,audit_only,jpg
fei_face_database,FEI Face Database/originalimages_part4/185-06.jpg,185,original_06,audit_only,jpg
fei_face_database,FEI Face Database/originalimages_part4/185-07.jpg,185,original_07,audit_only,jpg
fei_face_database,FEI Face Database/originalimages_part4/185-08.jpg,185,original_08,audit_only,jpg
fei_face_database,FEI Face Database/originalimages_part4/185-09.jpg,185,original_09,audit_only,jpg
fei_face_database,FEI Face Database/originalimages_part4/185-10.jpg,185,original_10,audit_only,jpg
fei_face_database,FEI Face Database/originalimages_part4/185-11.jpg,185,original_11,audit_only,jpg
fei_face_database,FEI Face Database/originalimages_part4/185-12.jpg,185,original_12,audit_only,jpg
fei_face_database,FEI Face Database/originalimages_part4/185-13.jpg,185,original_13,audit_only,jpg
fei_face_database,FEI Face Database/originalimages_part4/185-14.jpg,185,original_14,audit_only,jpg
fei_face_database,FEI Face Database/originalimages_part4/186-01.jpg,186,original_01,audit_only,jpg
fei_face_database,FEI Face Database/originalimages_part4/186-02.jpg,186,original_02,audit_only,jpg
fei_face_database,FEI Face Database/originalimages_part4/186-03.jpg,186,original_03,audit_only,jpg
fei_face_database,FEI Face Database/originalimages_part4/186-04.jpg,186,original_04,audit_only,jpg
fei_face_database,FEI Face Database/originalimages_part4/186-05.jpg,186,original_05,audit_only,jpg
fei_face_database,FEI Face Database/originalimages_part4/186-06.jpg,186,original_06,audit_only,jpg
fei_face_database,FEI Face Database/originalimages_part4/186-07.jpg,186,original_07,audit_only,jpg
fei_face_database,FEI Face Database/originalimages_part4/186-08.jpg,186,original_08,audit_only,jpg
fei_face_database,FEI Face Database/originalimages_part4/186-09.jpg,186,original_09,audit_only,jpg
fei_face_database,FEI Face Database/originalimages_part4/186-10.jpg,186,original_10,audit_only,jpg
fei_face_database,FEI Face Database/originalimages_part4/186-11.jpg,186,original_11,audit_only,jpg
fei_face_database,FEI Face Database/originalimages_part4/186-12.jpg,186,original_12,audit_only,jpg
fei_face_database,FEI Face Database/originalimages_part4/186-13.jpg,186,original_13,audit_only,jpg
fei_face_database,FEI Face Database/originalimages_part4/186-14.jpg,186,original_14,audit_only,jpg
fei_face_database,FEI Face Database/originalimages_part4/187-01.jpg,187,original_01,audit_only,jpg
fei_face_database,FEI Face Database/originalimages_part4/187-02.jpg,187,original_02,audit_only,jpg
fei_face_database,FEI Face Database/originalimages_part4/187-03.jpg,187,original_03,audit_only,jpg
fei_face_database,FEI Face Database/originalimages_part4/187-04.jpg,187,original_04,audit_only,jpg
fei_face_database,FEI Face Database/originalimages_part4/187-05.jpg,187,original_05,audit_only,jpg
fei_face_database,FEI Face Database/originalimages_part4/187-06.jpg,187,original_06,audit_only,jpg
fei_face_database,FEI Face Database/originalimages_part4/187-07.jpg,187,original_07,audit_only,jpg
fei_face_database,FEI Face Database/originalimages_part4/187-08.jpg,187,original_08,audit_only,jpg
fei_face_database,FEI Face Database/originalimages_part4/187-09.jpg,187,original_09,audit_only,jpg
fei_face_database,FEI Face Database/originalimages_part4/187-10.jpg,187,original_10,audit_only,jpg
fei_face_database,FEI Face Database/originalimages_part4/187-11.jpg,187,original_11,audit_only,jpg
fei_face_database,FEI Face Database/originalimages_part4/187-12.jpg,187,original_12,audit_only,jpg
fei_face_database,FEI Face Database/originalimages_part4/187-13.jpg,187,original_13,audit_only,jpg
fei_face_database,FEI Face Database/originalimages_part4/187-14.jpg,187,original_14,audit_only,jpg
fei_face_database,FEI Face Database/originalimages_part4/188-01.jpg,188,original_01,audit_only,jpg
fei_face_database,FEI Face Database/originalimages_part4/188-02.jpg,188,original_02,audit_only,jpg
fei_face_database,FEI Face Database/originalimages_part4/188-03.jpg,188,original_03,audit_only,jpg
fei_face_database,FEI Face Database/originalimages_part4/188-04.jpg,188,original_04,audit_only,jpg
fei_face_database,FEI Face Database/originalimages_part4/188-05.jpg,188,original_05,audit_only,jpg
fei_face_database,FEI Face Database/originalimages_part4/188-06.jpg,188,original_06,audit_only,jpg
fei_face_database,FEI Face Database/originalimages_part4/188-07.jpg,188,original_07,audit_only,jpg
fei_face_database,FEI Face Database/originalimages_part4/188-08.jpg,188,original_08,audit_only,jpg
fei_face_database,FEI Face Database/originalimages_part4/188-09.jpg,188,original_09,audit_only,jpg
fei_face_database,FEI Face Database/originalimages_part4/188-10.jpg,188,original_10,audit_only,jpg
fei_face_database,FEI Face Database/originalimages_part4/188-11.jpg,188,original_11,audit_only,jpg
fei_face_database,FEI Face Database/originalimages_part4/188-12.jpg,188,original_12,audit_only,jpg
fei_face_database,FEI Face Database/originalimages_part4/188-13.jpg,188,original_13,audit_only,jpg
fei_face_database,FEI Face Database/originalimages_part4/188-14.jpg,188,original_14,audit_only,jpg
fei_face_database,FEI Face Database/originalimages_part4/189-01.jpg,189,original_01,audit_only,jpg
fei_face_database,FEI Face Database/originalimages_part4/189-02.jpg,189,original_02,audit_only,jpg
fei_face_database,FEI Face Database/originalimages_part4/189-03.jpg,189,original_03,audit_only,jpg
fei_face_database,FEI Face Database/originalimages_part4/189-04.jpg,189,original_04,audit_only,jpg
fei_face_database,FEI Face Database/originalimages_part4/189-05.jpg,189,original_05,audit_only,jpg
fei_face_database,FEI Face Database/originalimages_part4/189-06.jpg,189,original_06,audit_only,jpg
fei_face_database,FEI Face Database/originalimages_part4/189-07.jpg,189,original_07,audit_only,jpg
fei_face_database,FEI Face Database/originalimages_part4/189-08.jpg,189,original_08,audit_only,jpg
fei_face_database,FEI Face Database/originalimages_part4/189-09.jpg,189,original_09,audit_only,jpg
fei_face_database,FEI Face Database/originalimages_part4/189-10.jpg,189,original_10,audit_only,jpg
fei_face_database,FEI Face Database/originalimages_part4/189-11.jpg,189,original_11,audit_only,jpg
fei_face_database,FEI Face Database/originalimages_part4/189-12.jpg,189,original_12,audit_only,jpg
fei_face_database,FEI Face Database/originalimages_part4/189-13.jpg,189,original_13,audit_only,jpg
fei_face_database,FEI Face Database/originalimages_part4/189-14.jpg,189,original_14,audit_only,jpg
fei_face_database,FEI Face Database/originalimages_part4/190-01.jpg,190,original_01,audit_only,jpg
fei_face_database,FEI Face Database/originalimages_part4/190-02.jpg,190,original_02,audit_only,jpg
fei_face_database,FEI Face Database/originalimages_part4/190-03.jpg,190,original_03,audit_only,jpg
fei_face_database,FEI Face Database/originalimages_part4/190-04.jpg,190,original_04,audit_only,jpg
fei_face_database,FEI Face Database/originalimages_part4/190-05.jpg,190,original_05,audit_only,jpg
fei_face_database,FEI Face Database/originalimages_part4/190-06.jpg,190,original_06,audit_only,jpg
fei_face_database,FEI Face Database/originalimages_part4/190-07.jpg,190,original_07,audit_only,jpg
fei_face_database,FEI Face Database/originalimages_part4/190-08.jpg,190,original_08,audit_only,jpg
fei_face_database,FEI Face Database/originalimages_part4/190-09.jpg,190,original_09,audit_only,jpg
fei_face_database,FEI Face Database/originalimages_part4/190-10.jpg,190,original_10,audit_only,jpg
fei_face_database,FEI Face Database/originalimages_part4/190-11.jpg,190,original_11,audit_only,jpg
fei_face_database,FEI Face Database/originalimages_part4/190-12.jpg,190,original_12,audit_only,jpg
fei_face_database,FEI Face Database/originalimages_part4/190-13.jpg,190,original_13,audit_only,jpg
fei_face_database,FEI Face Database/originalimages_part4/190-14.jpg,190,original_14,audit_only,jpg
fei_face_database,FEI Face Database/originalimages_part4/191-01.jpg,191,original_01,audit_only,jpg
fei_face_database,FEI Face Database/originalimages_part4/191-02.jpg,191,original_02,audit_only,jpg
fei_face_database,FEI Face Database/originalimages_part4/191-03.jpg,191,original_03,audit_only,jpg
fei_face_database,FEI Face Database/originalimages_part4/191-04.jpg,191,original_04,audit_only,jpg
fei_face_database,FEI Face Database/originalimages_part4/191-05.jpg,191,original_05,audit_only,jpg
fei_face_database,FEI Face Database/originalimages_part4/191-06.jpg,191,original_06,audit_only,jpg
fei_face_database,FEI Face Database/originalimages_part4/191-07.jpg,191,original_07,audit_only,jpg
fei_face_database,FEI Face Database/originalimages_part4/191-08.jpg,191,original_08,audit_only,jpg
fei_face_database,FEI Face Database/originalimages_part4/191-09.jpg,191,original_09,audit_only,jpg
fei_face_database,FEI Face Database/originalimages_part4/191-10.jpg,191,original_10,audit_only,jpg
fei_face_database,FEI Face Database/originalimages_part4/191-11.jpg,191,original_11,audit_only,jpg
fei_face_database,FEI Face Database/originalimages_part4/191-12.jpg,191,original_12,audit_only,jpg
fei_face_database,FEI Face Database/originalimages_part4/191-13.jpg,191,original_13,audit_only,jpg
fei_face_database,FEI Face Database/originalimages_part4/191-14.jpg,191,original_14,audit_only,jpg
fei_face_database,FEI Face Database/originalimages_part4/192-01.jpg,192,original_01,audit_only,jpg
fei_face_database,FEI Face Database/originalimages_part4/192-02.jpg,192,original_02,audit_only,jpg
fei_face_database,FEI Face Database/originalimages_part4/192-03.jpg,192,original_03,audit_only,jpg
fei_face_database,FEI Face Database/originalimages_part4/192-04.jpg,192,original_04,audit_only,jpg
fei_face_database,FEI Face Database/originalimages_part4/192-05.jpg,192,original_05,audit_only,jpg
fei_face_database,FEI Face Database/originalimages_part4/192-06.jpg,192,original_06,audit_only,jpg
fei_face_database,FEI Face Database/originalimages_part4/192-07.jpg,192,original_07,audit_only,jpg
fei_face_database,FEI Face Database/originalimages_part4/192-08.jpg,192,original_08,audit_only,jpg
fei_face_database,FEI Face Database/originalimages_part4/192-09.jpg,192,original_09,audit_only,jpg
fei_face_database,FEI Face Database/originalimages_part4/192-10.jpg,192,original_10,audit_only,jpg
fei_face_database,FEI Face Database/originalimages_part4/192-11.jpg,192,original_11,audit_only,jpg
fei_face_database,FEI Face Database/originalimages_part4/192-12.jpg,192,original_12,audit_only,jpg
fei_face_database,FEI Face Database/originalimages_part4/192-13.jpg,192,original_13,audit_only,jpg
fei_face_database,FEI Face Database/originalimages_part4/192-14.jpg,192,original_14,audit_only,jpg
fei_face_database,FEI Face Database/originalimages_part4/193-01.jpg,193,original_01,audit_only,jpg
fei_face_database,FEI Face Database/originalimages_part4/193-02.jpg,193,original_02,audit_only,jpg
fei_face_database,FEI Face Database/originalimages_part4/193-03.jpg,193,original_03,audit_only,jpg
fei_face_database,FEI Face Database/originalimages_part4/193-04.jpg,193,original_04,audit_only,jpg
fei_face_database,FEI Face Database/originalimages_part4/193-05.jpg,193,original_05,audit_only,jpg
fei_face_database,FEI Face Database/originalimages_part4/193-06.jpg,193,original_06,audit_only,jpg
fei_face_database,FEI Face Database/originalimages_part4/193-07.jpg,193,original_07,audit_only,jpg
fei_face_database,FEI Face Database/originalimages_part4/193-08.jpg,193,original_08,audit_only,jpg
fei_face_database,FEI Face Database/originalimages_part4/193-09.jpg,193,original_09,audit_only,jpg
fei_face_database,FEI Face Database/originalimages_part4/193-10.jpg,193,original_10,audit_only,jpg
fei_face_database,FEI Face Database/originalimages_part4/193-11.jpg,193,original_11,audit_only,jpg
fei_face_database,FEI Face Database/originalimages_part4/193-12.jpg,193,original_12,audit_only,jpg
fei_face_database,FEI Face Database/originalimages_part4/193-13.jpg,193,original_13,audit_only,jpg
fei_face_database,FEI Face Database/originalimages_part4/193-14.jpg,193,original_14,audit_only,jpg
fei_face_database,FEI Face Database/originalimages_part4/194-01.jpg,194,original_01,audit_only,jpg
fei_face_database,FEI Face Database/originalimages_part4/194-02.jpg,194,original_02,audit_only,jpg
fei_face_database,FEI Face Database/originalimages_part4/194-03.jpg,194,original_03,audit_only,jpg
fei_face_database,FEI Face Database/originalimages_part4/194-04.jpg,194,original_04,audit_only,jpg
fei_face_database,FEI Face Database/originalimages_part4/194-05.jpg,194,original_05,audit_only,jpg
fei_face_database,FEI Face Database/originalimages_part4/194-06.jpg,194,original_06,audit_only,jpg
fei_face_database,FEI Face Database/originalimages_part4/194-07.jpg,194,original_07,audit_only,jpg
fei_face_database,FEI Face Database/originalimages_part4/194-08.jpg,194,original_08,audit_only,jpg
fei_face_database,FEI Face Database/originalimages_part4/194-09.jpg,194,original_09,audit_only,jpg
fei_face_database,FEI Face Database/originalimages_part4/194-10.jpg,194,original_10,audit_only,jpg
fei_face_database,FEI Face Database/originalimages_part4/194-11.jpg,194,original_11,audit_only,jpg
fei_face_database,FEI Face Database/originalimages_part4/194-12.jpg,194,original_12,audit_only,jpg
fei_face_database,FEI Face Database/originalimages_part4/194-13.jpg,194,original_13,audit_only,jpg
fei_face_database,FEI Face Database/originalimages_part4/194-14.jpg,194,original_14,audit_only,jpg
fei_face_database,FEI Face Database/originalimages_part4/195-01.jpg,195,original_01,audit_only,jpg
fei_face_database,FEI Face Database/originalimages_part4/195-02.jpg,195,original_02,audit_only,jpg
fei_face_database,FEI Face Database/originalimages_part4/195-03.jpg,195,original_03,audit_only,jpg
fei_face_database,FEI Face Database/originalimages_part4/195-04.jpg,195,original_04,audit_only,jpg
fei_face_database,FEI Face Database/originalimages_part4/195-05.jpg,195,original_05,audit_only,jpg
fei_face_database,FEI Face Database/originalimages_part4/195-06.jpg,195,original_06,audit_only,jpg
fei_face_database,FEI Face Database/originalimages_part4/195-07.jpg,195,original_07,audit_only,jpg
fei_face_database,FEI Face Database/originalimages_part4/195-08.jpg,195,original_08,audit_only,jpg
fei_face_database,FEI Face Database/originalimages_part4/195-09.jpg,195,original_09,audit_only,jpg
fei_face_database,FEI Face Database/originalimages_part4/195-10.jpg,195,original_10,audit_only,jpg
fei_face_database,FEI Face Database/originalimages_part4/195-11.jpg,195,original_11,audit_only,jpg
fei_face_database,FEI Face Database/originalimages_part4/195-12.jpg,195,original_12,audit_only,jpg
fei_face_database,FEI Face Database/originalimages_part4/195-13.jpg,195,original_13,audit_only,jpg
fei_face_database,FEI Face Database/originalimages_part4/195-14.jpg,195,original_14,audit_only,jpg
fei_face_database,FEI Face Database/originalimages_part4/196-01.jpg,196,original_01,audit_only,jpg
fei_face_database,FEI Face Database/originalimages_part4/196-02.jpg,196,original_02,audit_only,jpg
fei_face_database,FEI Face Database/originalimages_part4/196-03.jpg,196,original_03,audit_only,jpg
fei_face_database,FEI Face Database/originalimages_part4/196-04.jpg,196,original_04,audit_only,jpg
fei_face_database,FEI Face Database/originalimages_part4/196-05.jpg,196,original_05,audit_only,jpg
fei_face_database,FEI Face Database/originalimages_part4/196-06.jpg,196,original_06,audit_only,jpg
fei_face_database,FEI Face Database/originalimages_part4/196-07.jpg,196,original_07,audit_only,jpg
fei_face_database,FEI Face Database/originalimages_part4/196-08.jpg,196,original_08,audit_only,jpg
fei_face_database,FEI Face Database/originalimages_part4/196-09.jpg,196,original_09,audit_only,jpg
fei_face_database,FEI Face Database/originalimages_part4/196-10.jpg,196,original_10,audit_only,jpg
fei_face_database,FEI Face Database/originalimages_part4/196-11.jpg,196,original_11,audit_only,jpg
fei_face_database,FEI Face Database/originalimages_part4/196-12.jpg,196,original_12,audit_only,jpg
fei_face_database,FEI Face Database/originalimages_part4/196-13.jpg,196,original_13,audit_only,jpg
fei_face_database,FEI Face Database/originalimages_part4/196-14.jpg,196,original_14,audit_only,jpg
fei_face_database,FEI Face Database/originalimages_part4/197-01.jpg,197,original_01,audit_only,jpg
fei_face_database,FEI Face Database/originalimages_part4/197-02.jpg,197,original_02,audit_only,jpg
fei_face_database,FEI Face Database/originalimages_part4/197-03.jpg,197,original_03,audit_only,jpg
fei_face_database,FEI Face Database/originalimages_part4/197-04.jpg,197,original_04,audit_only,jpg
fei_face_database,FEI Face Database/originalimages_part4/197-05.jpg,197,original_05,audit_only,jpg
fei_face_database,FEI Face Database/originalimages_part4/197-06.jpg,197,original_06,audit_only,jpg
fei_face_database,FEI Face Database/originalimages_part4/197-07.jpg,197,original_07,audit_only,jpg
fei_face_database,FEI Face Database/originalimages_part4/197-08.jpg,197,original_08,audit_only,jpg
fei_face_database,FEI Face Database/originalimages_part4/197-09.jpg,197,original_09,audit_only,jpg
fei_face_database,FEI Face Database/originalimages_part4/197-10.jpg,197,original_10,audit_only,jpg
fei_face_database,FEI Face Database/originalimages_part4/197-11.jpg,197,original_11,audit_only,jpg
fei_face_database,FEI Face Database/originalimages_part4/197-12.jpg,197,original_12,audit_only,jpg
fei_face_database,FEI Face Database/originalimages_part4/197-13.jpg,197,original_13,audit_only,jpg
fei_face_database,FEI Face Database/originalimages_part4/197-14.jpg,197,original_14,audit_only,jpg
fei_face_database,FEI Face Database/originalimages_part4/198-01.jpg,198,original_01,audit_only,jpg
fei_face_database,FEI Face Database/originalimages_part4/198-02.jpg,198,original_02,audit_only,jpg
fei_face_database,FEI Face Database/originalimages_part4/198-03.jpg,198,original_03,audit_only,jpg
fei_face_database,FEI Face Database/originalimages_part4/198-04.jpg,198,original_04,audit_only,jpg
fei_face_database,FEI Face Database/originalimages_part4/198-05.jpg,198,original_05,audit_only,jpg
fei_face_database,FEI Face Database/originalimages_part4/198-06.jpg,198,original_06,audit_only,jpg
fei_face_database,FEI Face Database/originalimages_part4/198-07.jpg,198,original_07,audit_only,jpg
fei_face_database,FEI Face Database/originalimages_part4/198-08.jpg,198,original_08,audit_only,jpg
fei_face_database,FEI Face Database/originalimages_part4/198-09.jpg,198,original_09,audit_only,jpg
fei_face_database,FEI Face Database/originalimages_part4/198-10.jpg,198,original_10,audit_only,jpg
fei_face_database,FEI Face Database/originalimages_part4/198-11.jpg,198,original_11,audit_only,jpg
fei_face_database,FEI Face Database/originalimages_part4/198-12.jpg,198,original_12,audit_only,jpg
fei_face_database,FEI Face Database/originalimages_part4/198-13.jpg,198,original_13,audit_only,jpg
fei_face_database,FEI Face Database/originalimages_part4/198-14.jpg,198,original_14,audit_only,jpg
fei_face_database,FEI Face Database/originalimages_part4/199-01.jpg,199,original_01,audit_only,jpg
fei_face_database,FEI Face Database/originalimages_part4/199-02.jpg,199,original_02,audit_only,jpg
fei_face_database,FEI Face Database/originalimages_part4/199-03.jpg,199,original_03,audit_only,jpg
fei_face_database,FEI Face Database/originalimages_part4/199-04.jpg,199,original_04,audit_only,jpg
fei_face_database,FEI Face Database/originalimages_part4/199-05.jpg,199,original_05,audit_only,jpg
fei_face_database,FEI Face Database/originalimages_part4/199-06.jpg,199,original_06,audit_only,jpg
fei_face_database,FEI Face Database/originalimages_part4/199-07.jpg,199,original_07,audit_only,jpg
fei_face_database,FEI Face Database/originalimages_part4/199-08.jpg,199,original_08,audit_only,jpg
fei_face_database,FEI Face Database/originalimages_part4/199-09.jpg,199,original_09,audit_only,jpg
fei_face_database,FEI Face Database/originalimages_part4/199-10.jpg,199,original_10,audit_only,jpg
fei_face_database,FEI Face Database/originalimages_part4/199-11.jpg,199,original_11,audit_only,jpg
fei_face_database,FEI Face Database/originalimages_part4/199-12.jpg,199,original_12,audit_only,jpg
fei_face_database,FEI Face Database/originalimages_part4/199-13.jpg,199,original_13,audit_only,jpg
fei_face_database,FEI Face Database/originalimages_part4/199-14.jpg,199,original_14,audit_only,jpg
fei_face_database,FEI Face Database/originalimages_part4/200-01.jpg,200,original_01,audit_only,jpg
fei_face_database,FEI Face Database/originalimages_part4/200-02.jpg,200,original_02,audit_only,jpg
fei_face_database,FEI Face Database/originalimages_part4/200-03.jpg,200,original_03,audit_only,jpg
fei_face_database,FEI Face Database/originalimages_part4/200-04.jpg,200,original_04,audit_only,jpg
fei_face_database,FEI Face Database/originalimages_part4/200-05.jpg,200,original_05,audit_only,jpg
fei_face_database,FEI Face Database/originalimages_part4/200-06.jpg,200,original_06,audit_only,jpg
fei_face_database,FEI Face Database/originalimages_part4/200-07.jpg,200,original_07,audit_only,jpg
fei_face_database,FEI Face Database/originalimages_part4/200-08.jpg,200,original_08,audit_only,jpg
fei_face_database,FEI Face Database/originalimages_part4/200-09.jpg,200,original_09,audit_only,jpg
fei_face_database,FEI Face Database/originalimages_part4/200-10.jpg,200,original_10,audit_only,jpg
fei_face_database,FEI Face Database/originalimages_part4/200-11.jpg,200,original_11,audit_only,jpg
fei_face_database,FEI Face Database/originalimages_part4/200-12.jpg,200,original_12,audit_only,jpg
fei_face_database,FEI Face Database/originalimages_part4/200-13.jpg,200,original_13,audit_only,jpg
fei_face_database,FEI Face Database/originalimages_part4/200-14.jpg,200,original_14,audit_only,jpg
