source,media_type,relative_path,identity_id,contract_label,training_role,split_group,is_smile_subtype,frames_sampled,frames_ok,face_detection_rate,smile_detection_rate,image_width_median,image_height_median,brightness_mean,brightness_std,contrast_rms_mean,sharpness_laplacian_var_mean,edge_density_mean,lower_face_brightness_mean,lower_face_edge_density_mean,lower_face_symmetry_mad_mean,lower_face_dark_ratio_mean,face_area_pct_mean,face_area_pct_std,face_center_x_pct_mean,face_center_y_pct_mean,smile_area_pct_mean,smile_area_pct_std,smile_to_face_width_ratio_mean,smile_to_face_width_ratio_std,duration_ms,extraction_status,extractor_version,notes
fei_face_database,image,FEI Face Database/frontalimages_manuallyaligned_part1/100a.jpg,100,neutral,basic_expression_support,fei_subject_100,False,1,1,1.0,1.0,260.0,360.0,89.8931623931624,54.83804726288224,54.838050842285156,55.56579166484038,0.025213675213675214,75.89002308907523,0.02718029732247742,0.09979969263076782,0.2519949771134605,0.4756517094017094,0.0,0.5096153846153846,0.5597222222222222,0.057777777777777775,0.0,0.4928909952606635,0.0,,ok,phase3-opencv-v1,Aggregated from Phase 3 frame features.
fei_face_database,image,FEI Face Database/frontalimages_manuallyaligned_part1/100b.jpg,100,generic_smile,basic_expression_support,fei_subject_100,False,1,1,1.0,1.0,260.0,360.0,88.59383547008547,54.72495347198928,54.724952697753906,38.693081012925525,0.02331196581196581,72.23274391512378,0.03286873309756605,0.08118695765733719,0.2534220927813605,0.4666773504273504,0.0,0.5134615384615384,0.5541666666666667,0.16641025641025642,0.0,0.84688995215311,0.0,,ok,phase3-opencv-v1,Aggregated from Phase 3 frame features.
fei_face_database,image,FEI Face Database/frontalimages_manuallyaligned_part1/10a.jpg,10,neutral,basic_expression_support,fei_subject_10,False,1,1,1.0,1.0,260.0,360.0,74.45732905982906,51.47339010199905,51.473392486572266,78.02229980230477,0.021794871794871794,87.47632910515007,0.018610937824911623,0.07825582474470139,0.2538296250086643,0.5602670940170941,0.0,0.5173076923076924,0.5486111111111112,0.057777777777777775,0.0,0.45414847161572053,0.0,,ok,phase3-opencv-v1,Aggregated from Phase 3 frame features.
fei_face_database,image,FEI Face Database/frontalimages_manuallyaligned_part1/10b.jpg,10,generic_smile,basic_expression_support,fei_subject_10,False,1,1,1.0,1.0,260.0,360.0,76.92476495726496,52.226157013899474,52.226158142089844,58.33652332061782,0.023333333333333334,84.75114695340501,0.025053763440860216,0.10607944428920746,0.25129032258064515,0.5408653846153846,0.0,0.49423076923076925,0.5430555555555555,0.16641025641025642,0.0,0.7866666666666666,0.0,,ok,phase3-opencv-v1,Aggregated from Phase 3 frame features.
fei_face_database,image,FEI Face Database/frontalimages_manuallyaligned_part1/11a.jpg,11,neutral,basic_expression_support,fei_subject_11,False,1,1,1.0,1.0,260.0,360.0,75.91058760683761,55.71315852832009,55.713157653808594,44.4268176633611,0.023675213675213674,85.77781809385583,0.02064183196258668,0.052639517933130264,0.2504434768585712,0.4801709401709402,0.0,0.5115384615384615,0.5527777777777778,0.057777777777777775,0.0,0.49056603773584906,0.0,,ok,phase3-opencv-v1,Aggregated from Phase 3 frame features.
fei_face_database,image,FEI Face Database/frontalimages_manuallyaligned_part1/11b.jpg,11,generic_smile,basic_expression_support,fei_subject_11,False,1,1,1.0,1.0,260.0,360.0,76.24941239316239,54.72859399548918,54.72859191894531,27.611476680181166,0.02108974358974359,83.22236810694676,0.02076867987586536,0.06284260749816895,0.25065648126044404,0.48471153846153847,0.0,0.5019230769230769,0.5486111111111112,0.057777777777777775,0.0,0.48826291079812206,0.0,,ok,phase3-opencv-v1,Aggregated from Phase 3 frame features.
fei_face_database,image,FEI Face Database/frontalimages_manuallyaligned_part1/12a.jpg,12,neutral,basic_expression_support,fei_subject_12,False,1,1,1.0,1.0,260.0,360.0,81.28458333333333,51.520954428585384,51.520957946777344,59.194882806907,0.023482905982905984,73.4126058249281,0.023737189613966866,0.10130064934492111,0.2585571353343865,0.4756517094017094,0.0,0.5134615384615384,0.5430555555555555,0.057777777777777775,0.0,0.4928909952606635,0.0,,ok,phase3-opencv-v1,Aggregated from Phase 3 frame features.
fei_face_database,image,FEI Face Database/frontalimages_manuallyaligned_part1/12b.jpg,12,generic_smile,basic_expression_support,fei_subject_12,False,1,1,1.0,1.0,260.0,360.0,80.92569444444445,51.350655190693274,51.35065460205078,63.17937934187578,0.02519230769230769,74.55871511321749,0.02774739741564386,0.10275755077600479,0.2640256005184915,0.4756517094017094,0.0,0.5134615384615384,0.5430555555555555,0.057777777777777775,0.0,0.4928909952606635,0.0,,ok,phase3-opencv-v1,Aggregated from Phase 3 frame features.
fei_face_database,image,FEI Face Database/frontalimages_manuallyaligned_part1/13a.jpg,13,neutral,basic_expression_support,fei_subject_13,False,1,1,1.0,1.0,260.0,360.0,71.10185897435898,55.7249060917771,55.72490310668945,63.87670094190592,0.026047008547008546,82.44864612511671,0.027155306567071272,0.11140891909599304,0.25128384687208216,0.49846153846153846,0.0,0.5192307692307693,0.5555555555555556,0.057777777777777775,0.0,0.48148148148148145,0.0,,ok,phase3-opencv-v1,Aggregated from Phase 3 frame features.
fei_face_database,image,FEI Face Database/frontalimages_manuallyaligned_part1/13b.jpg,13,generic_smile,basic_expression_support,fei_subject_13,False,1,1,1.0,1.0,260.0,360.0,72.5721047008547,56.64213037475504,56.64213180541992,74.17904671166174,0.027841880341880343,80.25155617802676,0.03283535636476813,0.09753330796957016,0.2511671335200747,0.49846153846153846,0.0,0.5115384615384615,0.5555555555555556,0.057777777777777775,0.0,0.48148148148148145,0.0,,ok,phase3-opencv-v1,Aggregated from Phase 3 frame features.
fei_face_database,image,FEI Face Database/frontalimages_manuallyaligned_part1/14a.jpg,14,neutral,basic_expression_support,fei_subject_14,False,1,1,1.0,1.0,260.0,360.0,83.81803418803419,53.6790351209874,53.67903518676758,53.53162498618873,0.0252991452991453,98.93662659654395,0.027498121712997745,0.1243007555603981,0.2584898572501878,0.5170940170940171,0.0,0.5038461538461538,0.55,0.057777777777777775,0.0,0.4727272727272727,0.0,,ok,phase3-opencv-v1,Aggregated from Phase 3 frame features.
fei_face_database,image,FEI Face Database/frontalimages_manuallyaligned_part1/14b.jpg,14,generic_smile,basic_expression_support,fei_subject_14,False,1,1,1.0,1.0,260.0,360.0,88.97654914529915,55.28884772685534,55.288848876953125,51.188173487836956,0.026858974358974358,100.02629601803156,0.030879038317054845,0.14097729325294495,0.2588279489105935,0.5170940170940171,0.0,0.5076923076923077,0.5416666666666666,0.057777777777777775,0.0,0.4727272727272727,0.0,,ok,phase3-opencv-v1,Aggregated from Phase 3 frame features.
fei_face_database,image,FEI Face Database/frontalimages_manuallyaligned_part1/15a.jpg,15,neutral,basic_expression_support,fei_subject_15,False,1,1,1.0,1.0,260.0,360.0,108.39143162393162,48.53382166475612,48.5338249206543,49.99413946919059,0.024145299145299146,107.23657474600871,0.018303499435574907,0.10753294080495834,0.2543138203515562,0.4801709401709402,0.0,0.5115384615384615,0.5527777777777778,0.057777777777777775,0.0,0.49056603773584906,0.0,,ok,phase3-opencv-v1,Aggregated from Phase 3 frame features.
fei_face_database,image,FEI Face Database/frontalimages_manuallyaligned_part1/15b.jpg,15,generic_smile,basic_expression_support,fei_subject_15,False,1,1,1.0,1.0,260.0,360.0,108.40360042735043,48.35605414092074,48.35605239868164,52.19234371290361,0.023814102564102563,101.63111658456486,0.02200328407224959,0.10343346744775772,0.25513136288998356,0.47115384615384615,0.0,0.5038461538461538,0.5472222222222223,0.16641025641025642,0.0,0.8428571428571429,0.0,,ok,phase3-opencv-v1,Aggregated from Phase 3 frame features.
fei_face_database,image,FEI Face Database/frontalimages_manuallyaligned_part1/16a.jpg,16,neutral,basic_expression_support,fei_subject_16,False,1,1,1.0,0.0,260.0,360.0,90.3822435897436,57.0000684218406,57.00006866455078,50.753802231262334,0.014786324786324787,65.52995249824068,0.014646375791695988,0.08367065340280533,0.27036418015482055,0.440267094017094,0.0,0.5173076923076924,0.5458333333333333,,,,,,ok,phase3-opencv-v1,Aggregated from Phase 3 frame features.
fei_face_database,image,FEI Face Database/frontalimages_manuallyaligned_part1/16b.jpg,16,generic_smile,basic_expression_support,fei_subject_16,False,1,1,1.0,1.0,260.0,360.0,90.62521367521367,57.29948580635163,57.29948806762695,47.95556623646267,0.015395299145299145,65.15566587524282,0.018648823656378155,0.0864994078874588,0.25763004532700196,0.44898504273504275,0.0,0.5134615384615384,0.5458333333333333,0.057777777777777775,0.0,0.5073170731707317,0.0,,ok,phase3-opencv-v1,Aggregated from Phase 3 frame features.
fei_face_database,image,FEI Face Database/frontalimages_manuallyaligned_part1/17a.jpg,17,neutral,basic_expression_support,fei_subject_17,False,1,1,1.0,1.0,260.0,360.0,87.52978632478633,49.854583942956374,49.854583740234375,56.12200597879685,0.023536324786324787,99.2725778842862,0.018212940773707633,0.12669794261455536,0.25272167066073264,0.5651709401709402,0.0,0.5,0.5722222222222222,0.057777777777777775,0.0,0.45217391304347826,0.0,,ok,phase3-opencv-v1,Aggregated from Phase 3 frame features.
fei_face_database,image,FEI Face Database/frontalimages_manuallyaligned_part1/17b.jpg,17,generic_smile,basic_expression_support,fei_subject_17,False,1,1,1.0,1.0,260.0,360.0,88.75636752136752,49.77638631588624,49.77638626098633,58.17105264617119,0.02357905982905983,94.86295526632397,0.022567355718400232,0.11235051602125168,0.2578657625141274,0.531292735042735,0.0,0.5057692307692307,0.5652777777777778,0.057777777777777775,0.0,0.4663677130044843,0.0,,ok,phase3-opencv-v1,Aggregated from Phase 3 frame features.
fei_face_database,image,FEI Face Database/frontalimages_manuallyaligned_part1/18a.jpg,18,neutral,basic_expression_support,fei_subject_18,False,1,1,1.0,1.0,260.0,360.0,77.01601495726496,46.00488721176586,46.00489044189453,51.16262149170867,0.028173076923076922,87.30993622400845,0.020566813842031774,0.09588828682899475,0.2640854371863089,0.5124038461538462,0.0,0.5096153846153846,0.5513888888888889,0.057777777777777775,0.0,0.4748858447488584,0.0,,ok,phase3-opencv-v1,Aggregated from Phase 3 frame features.
fei_face_database,image,FEI Face Database/frontalimages_manuallyaligned_part1/18b.jpg,18,generic_smile,basic_expression_support,fei_subject_18,False,1,1,1.0,1.0,260.0,360.0,75.75524572649573,45.96720773797277,45.96720886230469,43.995055354207764,0.028707264957264958,82.48762838468721,0.027038593215063803,0.08459200710058212,0.26365546218487396,0.49846153846153846,0.0,0.5115384615384615,0.5472222222222223,0.057777777777777775,0.0,0.48148148148148145,0.0,,ok,phase3-opencv-v1,Aggregated from Phase 3 frame features.
fei_face_database,image,FEI Face Database/frontalimages_manuallyaligned_part1/19a.jpg,19,neutral,basic_expression_support,fei_subject_19,False,1,1,1.0,1.0,260.0,360.0,80.56478632478633,56.78216125615645,56.78215789794922,55.54096105620846,0.020566239316239316,90.22487039170507,0.016921082949308757,0.11611152440309525,0.2627448156682028,0.5360683760683761,0.0,0.5115384615384615,0.5527777777777778,0.057777777777777775,0.0,0.4642857142857143,0.0,,ok,phase3-opencv-v1,Aggregated from Phase 3 frame features.
fei_face_database,image,FEI Face Database/frontalimages_manuallyaligned_part1/19b.jpg,19,generic_smile,basic_expression_support,fei_subject_19,False,1,1,1.0,1.0,260.0,360.0,82.66976495726496,57.080134706830215,57.08013153076172,32.81944948943951,0.02001068376068376,89.70785840707964,0.017628318584070796,0.11554398387670517,0.2575221238938053,0.5456837606837607,0.0,0.5115384615384615,0.55,0.057777777777777775,0.0,0.46017699115044247,0.0,,ok,phase3-opencv-v1,Aggregated from Phase 3 frame features.
fei_face_database,image,FEI Face Database/frontalimages_manuallyaligned_part1/1a.jpg,1,neutral,basic_expression_support,fei_subject_1,False,1,1,1.0,0.0,260.0,360.0,87.52982905982905,53.66682659608127,53.666831970214844,63.70311823316166,0.025833333333333333,98.56693425076453,0.016704892966360855,0.09200485795736313,0.2552752293577982,0.5077350427350428,0.0,0.5192307692307693,0.5583333333333333,,,,,,ok,phase3-opencv-v1,Aggregated from Phase 3 frame features.
fei_face_database,image,FEI Face Database/frontalimages_manuallyaligned_part1/1b.jpg,1,generic_smile,basic_expression_support,fei_subject_1,False,1,1,1.0,1.0,260.0,360.0,86.16887820512821,53.83620889579328,53.83620834350586,50.84914983563446,0.024615384615384615,97.08669656203288,0.01666119800211455,0.09908358752727509,0.25954281964344306,0.531292735042735,0.0,0.5057692307692307,0.5541666666666667,0.057777777777777775,0.0,0.4663677130044843,0.0,,ok,phase3-opencv-v1,Aggregated from Phase 3 frame features.
fei_face_database,image,FEI Face Database/frontalimages_manuallyaligned_part1/20a.jpg,20,neutral,basic_expression_support,fei_subject_20,False,1,1,1.0,0.0,260.0,360.0,83.14924145299145,49.306677249974506,49.30667495727539,51.39712732805538,0.0202991452991453,80.68118279569893,0.016594982078853047,0.08893246948719025,0.26150537634408605,0.5408653846153846,0.0,0.5096153846153846,0.5513888888888889,,,,,,ok,phase3-opencv-v1,Aggregated from Phase 3 frame features.
fei_face_database,image,FEI Face Database/frontalimages_manuallyaligned_part1/20b.jpg,20,generic_smile,basic_expression_support,fei_subject_20,False,1,1,1.0,1.0,260.0,360.0,82.24590811965813,49.62860257680646,49.62860107421875,57.268775320398674,0.02139957264957265,78.67526166216122,0.019615997781936647,0.09064709395170212,0.2541068829278436,0.5602670940170941,0.0,0.5096153846153846,0.5513888888888889,0.057777777777777775,0.0,0.45414847161572053,0.0,,ok,phase3-opencv-v1,Aggregated from Phase 3 frame features.
fei_face_database,image,FEI Face Database/frontalimages_manuallyaligned_part1/21a.jpg,21,neutral,basic_expression_support,fei_subject_21,False,1,1,1.0,0.0,260.0,360.0,73.99570512820513,51.50810743103192,51.50811004638672,53.89122095067207,0.0366025641025641,75.6063709204612,0.032362712526871215,0.06553112715482712,0.2512018760992769,0.49385683760683763,0.0,0.5211538461538462,0.5541666666666667,,,,,,ok,phase3-opencv-v1,Aggregated from Phase 3 frame features.
fei_face_database,image,FEI Face Database/frontalimages_manuallyaligned_part1/21b.jpg,21,generic_smile,basic_expression_support,fei_subject_21,False,1,1,1.0,1.0,260.0,360.0,72.56003205128205,50.50327977416606,50.50327682495117,39.183173074069515,0.03208333333333333,73.86957201485245,0.03580222786789134,0.07462006062269211,0.25475864764510453,0.49385683760683763,0.0,0.5134615384615384,0.5513888888888889,0.057777777777777775,0.0,0.48372093023255813,0.0,,ok,phase3-opencv-v1,Aggregated from Phase 3 frame features.
fei_face_database,image,FEI Face Database/frontalimages_manuallyaligned_part1/22a.jpg,22,neutral,basic_expression_support,fei_subject_22,False,1,1,1.0,1.0,260.0,360.0,92.75121794871795,52.17064198635797,52.1706428527832,74.6010788059756,0.025405982905982907,85.28289473684211,0.016534391534391533,0.08119181543588638,0.2580757449178502,0.5553846153846154,0.0,0.5115384615384615,0.5555555555555556,0.057777777777777775,0.0,0.45614035087719296,0.0,,ok,phase3-opencv-v1,Aggregated from Phase 3 frame features.
fei_face_database,image,FEI Face Database/frontalimages_manuallyaligned_part1/22b.jpg,22,generic_smile,basic_expression_support,fei_subject_22,False,1,1,1.0,1.0,260.0,360.0,95.67753205128206,53.922562784446384,53.92256546020508,74.65502220578567,0.02827991452991453,82.84583813364056,0.030997983870967742,0.11639898270368576,0.2527721774193548,0.5360683760683761,0.0,0.5,0.55,0.057777777777777775,0.0,0.4642857142857143,0.0,,ok,phase3-opencv-v1,Aggregated from Phase 3 frame features.
fei_face_database,image,FEI Face Database/frontalimages_manuallyaligned_part1/23a.jpg,23,neutral,basic_expression_support,fei_subject_23,False,1,1,1.0,0.0,260.0,360.0,90.1294123931624,45.55871826692234,45.55872344970703,62.539902841697696,0.024006410256410256,82.08151955959022,0.01753618433045317,0.07311701774597168,0.25655328302161945,0.531292735042735,0.0,0.5096153846153846,0.5541666666666667,,,,,,ok,phase3-opencv-v1,Aggregated from Phase 3 frame features.
fei_face_database,image,FEI Face Database/frontalimages_manuallyaligned_part1/23b.jpg,23,generic_smile,basic_expression_support,fei_subject_23,False,1,1,1.0,1.0,260.0,360.0,88.48978632478632,45.22062868789754,45.22062683105469,53.79804045401418,0.024615384615384615,79.87062555066079,0.024881057268722466,0.0734039917588234,0.2505726872246696,0.5505235042735043,0.0,0.5057692307692307,0.5708333333333333,0.057777777777777775,0.0,0.4581497797356828,0.0,,ok,phase3-opencv-v1,Aggregated from Phase 3 frame features.
fei_face_database,image,FEI Face Database/frontalimages_manuallyaligned_part1/24a.jpg,24,neutral,basic_expression_support,fei_subject_24,False,1,1,1.0,0.0,260.0,360.0,99.76957264957265,50.84790671120482,50.847904205322266,81.3170298031266,0.03510683760683761,92.28707976268952,0.025232549622793525,0.11474975943565369,0.25056764081154326,0.5265384615384615,0.0,0.5115384615384615,0.5444444444444444,,,,,,ok,phase3-opencv-v1,Aggregated from Phase 3 frame features.
fei_face_database,image,FEI Face Database/frontalimages_manuallyaligned_part1/24b.jpg,24,generic_smile,basic_expression_support,fei_subject_24,False,1,1,1.0,1.0,260.0,360.0,95.98239316239317,49.88074806582302,49.8807487487793,73.38895619646706,0.03454059829059829,87.62186326070623,0.02640871525169046,0.11810138076543808,0.2528925619834711,0.5170940170940171,0.0,0.5153846153846153,0.5527777777777778,0.057777777777777775,0.0,0.4727272727272727,0.0,,ok,phase3-opencv-v1,Aggregated from Phase 3 frame features.
fei_face_database,image,FEI Face Database/frontalimages_manuallyaligned_part1/25a.jpg,25,neutral,basic_expression_support,fei_subject_25,False,1,1,1.0,0.0,260.0,360.0,82.87429487179487,50.94908940345505,50.94908905029297,61.0245341862079,0.023269230769230768,79.11885560675883,0.024116743471582183,0.09719408303499222,0.2662826420890937,0.5030876068376068,0.0,0.5019230769230769,0.5402777777777777,,,,,,ok,phase3-opencv-v1,Aggregated from Phase 3 frame features.
fei_face_database,image,FEI Face Database/frontalimages_manuallyaligned_part1/25b.jpg,25,generic_smile,basic_expression_support,fei_subject_25,False,1,1,1.0,1.0,260.0,360.0,84.1318376068376,51.792429148824645,51.79243087768555,57.96203227728467,0.02435897435897436,77.83253058103976,0.021674311926605506,0.10085117071866989,0.2662844036697248,0.5077350427350428,0.0,0.5038461538461538,0.5444444444444444,0.057777777777777775,0.0,0.47706422018348627,0.0,,ok,phase3-opencv-v1,Aggregated from Phase 3 frame features.
fei_face_database,image,FEI Face Database/frontalimages_manuallyaligned_part1/26a.jpg,26,neutral,basic_expression_support,fei_subject_26,False,1,1,1.0,0.0,260.0,360.0,88.0596688034188,49.84382379824485,49.84382247924805,81.80102194280079,0.029594017094017093,76.16822619192287,0.033215862599748854,0.08871108293533325,0.25778749949366064,0.4756517094017094,0.0,0.5211538461538462,0.5486111111111112,,,,,,ok,phase3-opencv-v1,Aggregated from Phase 3 frame features.
fei_face_database,image,FEI Face Database/frontalimages_manuallyaligned_part1/26b.jpg,26,generic_smile,basic_expression_support,fei_subject_26,False,1,1,1.0,1.0,260.0,360.0,85.43885683760683,49.5490713426135,49.549068450927734,76.74563102491052,0.03317307692307692,75.84059633027523,0.043310397553516816,0.09413863718509674,0.2515290519877676,0.5077350427350428,0.0,0.5153846153846153,0.5527777777777778,0.057777777777777775,0.0,0.47706422018348627,0.0,,ok,phase3-opencv-v1,Aggregated from Phase 3 frame features.
fei_face_database,image,FEI Face Database/frontalimages_manuallyaligned_part1/27a.jpg,27,neutral,basic_expression_support,fei_subject_27,False,1,1,1.0,0.0,260.0,360.0,93.30397435897436,51.46761276464695,51.467613220214844,49.08196836876325,0.02811965811965812,106.1353386247311,0.018655886061864847,0.09556090831756592,0.2603293524219272,0.5218055555555555,0.0,0.5134615384615384,0.5458333333333333,,,,,,ok,phase3-opencv-v1,Aggregated from Phase 3 frame features.
fei_face_database,image,FEI Face Database/frontalimages_manuallyaligned_part1/27b.jpg,27,generic_smile,basic_expression_support,fei_subject_27,False,1,1,1.0,1.0,260.0,360.0,88.11516025641026,50.27400282362859,50.27400207519531,39.52485131754968,0.02651709401709402,100.75903657834101,0.023617511520737326,0.09436415880918503,0.2590725806451613,0.5360683760683761,0.0,0.5115384615384615,0.5583333333333333,0.057777777777777775,0.0,0.4642857142857143,0.0,,ok,phase3-opencv-v1,Aggregated from Phase 3 frame features.
fei_face_database,image,FEI Face Database/frontalimages_manuallyaligned_part1/28a.jpg,28,neutral,basic_expression_support,fei_subject_28,False,1,1,1.0,1.0,260.0,360.0,83.35139957264957,61.16053584141261,61.16053009033203,36.0168770407581,0.02405982905982906,97.01332565284179,0.02227342549923195,0.10358478128910065,0.25042242703533024,0.5030876068376068,0.0,0.5173076923076924,0.5569444444444445,0.057777777777777775,0.0,0.4792626728110599,0.0,,ok,phase3-opencv-v1,Aggregated from Phase 3 frame features.
fei_face_database,image,FEI Face Database/frontalimages_manuallyaligned_part1/28b.jpg,28,generic_smile,basic_expression_support,fei_subject_28,False,1,1,1.0,1.0,260.0,360.0,85.73514957264958,61.884246642067644,61.884246826171875,20.008339861270912,0.022307692307692306,97.01440280098672,0.030237924723482135,0.1150018498301506,0.2585740431288295,0.48471153846153847,0.0,0.5134615384615384,0.5541666666666667,0.057777777777777775,0.0,0.48826291079812206,0.0,,ok,phase3-opencv-v1,Aggregated from Phase 3 frame features.
fei_face_database,image,FEI Face Database/frontalimages_manuallyaligned_part1/29a.jpg,29,neutral,basic_expression_support,fei_subject_29,False,1,1,1.0,0.0,260.0,360.0,83.57934829059829,47.344747933009764,47.344749450683594,48.00576468286581,0.024743589743589745,94.49430837004405,0.02234361233480176,0.08139566332101822,0.2593127753303965,0.5505235042735043,0.0,0.5173076923076924,0.5708333333333333,,,,,,ok,phase3-opencv-v1,Aggregated from Phase 3 frame features.
fei_face_database,image,FEI Face Database/frontalimages_manuallyaligned_part1/29b.jpg,29,generic_smile,basic_expression_support,fei_subject_29,False,1,1,1.0,1.0,260.0,360.0,86.39339743589744,48.94012261636961,48.940120697021484,74.38768096544216,0.03048076923076923,90.59655913978494,0.033010752688172045,0.07760091871023178,0.2527598566308244,0.5408653846153846,0.0,0.5096153846153846,0.5597222222222222,0.16641025641025642,0.0,0.7866666666666666,0.0,,ok,phase3-opencv-v1,Aggregated from Phase 3 frame features.
fei_face_database,image,FEI Face Database/frontalimages_manuallyaligned_part1/2a.jpg,2,neutral,basic_expression_support,fei_subject_2,False,1,1,1.0,0.0,260.0,360.0,86.99719017094017,48.82827315397174,48.82827377319336,128.2625145955466,0.050373931623931625,89.20109133523768,0.05485973778656705,0.0939076840877533,0.25430308357137626,0.5265384615384615,0.0,0.5076923076923077,0.5472222222222223,,,,,,ok,phase3-opencv-v1,Aggregated from Phase 3 frame features.
fei_face_database,image,FEI Face Database/frontalimages_manuallyaligned_part1/2b.jpg,2,generic_smile,basic_expression_support,fei_subject_2,False,1,1,1.0,1.0,260.0,360.0,88.25784188034189,50.47548267127393,50.47548294067383,146.9259615343524,0.05597222222222222,86.02065870484385,0.05381648245679104,0.08727185428142548,0.2535791113418886,0.5218055555555555,0.0,0.5134615384615384,0.5458333333333333,0.057777777777777775,0.0,0.47058823529411764,0.0,,ok,phase3-opencv-v1,Aggregated from Phase 3 frame features.
fei_face_database,image,FEI Face Database/frontalimages_manuallyaligned_part1/30a.jpg,30,neutral,basic_expression_support,fei_subject_30,False,1,1,1.0,0.0,260.0,360.0,104.26021367521368,38.00530443124496,38.00530242919922,98.14669575925468,0.03344017094017094,99.86394074675324,0.011465097402597402,0.08071105182170868,0.25625676406926406,0.5700961538461539,0.0,0.5173076923076924,0.5569444444444445,,,,,,ok,phase3-opencv-v1,Aggregated from Phase 3 frame features.
fei_face_database,image,FEI Face Database/frontalimages_manuallyaligned_part1/30b.jpg,30,generic_smile,basic_expression_support,fei_subject_30,False,1,1,1.0,1.0,260.0,360.0,102.50549145299145,37.4395651446436,37.4395637512207,90.39277905058348,0.03791666666666667,98.91089767972613,0.022473690883732723,0.08272042870521545,0.26340813997717766,0.610267094017094,0.0,0.5096153846153846,0.5652777777777778,0.16641025641025642,0.0,0.7405857740585774,0.0,,ok,phase3-opencv-v1,Aggregated from Phase 3 frame features.
fei_face_database,image,FEI Face Database/frontalimages_manuallyaligned_part1/31a.jpg,31,neutral,basic_expression_support,fei_subject_31,False,1,1,1.0,0.0,260.0,360.0,84.69898504273505,37.156323141522115,37.15632247924805,54.20604637836494,0.02433760683760684,98.0320463742754,0.012505012942506107,0.0870710015296936,0.2536366619271574,0.531292735042735,0.0,0.5096153846153846,0.5597222222222222,,,,,,ok,phase3-opencv-v1,Aggregated from Phase 3 frame features.
fei_face_database,image,FEI Face Database/frontalimages_manuallyaligned_part1/31b.jpg,31,generic_smile,basic_expression_support,fei_subject_31,False,1,1,1.0,1.0,260.0,360.0,82.28236111111111,36.84546361317223,36.845462799072266,37.28093012535156,0.019754273504273504,92.7285176309483,0.0124957206436152,0.08570151031017303,0.25662444368367,0.5651709401709402,0.0,0.5115384615384615,0.5722222222222222,0.057777777777777775,0.0,0.45217391304347826,0.0,,ok,phase3-opencv-v1,Aggregated from Phase 3 frame features.
fei_face_database,image,FEI Face Database/frontalimages_manuallyaligned_part1/32a.jpg,32,neutral,basic_expression_support,fei_subject_32,False,1,1,1.0,0.0,260.0,360.0,92.05819444444444,54.58388764788619,54.583885192871094,37.10147762984878,0.0234508547008547,92.5547619047619,0.020929339477726575,0.09171992540359497,0.25049923195084484,0.5030876068376068,0.0,0.5134615384615384,0.5402777777777777,,,,,,ok,phase3-opencv-v1,Aggregated from Phase 3 frame features.
fei_face_database,image,FEI Face Database/frontalimages_manuallyaligned_part1/32b.jpg,32,generic_smile,basic_expression_support,fei_subject_32,False,1,1,1.0,1.0,260.0,360.0,87.5836752136752,53.827440204522425,53.82744216918945,46.43228302606107,0.025673076923076923,87.93403524661308,0.02517076116079852,0.09948991984128952,0.25189629797350843,0.5124038461538462,0.0,0.5096153846153846,0.5513888888888889,0.057777777777777775,0.0,0.4748858447488584,0.0,,ok,phase3-opencv-v1,Aggregated from Phase 3 frame features.
fei_face_database,image,FEI Face Database/frontalimages_manuallyaligned_part1/33a.jpg,33,neutral,basic_expression_support,fei_subject_33,False,1,1,1.0,0.0,260.0,360.0,80.00213675213675,48.328750619687355,48.32875061035156,55.9010568540434,0.02159188034188034,82.36447359703173,0.015172596567945406,0.12958818674087524,0.2511760418737163,0.585,0.0,0.49615384615384617,0.5527777777777778,,,,,,ok,phase3-opencv-v1,Aggregated from Phase 3 frame features.
fei_face_database,image,FEI Face Database/frontalimages_manuallyaligned_part1/33b.jpg,33,generic_smile,basic_expression_support,fei_subject_33,False,1,1,1.0,1.0,260.0,360.0,79.40104700854701,48.26321499838874,48.263214111328125,29.40075719510191,0.014284188034188034,80.45355462797323,0.012886768700722188,0.10453592985868454,0.2564102564102564,0.585,0.0,0.5,0.5666666666666667,0.057777777777777775,0.0,0.4444444444444444,0.0,,ok,phase3-opencv-v1,Aggregated from Phase 3 frame features.
fei_face_database,image,FEI Face Database/frontalimages_manuallyaligned_part1/34a.jpg,34,neutral,basic_expression_support,fei_subject_34,False,1,1,1.0,0.0,260.0,360.0,84.49626068376068,56.48394661612938,56.48394775390625,59.48974883562989,0.029604700854700856,96.72273047149895,0.016713581984517945,0.14458633959293365,0.25633356790992257,0.440267094017094,0.0,0.5326923076923077,0.5430555555555555,,,,,,ok,phase3-opencv-v1,Aggregated from Phase 3 frame features.
fei_face_database,image,FEI Face Database/frontalimages_manuallyaligned_part1/34b.jpg,34,generic_smile,basic_expression_support,fei_subject_34,False,1,1,1.0,0.0,260.0,360.0,84.24449786324786,56.348291867951886,56.348289489746094,59.098224835634454,0.03201923076923077,89.49838735687793,0.022133526850507984,0.1275942176580429,0.2513707466537655,0.4801709401709402,0.0,0.5230769230769231,0.5583333333333333,,,,,,ok,phase3-opencv-v1,Aggregated from Phase 3 frame features.
fei_face_database,image,FEI Face Database/frontalimages_manuallyaligned_part1/35a.jpg,35,neutral,basic_expression_support,fei_subject_35,False,1,1,1.0,0.0,260.0,360.0,77.91893162393163,48.99637598376368,48.996376037597656,40.941130763637766,0.023878205128205127,93.3661709418771,0.019296669660977477,0.10100581496953964,0.25491566024553347,0.5800106837606838,0.0,0.5134615384615384,0.5458333333333333,,,,,,ok,phase3-opencv-v1,Aggregated from Phase 3 frame features.
fei_face_database,image,FEI Face Database/frontalimages_manuallyaligned_part1/35b.jpg,35,generic_smile,basic_expression_support,fei_subject_35,False,1,1,1.0,1.0,260.0,360.0,79.15694444444445,50.454523875986276,50.454524993896484,46.54768799720578,0.026282051282051282,89.22543649435124,0.024649092776446422,0.09826690703630447,0.25368024649092774,0.5651709401709402,0.0,0.5,0.5472222222222223,0.057777777777777775,0.0,0.45217391304347826,0.0,,ok,phase3-opencv-v1,Aggregated from Phase 3 frame features.
fei_face_database,image,FEI Face Database/frontalimages_manuallyaligned_part1/36a.jpg,36,neutral,basic_expression_support,fei_subject_36,False,1,1,1.0,1.0,260.0,360.0,101.64938034188035,53.17305035263689,53.17304992675781,80.63565088472042,0.03176282051282051,104.19009030801483,0.02943073697790679,0.09042975306510925,0.2553620383809063,0.4801709401709402,0.0,0.5192307692307693,0.5416666666666666,0.057777777777777775,0.0,0.49056603773584906,0.0,,ok,phase3-opencv-v1,Aggregated from Phase 3 frame features.
fei_face_database,image,FEI Face Database/frontalimages_manuallyaligned_part1/36b.jpg,36,generic_smile,basic_expression_support,fei_subject_36,False,1,1,1.0,1.0,260.0,360.0,98.94107905982906,53.26945915177673,53.26945495605469,96.05991209684784,0.03248931623931624,100.7127752257247,0.03726437509900206,0.0852554440498352,0.2526136543640108,0.4892735042735043,0.0,0.5115384615384615,0.55,0.16641025641025642,0.0,0.8271028037383178,0.0,,ok,phase3-opencv-v1,Aggregated from Phase 3 frame features.
fei_face_database,image,FEI Face Database/frontalimages_manuallyaligned_part1/37a.jpg,37,neutral,basic_expression_support,fei_subject_37,False,1,1,1.0,1.0,260.0,360.0,84.83813034188034,69.58224308318384,69.58223724365234,61.79710496749213,0.03637820512820513,97.70705021086974,0.033500437654173626,0.09194742888212204,0.2526856051563619,0.48471153846153847,0.0,0.5173076923076924,0.5513888888888889,0.057777777777777775,0.0,0.48826291079812206,0.0,,ok,phase3-opencv-v1,Aggregated from Phase 3 frame features.
fei_face_database,image,FEI Face Database/frontalimages_manuallyaligned_part1/37b.jpg,37,generic_smile,basic_expression_support,fei_subject_37,False,1,1,1.0,1.0,260.0,360.0,82.95543803418803,69.3259956000677,69.32599639892578,74.73551523931167,0.04161324786324786,94.83438155136268,0.04934687953555878,0.09002722054719925,0.25302370585389455,0.4801709401709402,0.0,0.5153846153846153,0.5527777777777778,0.057777777777777775,0.0,0.49056603773584906,0.0,,ok,phase3-opencv-v1,Aggregated from Phase 3 frame features.
fei_face_database,image,FEI Face Database/frontalimages_manuallyaligned_part1/38a.jpg,38,neutral,basic_expression_support,fei_subject_38,False,1,1,1.0,0.0,260.0,360.0,72.12865384615385,42.498531994554156,42.498531341552734,30.26652743980112,0.015587606837606838,95.07702841492639,0.013248887367339953,0.09452041238546371,0.2615884970900377,0.5651709401709402,0.0,0.5038461538461538,0.5472222222222223,,,,,,ok,phase3-opencv-v1,Aggregated from Phase 3 frame features.
fei_face_database,image,FEI Face Database/frontalimages_manuallyaligned_part1/38b.jpg,38,generic_smile,basic_expression_support,fei_subject_38,False,1,1,1.0,1.0,260.0,360.0,71.87682692307692,42.849088060586425,42.84908676147461,61.68978336438016,0.023226495726495728,91.96964025784986,0.022527205933319472,0.0822410061955452,0.2606917585083524,0.5602670940170941,0.0,0.5019230769230769,0.5541666666666667,0.16641025641025642,0.0,0.7729257641921398,0.0,,ok,phase3-opencv-v1,Aggregated from Phase 3 frame features.
fei_face_database,image,FEI Face Database/frontalimages_manuallyaligned_part1/39a.jpg,39,neutral,basic_expression_support,fei_subject_39,False,1,1,1.0,1.0,260.0,360.0,76.82463675213675,63.92904851049946,63.92905044555664,82.14932545736998,0.021773504273504274,76.72826652785008,0.021299670310602117,0.07288619130849838,0.250086760367864,0.44461538461538463,0.0,0.5153846153846153,0.5555555555555556,0.057777777777777775,0.0,0.5098039215686274,0.0,,ok,phase3-opencv-v1,Aggregated from Phase 3 frame features.
fei_face_database,image,FEI Face Database/frontalimages_manuallyaligned_part1/39b.jpg,39,generic_smile,basic_expression_support,fei_subject_39,False,1,1,1.0,1.0,260.0,360.0,75.48070512820513,63.7962663646306,63.7962646484375,66.15481748564083,0.02329059829059829,76.76954545454545,0.035272727272727275,0.08056185394525528,0.25286363636363635,0.42735042735042733,0.0,0.5,0.5472222222222223,0.057777777777777775,0.0,0.52,0.0,,ok,phase3-opencv-v1,Aggregated from Phase 3 frame features.
fei_face_database,image,FEI Face Database/frontalimages_manuallyaligned_part1/3a.jpg,3,neutral,basic_expression_support,fei_subject_3,False,1,1,1.0,1.0,260.0,360.0,90.69971153846154,44.14541152703357,44.14541244506836,54.769172316732416,0.021388888888888888,93.42549526270456,0.014311270125223614,0.0649842843413353,0.26008745776187636,0.585,0.0,0.5115384615384615,0.55,0.057777777777777775,0.0,0.4444444444444444,0.0,,ok,phase3-opencv-v1,Aggregated from Phase 3 frame features.
fei_face_database,image,FEI Face Database/frontalimages_manuallyaligned_part1/3b.jpg,3,generic_smile,basic_expression_support,fei_subject_3,False,1,1,1.0,1.0,260.0,360.0,87.68136752136752,43.86580632789681,43.865806579589844,48.350148700484866,0.018194444444444444,90.06885470938758,0.015786353851433562,0.06347830593585968,0.2504601753346021,0.6205235042735042,0.0,0.5057692307692307,0.5708333333333333,0.16641025641025642,0.0,0.7344398340248963,0.0,,ok,phase3-opencv-v1,Aggregated from Phase 3 frame features.
fei_face_database,image,FEI Face Database/frontalimages_manuallyaligned_part1/40a.jpg,40,neutral,basic_expression_support,fei_subject_40,False,1,1,1.0,0.0,260.0,360.0,68.13726495726496,51.690536299664096,51.69053649902344,48.012193045511,0.016784188034188033,79.29741170778907,0.011490082244799226,0.07861761748790741,0.25241896468311564,0.4801709401709402,0.0,0.5192307692307693,0.5472222222222223,,,,,,ok,phase3-opencv-v1,Aggregated from Phase 3 frame features.
fei_face_database,image,FEI Face Database/frontalimages_manuallyaligned_part1/40b.jpg,40,generic_smile,basic_expression_support,fei_subject_40,False,1,1,1.0,1.0,260.0,360.0,67.52916666666667,52.21978887510228,52.219791412353516,37.42130735946745,0.0171474358974359,80.60348583877996,0.021825396825396824,0.11735474318265915,0.2535014005602241,0.49846153846153846,0.0,0.49230769230769234,0.5583333333333333,0.057777777777777775,0.0,0.48148148148148145,0.0,,ok,phase3-opencv-v1,Aggregated from Phase 3 frame features.
fei_face_database,image,FEI Face Database/frontalimages_manuallyaligned_part1/41a.jpg,41,neutral,basic_expression_support,fei_subject_41,False,1,1,1.0,0.0,260.0,360.0,86.87561965811966,51.292007379157475,51.29201126098633,78.05857321754694,0.031773504273504276,90.17025154939847,0.02677522582735853,0.09609806537628174,0.26362052902337263,0.4756517094017094,0.0,0.5173076923076924,0.5486111111111112,,,,,,ok,phase3-opencv-v1,Aggregated from Phase 3 frame features.
fei_face_database,image,FEI Face Database/frontalimages_manuallyaligned_part1/41b.jpg,41,generic_smile,basic_expression_support,fei_subject_41,False,1,1,1.0,1.0,260.0,360.0,92.38463675213676,52.57437368380264,52.57437515258789,65.01284319343999,0.034764957264957264,87.56680658957707,0.04233328053223507,0.10905445367097855,0.25079201647394267,0.4892735042735043,0.0,0.5115384615384615,0.5388888888888889,0.16641025641025642,0.0,0.8271028037383178,0.0,,ok,phase3-opencv-v1,Aggregated from Phase 3 frame features.
fei_face_database,image,FEI Face Database/frontalimages_manuallyaligned_part1/42a.jpg,42,neutral,basic_expression_support,fei_subject_42,False,1,1,1.0,0.0,260.0,360.0,63.66725427350428,42.14179711960008,42.14179611206055,44.81987480264719,0.01751068376068376,83.02153303964758,0.015013215859030838,0.08099865168333054,0.25187665198237885,0.5505235042735043,0.0,0.5096153846153846,0.5458333333333333,,,,,,ok,phase3-opencv-v1,Aggregated from Phase 3 frame features.
fei_face_database,image,FEI Face Database/frontalimages_manuallyaligned_part1/42b.jpg,42,generic_smile,basic_expression_support,fei_subject_42,False,1,1,1.0,1.0,260.0,360.0,64.37955128205128,42.4345657742391,42.43456268310547,48.22004507165881,0.020074786324786324,82.6597168141593,0.023504424778761062,0.07531160861253738,0.2534867256637168,0.5456837606837607,0.0,0.5076923076923077,0.5555555555555556,0.16641025641025642,0.0,0.7831858407079646,0.0,,ok,phase3-opencv-v1,Aggregated from Phase 3 frame features.
fei_face_database,image,FEI Face Database/frontalimages_manuallyaligned_part1/43a.jpg,43,neutral,basic_expression_support,fei_subject_43,False,1,1,1.0,1.0,260.0,360.0,105.85386752136752,48.71844970727091,48.718448638916016,45.427206550880264,0.03489316239316239,94.38417190775681,0.030075794226737625,0.08025682717561722,0.2503225286244154,0.4801709401709402,0.0,0.5115384615384615,0.5527777777777778,0.057777777777777775,0.0,0.49056603773584906,0.0,,ok,phase3-opencv-v1,Aggregated from Phase 3 frame features.
fei_face_database,image,FEI Face Database/frontalimages_manuallyaligned_part1/43b.jpg,43,generic_smile,basic_expression_support,fei_subject_43,False,1,1,1.0,1.0,260.0,360.0,101.67239316239316,48.732401410809075,48.73240280151367,42.883913803852536,0.033867521367521365,87.09616397294123,0.03734759184996152,0.06783562898635864,0.25142787702029407,0.4756517094017094,0.0,0.5096153846153846,0.5486111111111112,0.16641025641025642,0.0,0.8388625592417062,0.0,,ok,phase3-opencv-v1,Aggregated from Phase 3 frame features.
fei_face_database,image,FEI Face Database/frontalimages_manuallyaligned_part1/44a.jpg,44,neutral,basic_expression_support,fei_subject_44,False,1,1,1.0,1.0,260.0,360.0,93.9817735042735,53.37935383327623,53.37935256958008,51.52554415943001,0.023504273504273504,89.61000586281024,0.018057455540355677,0.12320402264595032,0.26370920461207736,0.49385683760683763,0.0,0.5019230769230769,0.5430555555555555,0.057777777777777775,0.0,0.48372093023255813,0.0,,ok,phase3-opencv-v1,Aggregated from Phase 3 frame features.
fei_face_database,image,FEI Face Database/frontalimages_manuallyaligned_part1/44b.jpg,44,generic_smile,basic_expression_support,fei_subject_44,False,1,1,1.0,1.0,260.0,360.0,90.20936965811966,52.82509136380288,52.82509231567383,57.348071896116394,0.02465811965811966,87.75414166572324,0.02166119476206649,0.12486995756626129,0.2531038907128571,0.5124038461538462,0.0,0.5019230769230769,0.5486111111111112,0.057777777777777775,0.0,0.4748858447488584,0.0,,ok,phase3-opencv-v1,Aggregated from Phase 3 frame features.
fei_face_database,image,FEI Face Database/frontalimages_manuallyaligned_part1/45a.jpg,45,neutral,basic_expression_support,fei_subject_45,False,1,1,1.0,0.0,260.0,360.0,86.97965811965813,44.453734624948446,44.4537353515625,156.8315762463246,0.028386752136752135,89.81352354895446,0.01571233144420559,0.10337074100971222,0.2583154191909322,0.49385683760683763,0.0,0.5134615384615384,0.5569444444444445,,,,,,ok,phase3-opencv-v1,Aggregated from Phase 3 frame features.
fei_face_database,image,FEI Face Database/frontalimages_manuallyaligned_part1/45b.jpg,45,generic_smile,basic_expression_support,fei_subject_45,False,1,1,1.0,1.0,260.0,360.0,87.38774572649572,45.28085321864915,45.28084945678711,147.87980654129225,0.026175213675213676,87.74489149374307,0.020869634088389037,0.11462248861789703,0.2618802471091399,0.4892735042735043,0.0,0.5,0.5666666666666667,0.057777777777777775,0.0,0.48598130841121495,0.0,,ok,phase3-opencv-v1,Aggregated from Phase 3 frame features.
fei_face_database,image,FEI Face Database/frontalimages_manuallyaligned_part1/46a.jpg,46,neutral,basic_expression_support,fei_subject_46,False,1,1,1.0,0.0,260.0,360.0,77.88925213675213,44.41323241493761,44.41323471069336,77.62189002118487,0.034561965811965814,85.99695073657531,0.019404403611595122,0.0988464504480362,0.2535244733090448,0.4892735042735043,0.0,0.5346153846153846,0.5388888888888889,,,,,,ok,phase3-opencv-v1,Aggregated from Phase 3 frame features.
fei_face_database,image,FEI Face Database/frontalimages_manuallyaligned_part1/46b.jpg,46,generic_smile,basic_expression_support,fei_subject_46,False,1,1,1.0,1.0,260.0,360.0,76.00163461538462,43.68364990125658,43.683650970458984,64.98169937130176,0.03032051282051282,79.8191899710704,0.02492396706475781,0.08188480883836746,0.25728803501223946,0.5218055555555555,0.0,0.5173076923076924,0.5513888888888889,0.057777777777777775,0.0,0.47058823529411764,0.0,,ok,phase3-opencv-v1,Aggregated from Phase 3 frame features.
fei_face_database,image,FEI Face Database/frontalimages_manuallyaligned_part1/47a.jpg,47,neutral,basic_expression_support,fei_subject_47,False,1,1,1.0,0.0,260.0,360.0,101.90448717948718,53.49302995128892,53.4930305480957,90.53532899408285,0.033942307692307695,101.76724014336918,0.027455197132616488,0.12113038450479507,0.25551971326164874,0.5408653846153846,0.0,0.5057692307692307,0.5486111111111112,,,,,,ok,phase3-opencv-v1,Aggregated from Phase 3 frame features.
fei_face_database,image,FEI Face Database/frontalimages_manuallyaligned_part1/47b.jpg,47,generic_smile,basic_expression_support,fei_subject_47,False,1,1,1.0,1.0,260.0,360.0,101.22838675213676,54.99167971024978,54.99168395996094,107.75239186105173,0.03467948717948718,98.66267339218159,0.03352866997997181,0.12395166605710983,0.2553964839403605,0.5218055555555555,0.0,0.4980769230769231,0.5486111111111112,0.057777777777777775,0.0,0.47058823529411764,0.0,,ok,phase3-opencv-v1,Aggregated from Phase 3 frame features.
fei_face_database,image,FEI Face Database/frontalimages_manuallyaligned_part1/48a.jpg,48,neutral,basic_expression_support,fei_subject_48,False,1,1,1.0,1.0,260.0,360.0,90.32896367521367,50.85351258568182,50.853511810302734,76.3366185897436,0.029711538461538463,91.22541835283823,0.024390243902439025,0.10349459946155548,0.258740748842466,0.531292735042735,0.0,0.5019230769230769,0.5513888888888889,0.057777777777777775,0.0,0.4663677130044843,0.0,,ok,phase3-opencv-v1,Aggregated from Phase 3 frame features.
fei_face_database,image,FEI Face Database/frontalimages_manuallyaligned_part1/48b.jpg,48,generic_smile,basic_expression_support,fei_subject_48,False,1,1,1.0,1.0,260.0,360.0,92.55698717948718,52.24066636775266,52.24066925048828,60.46090501212195,0.029465811965811967,90.44265232974911,0.034121863799283156,0.13404123485088348,0.2593548387096774,0.5408653846153846,0.0,0.4980769230769231,0.5541666666666667,0.057777777777777775,0.0,0.4622222222222222,0.0,,ok,phase3-opencv-v1,Aggregated from Phase 3 frame features.
fei_face_database,image,FEI Face Database/frontalimages_manuallyaligned_part1/49a.jpg,49,neutral,basic_expression_support,fei_subject_49,False,1,1,1.0,0.0,260.0,360.0,80.2891452991453,50.46674696116381,50.46674728393555,49.2880822621037,0.02688034188034188,84.52630568356375,0.022004608294930877,0.07721102982759476,0.2513440860215054,0.5030876068376068,0.0,0.5173076923076924,0.5513888888888889,,,,,,ok,phase3-opencv-v1,Aggregated from Phase 3 frame features.
fei_face_database,image,FEI Face Database/frontalimages_manuallyaligned_part1/49b.jpg,49,generic_smile,basic_expression_support,fei_subject_49,False,1,1,1.0,1.0,260.0,360.0,79.03306623931624,50.2023012825081,50.20229721069336,37.71950834566074,0.0272008547008547,84.10941324827535,0.025331948668496404,0.09646737575531006,0.255359394703657,0.5218055555555555,0.0,0.5096153846153846,0.5597222222222222,0.057777777777777775,0.0,0.47058823529411764,0.0,,ok,phase3-opencv-v1,Aggregated from Phase 3 frame features.
fei_face_database,image,FEI Face Database/frontalimages_manuallyaligned_part1/4a.jpg,4,neutral,basic_expression_support,fei_subject_4,False,1,1,1.0,1.0,260.0,360.0,90.9391452991453,51.075060752713924,51.0750617980957,56.03680491350263,0.018814102564102562,75.02436403964788,0.015422471754349484,0.07250669598579407,0.2567754903999446,0.5602670940170941,0.0,0.5096153846153846,0.5513888888888889,0.057777777777777775,0.0,0.45414847161572053,0.0,,ok,phase3-opencv-v1,Aggregated from Phase 3 frame features.
fei_face_database,image,FEI Face Database/frontalimages_manuallyaligned_part1/4b.jpg,4,generic_smile,basic_expression_support,fei_subject_4,False,1,1,1.0,1.0,260.0,360.0,90.12152777777777,51.700313550017945,51.700313568115234,49.71168803007889,0.01952991452991453,74.28564466722362,0.015316067947646894,0.09654473513364792,0.2584238373712058,0.5553846153846154,0.0,0.5,0.5583333333333333,0.057777777777777775,0.0,0.45614035087719296,0.0,,ok,phase3-opencv-v1,Aggregated from Phase 3 frame features.
fei_face_database,image,FEI Face Database/frontalimages_manuallyaligned_part1/50a.jpg,50,neutral,basic_expression_support,fei_subject_50,False,1,1,1.0,0.0,260.0,360.0,93.54464743589743,49.44678735884406,49.4467887878418,55.05363777485572,0.030438034188034188,103.45826771653543,0.02937350222526532,0.09858187288045883,0.25703526189661074,0.5651709401709402,0.0,0.5076923076923077,0.5305555555555556,,,,,,ok,phase3-opencv-v1,Aggregated from Phase 3 frame features.
fei_face_database,image,FEI Face Database/frontalimages_manuallyaligned_part1/50b.jpg,50,generic_smile,basic_expression_support,fei_subject_50,False,1,1,1.0,1.0,260.0,360.0,95.58904914529914,50.239736777239415,50.2397346496582,54.085416962410505,0.03208333333333333,99.38886634199135,0.03798024891774892,0.09213288128376007,0.2572375541125541,0.5700961538461539,0.0,0.5096153846153846,0.5291666666666667,0.16641025641025642,0.0,0.7662337662337663,0.0,,ok,phase3-opencv-v1,Aggregated from Phase 3 frame features.
fei_face_database,image,FEI Face Database/frontalimages_manuallyaligned_part1/51a.jpg,51,neutral,basic_expression_support,fei_subject_51,False,1,1,1.0,1.0,260.0,360.0,77.9627564102564,63.62235269531984,63.622352600097656,38.74247549572193,0.021538461538461538,77.81067031463748,0.02290404533906586,0.062400463968515396,0.25249169435215946,0.49385683760683763,0.0,0.5096153846153846,0.5513888888888889,0.057777777777777775,0.0,0.48372093023255813,0.0,,ok,phase3-opencv-v1,Aggregated from Phase 3 frame features.
fei_face_database,image,FEI Face Database/frontalimages_manuallyaligned_part1/51b.jpg,51,generic_smile,basic_expression_support,fei_subject_51,False,1,1,1.0,1.0,260.0,360.0,79.202702991453,64.01741242131853,64.01741027832031,57.14205840273211,0.02590811965811966,76.54527649769585,0.032987711213517665,0.06847222149372101,0.25061443932411676,0.5030876068376068,0.0,0.5096153846153846,0.5486111111111112,0.16641025641025642,0.0,0.815668202764977,0.0,,ok,phase3-opencv-v1,Aggregated from Phase 3 frame features.
fei_face_database,image,FEI Face Database/frontalimages_manuallyaligned_part1/52a.jpg,52,neutral,basic_expression_support,fei_subject_52,False,1,1,1.0,1.0,260.0,360.0,62.74278846153846,47.686939457136326,47.68693923950195,64.13896109969683,0.024401709401709402,93.07599062477111,0.016626382480041016,0.11663513630628586,0.25650040284186626,0.5265384615384615,0.0,0.5115384615384615,0.5694444444444444,0.057777777777777775,0.0,0.46846846846846846,0.0,,ok,phase3-opencv-v1,Aggregated from Phase 3 frame features.
fei_face_database,image,FEI Face Database/frontalimages_manuallyaligned_part1/52b.jpg,52,generic_smile,basic_expression_support,fei_subject_52,False,1,1,1.0,1.0,260.0,360.0,61.08195512820513,45.64897494685769,45.64897537231445,51.83049127938034,0.02996794871794872,85.43464945860221,0.028947464362536,0.11106831580400467,0.26136570782748186,0.531292735042735,0.0,0.5057692307692307,0.5513888888888889,0.16641025641025642,0.0,0.7937219730941704,0.0,,ok,phase3-opencv-v1,Aggregated from Phase 3 frame features.
fei_face_database,image,FEI Face Database/frontalimages_manuallyaligned_part1/53a.jpg,53,neutral,basic_expression_support,fei_subject_53,False,1,1,1.0,0.0,260.0,360.0,77.89584401709402,49.78248323028854,49.7824821472168,43.92181569131693,0.029188034188034187,86.01776917663616,0.025994018296973963,0.09318128228187561,0.259280436312456,0.440267094017094,0.0,0.5211538461538462,0.5513888888888889,,,,,,ok,phase3-opencv-v1,Aggregated from Phase 3 frame features.
fei_face_database,image,FEI Face Database/frontalimages_manuallyaligned_part1/53b.jpg,53,generic_smile,basic_expression_support,fei_subject_53,False,1,1,1.0,1.0,260.0,360.0,74.33858974358975,47.70391132947942,47.70391082763672,47.43733248913361,0.03063034188034188,84.28933239962652,0.025365701836290073,0.08904969692230225,0.26178804855275445,0.49846153846153846,0.0,0.5153846153846153,0.5611111111111111,0.057777777777777775,0.0,0.48148148148148145,0.0,,ok,phase3-opencv-v1,Aggregated from Phase 3 frame features.
fei_face_database,image,FEI Face Database/frontalimages_manuallyaligned_part1/54a.jpg,54,neutral,basic_expression_support,fei_subject_54,False,1,1,1.0,1.0,260.0,360.0,76.71574786324787,50.52461395451396,50.52461242675781,58.36981267794853,0.018920940170940172,90.2610693400167,0.016012252854358117,0.09577538818120956,0.25184489000278476,0.5553846153846154,0.0,0.5038461538461538,0.55,0.057777777777777775,0.0,0.45614035087719296,0.0,,ok,phase3-opencv-v1,Aggregated from Phase 3 frame features.
fei_face_database,image,FEI Face Database/frontalimages_manuallyaligned_part1/54b.jpg,54,generic_smile,basic_expression_support,fei_subject_54,False,1,1,1.0,1.0,260.0,360.0,80.76435897435897,51.288604670370304,51.288604736328125,79.28204764363723,0.021698717948717947,83.5701592920354,0.022265486725663718,0.09691591560840607,0.26527433628318586,0.5456837606837607,0.0,0.5153846153846153,0.5472222222222223,0.16641025641025642,0.0,0.7831858407079646,0.0,,ok,phase3-opencv-v1,Aggregated from Phase 3 frame features.
fei_face_database,image,FEI Face Database/frontalimages_manuallyaligned_part1/55a.jpg,55,neutral,basic_expression_support,fei_subject_55,False,1,1,1.0,0.0,260.0,360.0,85.78833333333333,54.39703404237071,54.39703369140625,60.58357440234862,0.02722222222222222,83.45967513266092,0.02393972536152631,0.09323086589574814,0.25616721351318505,0.4756517094017094,0.0,0.5134615384615384,0.5347222222222222,,,,,,ok,phase3-opencv-v1,Aggregated from Phase 3 frame features.
fei_face_database,image,FEI Face Database/frontalimages_manuallyaligned_part1/55b.jpg,55,generic_smile,basic_expression_support,fei_subject_55,False,1,1,1.0,1.0,260.0,360.0,84.20213675213675,53.76260233623559,53.762603759765625,54.00200912731025,0.028076923076923076,77.77394775036285,0.032696339300112884,0.08817964792251587,0.25810353168843736,0.4801709401709402,0.0,0.5038461538461538,0.5333333333333333,0.057777777777777775,0.0,0.49056603773584906,0.0,,ok,phase3-opencv-v1,Aggregated from Phase 3 frame features.
fei_face_database,image,FEI Face Database/frontalimages_manuallyaligned_part1/56a.jpg,56,neutral,basic_expression_support,fei_subject_56,False,1,1,1.0,0.0,260.0,360.0,88.34403846153846,50.82516656480726,50.825164794921875,36.92691791299127,0.01969017094017094,82.15532538596834,0.025092827828805942,0.09717254340648651,0.25765096736368964,0.49385683760683763,0.0,0.5173076923076924,0.5486111111111112,,,,,,ok,phase3-opencv-v1,Aggregated from Phase 3 frame features.
fei_face_database,image,FEI Face Database/frontalimages_manuallyaligned_part1/56b.jpg,56,generic_smile,basic_expression_support,fei_subject_56,False,1,1,1.0,1.0,260.0,360.0,86.8907905982906,50.93683385716124,50.936832427978516,38.78562962403664,0.020982905982905982,80.65114379084967,0.030306567071272952,0.11987850069999695,0.2608543417366947,0.49846153846153846,0.0,0.5038461538461538,0.5472222222222223,0.057777777777777775,0.0,0.48148148148148145,0.0,,ok,phase3-opencv-v1,Aggregated from Phase 3 frame features.
fei_face_database,image,FEI Face Database/frontalimages_manuallyaligned_part1/57a.jpg,57,neutral,basic_expression_support,fei_subject_57,False,1,1,1.0,1.0,260.0,360.0,74.17185897435897,53.534691352133024,53.534690856933594,54.745867979764775,0.03064102564102564,87.68016404057846,0.02486509820850421,0.08588629961013794,0.2511979279084826,0.44898504273504275,0.0,0.5173076923076924,0.5569444444444445,0.057777777777777775,0.0,0.5073170731707317,0.0,,ok,phase3-opencv-v1,Aggregated from Phase 3 frame features.
fei_face_database,image,FEI Face Database/frontalimages_manuallyaligned_part1/57b.jpg,57,generic_smile,basic_expression_support,fei_subject_57,False,1,1,1.0,1.0,260.0,360.0,71.75274572649573,52.56509403635391,52.56509017944336,37.912456574507814,0.02763888888888889,82.32311360926589,0.03457673309487311,0.09630586951971054,0.2517884517118038,0.45337606837606836,0.0,0.5076923076923077,0.5527777777777778,0.057777777777777775,0.0,0.5048543689320388,0.0,,ok,phase3-opencv-v1,Aggregated from Phase 3 frame features.
fei_face_database,image,FEI Face Database/frontalimages_manuallyaligned_part1/58a.jpg,58,neutral,basic_expression_support,fei_subject_58,False,1,1,1.0,0.0,260.0,360.0,93.78774572649573,60.23718682637709,60.237186431884766,65.25326039600682,0.03349358974358974,106.44296636085627,0.027675840978593273,0.09044013172388077,0.25600152905198775,0.5077350427350428,0.0,0.5115384615384615,0.5416666666666666,,,,,,ok,phase3-opencv-v1,Aggregated from Phase 3 frame features.
fei_face_database,image,FEI Face Database/frontalimages_manuallyaligned_part1/58b.jpg,58,generic_smile,basic_expression_support,fei_subject_58,False,1,1,1.0,1.0,260.0,360.0,91.00548076923077,59.74901495704542,59.74901580810547,99.0980271192883,0.03713675213675214,98.5301765179814,0.035962792060353035,0.08340191096067429,0.25276496008203325,0.5265384615384615,0.0,0.5115384615384615,0.5472222222222223,0.16641025641025642,0.0,0.7972972972972973,0.0,,ok,phase3-opencv-v1,Aggregated from Phase 3 frame features.
fei_face_database,image,FEI Face Database/frontalimages_manuallyaligned_part1/59a.jpg,59,neutral,basic_expression_support,fei_subject_59,False,1,1,1.0,0.0,260.0,360.0,70.5383547008547,50.094413457851296,50.09441375732422,59.98875624543428,0.02608974358974359,83.48282428770234,0.01948289753167802,0.06967656314373016,0.25335091188749725,0.5265384615384615,0.0,0.5076923076923077,0.5416666666666666,,,,,,ok,phase3-opencv-v1,Aggregated from Phase 3 frame features.
fei_face_database,image,FEI Face Database/frontalimages_manuallyaligned_part1/59b.jpg,59,generic_smile,basic_expression_support,fei_subject_59,False,1,1,1.0,1.0,260.0,360.0,70.06467948717949,49.957346168727355,49.95734405517578,73.01452659799838,0.027318376068376067,79.48685697619308,0.02956724634510919,0.07001090049743652,0.26165736993692806,0.531292735042735,0.0,0.5134615384615384,0.5458333333333333,0.057777777777777775,0.0,0.4663677130044843,0.0,,ok,phase3-opencv-v1,Aggregated from Phase 3 frame features.
fei_face_database,image,FEI Face Database/frontalimages_manuallyaligned_part1/5a.jpg,5,neutral,basic_expression_support,fei_subject_5,False,1,1,1.0,1.0,260.0,360.0,97.63806623931625,40.98090286038148,40.98090362548828,73.65202904236521,0.034284188034188035,95.14956478332762,0.02318035753283624,0.10380779951810837,0.25192649673977474,0.6205235042735042,0.0,0.5096153846153846,0.5763888888888888,0.057777777777777775,0.0,0.4315352697095436,0.0,,ok,phase3-opencv-v1,Aggregated from Phase 3 frame features.
fei_face_database,image,FEI Face Database/frontalimages_manuallyaligned_part1/5b.jpg,5,generic_smile,basic_expression_support,fei_subject_5,False,1,1,1.0,1.0,260.0,360.0,98.25876068376068,41.72834855135139,41.72834777832031,50.52190266534718,0.023525641025641024,96.2613782937166,0.016522326638412875,0.10386788100004196,0.2558810883852343,0.6308653846153847,0.0,0.5057692307692307,0.5819444444444445,0.057777777777777775,0.0,0.4279835390946502,0.0,,ok,phase3-opencv-v1,Aggregated from Phase 3 frame features.
fei_face_database,image,FEI Face Database/frontalimages_manuallyaligned_part1/60a.jpg,60,neutral,basic_expression_support,fei_subject_60,False,1,1,1.0,1.0,260.0,360.0,69.22919871794872,61.764421652357875,61.76441955566406,41.66148943392049,0.018344017094017093,77.55484693877551,0.02414021164021164,0.09696879237890244,0.25033068783068785,0.4104273504273504,0.0,0.5269230769230769,0.5611111111111111,0.057777777777777775,0.0,0.5306122448979592,0.0,,ok,phase3-opencv-v1,Aggregated from Phase 3 frame features.
fei_face_database,image,FEI Face Database/frontalimages_manuallyaligned_part1/60b.jpg,60,generic_smile,basic_expression_support,fei_subject_60,False,1,1,1.0,1.0,260.0,360.0,70.64004273504274,62.0810815561203,62.08108139038086,54.24214385991946,0.02373931623931624,77.19876674053377,0.04027362944406976,0.08216893672943115,0.25248097119182966,0.4020940170940171,0.0,0.5115384615384615,0.55,0.057777777777777775,0.0,0.5360824742268041,0.0,,ok,phase3-opencv-v1,Aggregated from Phase 3 frame features.
fei_face_database,image,FEI Face Database/frontalimages_manuallyaligned_part1/61a.jpg,61,neutral,basic_expression_support,fei_subject_61,False,1,1,1.0,0.0,260.0,360.0,72.86207264957265,47.90189709475788,47.90190124511719,49.68353885316221,0.02952991452991453,95.96791833758658,0.018957345971563982,0.08791431784629822,0.25799003524122005,0.4756517094017094,0.0,0.5173076923076924,0.5430555555555555,,,,,,ok,phase3-opencv-v1,Aggregated from Phase 3 frame features.
fei_face_database,image,FEI Face Database/frontalimages_manuallyaligned_part1/61b.jpg,61,generic_smile,basic_expression_support,fei_subject_61,False,1,1,1.0,1.0,260.0,360.0,74.75597222222223,49.19021330568772,49.19021224975586,54.27015797172913,0.030822649572649574,91.55120210368145,0.03347107438016529,0.08634139597415924,0.2531555221637866,0.5170940170940171,0.0,0.5115384615384615,0.5388888888888889,0.057777777777777775,0.0,0.4727272727272727,0.0,,ok,phase3-opencv-v1,Aggregated from Phase 3 frame features.
fei_face_database,image,FEI Face Database/frontalimages_manuallyaligned_part1/62a.jpg,62,neutral,basic_expression_support,fei_subject_62,False,1,1,1.0,1.0,260.0,360.0,85.99830128205129,49.59882915908362,49.59883117675781,41.83362257549401,0.021784188034188034,103.2568369646882,0.021149511645379412,0.11058086901903152,0.2539819684447784,0.5170940170940171,0.0,0.5076923076923077,0.5527777777777778,0.057777777777777775,0.0,0.4727272727272727,0.0,,ok,phase3-opencv-v1,Aggregated from Phase 3 frame features.
fei_face_database,image,FEI Face Database/frontalimages_manuallyaligned_part1/62b.jpg,62,generic_smile,basic_expression_support,fei_subject_62,False,1,1,1.0,1.0,260.0,360.0,87.70290598290599,50.50605409356656,50.50605392456055,41.43675898486011,0.02451923076923077,100.71670489296636,0.03340978593272171,0.11456286907196045,0.26116207951070336,0.5077350427350428,0.0,0.5076923076923077,0.5472222222222223,0.057777777777777775,0.0,0.47706422018348627,0.0,,ok,phase3-opencv-v1,Aggregated from Phase 3 frame features.
fei_face_database,image,FEI Face Database/frontalimages_manuallyaligned_part1/63a.jpg,63,neutral,basic_expression_support,fei_subject_63,False,1,1,1.0,0.0,260.0,360.0,107.50814102564102,60.186640249252434,60.186641693115234,79.27608275805392,0.030747863247863248,104.50856954515491,0.024609975829488026,0.08268842846155167,0.25986962572328426,0.5265384615384615,0.0,0.5115384615384615,0.5388888888888889,,,,,,ok,phase3-opencv-v1,Aggregated from Phase 3 frame features.
fei_face_database,image,FEI Face Database/frontalimages_manuallyaligned_part1/63b.jpg,63,generic_smile,basic_expression_support,fei_subject_63,False,1,1,1.0,1.0,260.0,360.0,103.37127136752137,58.19650536442449,58.19650650024414,90.92560886466781,0.03230769230769231,99.79118279569893,0.023727598566308242,0.07192300260066986,0.25519713261648747,0.5408653846153846,0.0,0.5096153846153846,0.5402777777777777,0.057777777777777775,0.0,0.4622222222222222,0.0,,ok,phase3-opencv-v1,Aggregated from Phase 3 frame features.
fei_face_database,image,FEI Face Database/frontalimages_manuallyaligned_part1/64a.jpg,64,neutral,basic_expression_support,fei_subject_64,False,1,1,1.0,1.0,260.0,360.0,87.02346153846153,56.597535742471294,56.5975341796875,193.53381176446416,0.0574465811965812,87.25679217807364,0.03985853962970668,0.11058495193719864,0.25533596837944667,0.4666773504273504,0.0,0.5096153846153846,0.5375,0.057777777777777775,0.0,0.49760765550239233,0.0,,ok,phase3-opencv-v1,Aggregated from Phase 3 frame features.
fei_face_database,image,FEI Face Database/frontalimages_manuallyaligned_part1/64b.jpg,64,generic_smile,basic_expression_support,fei_subject_64,False,1,1,1.0,1.0,260.0,360.0,90.39873931623931,59.408918134958775,59.40892028808594,305.33772630385255,0.06700854700854701,87.08397206608755,0.06114801567024357,0.1328904777765274,0.25745188213251574,0.45337606837606836,0.0,0.5076923076923077,0.5416666666666666,0.057777777777777775,0.0,0.5048543689320388,0.0,,ok,phase3-opencv-v1,Aggregated from Phase 3 frame features.
fei_face_database,image,FEI Face Database/frontalimages_manuallyaligned_part1/65a.jpg,65,neutral,basic_expression_support,fei_subject_65,False,1,1,1.0,1.0,260.0,360.0,79.73373931623932,53.16653728093324,53.16653823852539,59.03270048385109,0.024594017094017095,88.1579180777294,0.02410901467505241,0.09031844884157181,0.2591517497177874,0.4801709401709402,0.0,0.5153846153846153,0.55,0.057777777777777775,0.0,0.49056603773584906,0.0,,ok,phase3-opencv-v1,Aggregated from Phase 3 frame features.
fei_face_database,image,FEI Face Database/frontalimages_manuallyaligned_part1/65b.jpg,65,generic_smile,basic_expression_support,fei_subject_65,False,1,1,1.0,1.0,260.0,360.0,81.22797008547009,53.46218345292924,53.462181091308594,70.0790055514464,0.027735042735042736,87.68622239593512,0.0319718585108462,0.10635881125926971,0.2510064490912644,0.49385683760683763,0.0,0.4980769230769231,0.5486111111111112,0.057777777777777775,0.0,0.48372093023255813,0.0,,ok,phase3-opencv-v1,Aggregated from Phase 3 frame features.
fei_face_database,image,FEI Face Database/frontalimages_manuallyaligned_part1/66a.jpg,66,neutral,basic_expression_support,fei_subject_66,False,1,1,1.0,0.0,260.0,360.0,81.26477564102564,52.068988697984715,52.06898880004883,92.82988373146318,0.03463675213675214,100.32108054767485,0.022141359319106945,0.12165860086679459,0.25403971876156406,0.6256837606837606,0.0,0.5038461538461538,0.5361111111111111,,,,,,ok,phase3-opencv-v1,Aggregated from Phase 3 frame features.
fei_face_database,image,FEI Face Database/frontalimages_manuallyaligned_part1/66b.jpg,66,generic_smile,basic_expression_support,fei_subject_66,False,1,1,1.0,1.0,260.0,360.0,77.95501068376069,50.55003461389218,50.55003356933594,56.58366758711375,0.03048076923076923,99.73301687087049,0.017191609468214766,0.12107783555984497,0.25572519083969464,0.6051709401709402,0.0,0.5,0.5638888888888889,0.16641025641025642,0.0,0.7436974789915967,0.0,,ok,phase3-opencv-v1,Aggregated from Phase 3 frame features.
fei_face_database,image,FEI Face Database/frontalimages_manuallyaligned_part1/67a.jpg,67,neutral,basic_expression_support,fei_subject_67,False,1,1,1.0,0.0,260.0,360.0,94.31672008547008,53.182477939213975,53.18247985839844,90.06798633528746,0.030384615384615385,99.63596460176991,0.021734513274336283,0.12203199416399002,0.25610619469026547,0.5456837606837607,0.0,0.5192307692307693,0.55,,,,,,ok,phase3-opencv-v1,Aggregated from Phase 3 frame features.
fei_face_database,image,FEI Face Database/frontalimages_manuallyaligned_part1/67b.jpg,67,generic_smile,basic_expression_support,fei_subject_67,False,1,1,1.0,1.0,260.0,360.0,96.17866452991453,54.70984645446577,54.70984649658203,73.76028561698718,0.03152777777777778,97.84858768340153,0.023754865755065375,0.10629615932703018,0.25824267225604686,0.5800106837606838,0.0,0.5057692307692307,0.5569444444444445,0.16641025641025642,0.0,0.759656652360515,0.0,,ok,phase3-opencv-v1,Aggregated from Phase 3 frame features.
fei_face_database,image,FEI Face Database/frontalimages_manuallyaligned_part1/68a.jpg,68,neutral,basic_expression_support,fei_subject_68,False,1,1,1.0,0.0,260.0,360.0,90.52675213675214,54.70213055943966,54.70212936401367,59.13549430016803,0.025138888888888888,98.35086021505376,0.01939068100358423,0.08932863175868988,0.25311827956989247,0.5408653846153846,0.0,0.4980769230769231,0.5513888888888889,,,,,,ok,phase3-opencv-v1,Aggregated from Phase 3 frame features.
fei_face_database,image,FEI Face Database/frontalimages_manuallyaligned_part1/68b.jpg,68,generic_smile,basic_expression_support,fei_subject_68,False,1,1,1.0,1.0,260.0,360.0,89.33719017094018,53.94906557782299,53.94906234741211,37.594164951671964,0.023867521367521367,94.03025994385504,0.0188486638229611,0.08879956603050232,0.25024608990484526,0.531292735042735,0.0,0.49423076923076925,0.5625,0.057777777777777775,0.0,0.4663677130044843,0.0,,ok,phase3-opencv-v1,Aggregated from Phase 3 frame features.
fei_face_database,image,FEI Face Database/frontalimages_manuallyaligned_part1/69a.jpg,69,neutral,basic_expression_support,fei_subject_69,False,1,1,1.0,1.0,260.0,360.0,72.16323717948718,61.57221603437639,61.57221603393555,48.2535790505835,0.022232905982905983,80.6476688135456,0.025843561388585085,0.09922733902931213,0.25086077692712766,0.4756517094017094,0.0,0.525,0.5569444444444445,0.057777777777777775,0.0,0.4928909952606635,0.0,,ok,phase3-opencv-v1,Aggregated from Phase 3 frame features.
fei_face_database,image,FEI Face Database/frontalimages_manuallyaligned_part1/69b.jpg,69,generic_smile,basic_expression_support,fei_subject_69,False,1,1,1.0,1.0,260.0,360.0,87.93457264957264,68.18120208350989,68.18119812011719,42.47234028862133,0.02636752136752137,83.87504105090312,0.027791461412151067,0.08038056641817093,0.2522577996715928,0.47115384615384615,0.0,0.5076923076923077,0.5472222222222223,0.057777777777777775,0.0,0.49523809523809526,0.0,,ok,phase3-opencv-v1,Aggregated from Phase 3 frame features.
fei_face_database,image,FEI Face Database/frontalimages_manuallyaligned_part1/6a.jpg,6,neutral,basic_expression_support,fei_subject_6,False,1,1,1.0,1.0,260.0,360.0,110.7373076923077,45.27092505289285,45.27092361450195,63.54031169141282,0.02783119658119658,98.33601774042951,0.02131963896669779,0.10440276563167572,0.25128384687208216,0.49846153846153846,0.0,0.5115384615384615,0.5472222222222223,0.057777777777777775,0.0,0.48148148148148145,0.0,,ok,phase3-opencv-v1,Aggregated from Phase 3 frame features.
fei_face_database,image,FEI Face Database/frontalimages_manuallyaligned_part1/6b.jpg,6,generic_smile,basic_expression_support,fei_subject_6,False,1,1,1.0,1.0,260.0,360.0,109.7969764957265,46.173466469561134,46.173465728759766,50.501682116914125,0.03036324786324786,96.83764181388695,0.032571447582925774,0.11905331164598465,0.25318561400006656,0.5800106837606838,0.0,0.4980769230769231,0.5597222222222222,0.16641025641025642,0.0,0.759656652360515,0.0,,ok,phase3-opencv-v1,Aggregated from Phase 3 frame features.
fei_face_database,image,FEI Face Database/frontalimages_manuallyaligned_part1/70a.jpg,70,neutral,basic_expression_support,fei_subject_70,False,1,1,1.0,0.0,260.0,360.0,115.94216880341881,52.636372531216566,52.636375427246094,73.02599756008473,0.023119658119658118,108.95276999688764,0.022292250233426705,0.1178521066904068,0.2564192343604108,0.49846153846153846,0.0,0.5076923076923077,0.5444444444444444,,,,,,ok,phase3-opencv-v1,Aggregated from Phase 3 frame features.
fei_face_database,image,FEI Face Database/frontalimages_manuallyaligned_part1/70b.jpg,70,generic_smile,basic_expression_support,fei_subject_70,False,1,1,1.0,1.0,260.0,360.0,116.32036324786324,55.0832054759804,55.08320617675781,61.83070898520253,0.025405982905982907,103.28065210007925,0.028038793916751577,0.10429427772760391,0.2567644062040077,0.5124038461538462,0.0,0.5134615384615384,0.5486111111111112,0.16641025641025642,0.0,0.8082191780821918,0.0,,ok,phase3-opencv-v1,Aggregated from Phase 3 frame features.
fei_face_database,image,FEI Face Database/frontalimages_manuallyaligned_part1/71a.jpg,71,neutral,basic_expression_support,fei_subject_71,False,1,1,1.0,1.0,260.0,360.0,89.37986111111111,46.80046444887361,46.80046081542969,37.762342533694934,0.02517094017094017,88.96280961981567,0.02469758064516129,0.10511797666549683,0.2607286866359447,0.5360683760683761,0.0,0.5115384615384615,0.5416666666666666,0.057777777777777775,0.0,0.4642857142857143,0.0,,ok,phase3-opencv-v1,Aggregated from Phase 3 frame features.
fei_face_database,image,FEI Face Database/frontalimages_manuallyaligned_part1/71b.jpg,71,generic_smile,basic_expression_support,fei_subject_71,False,1,1,1.0,1.0,260.0,360.0,88.86292735042736,47.01717741179812,47.017181396484375,45.709872980929035,0.03122863247863248,84.49885321100918,0.03413608562691132,0.09957846254110336,0.25099388379204896,0.5077350427350428,0.0,0.5115384615384615,0.5555555555555556,0.057777777777777775,0.0,0.47706422018348627,0.0,,ok,phase3-opencv-v1,Aggregated from Phase 3 frame features.
fei_face_database,image,FEI Face Database/frontalimages_manuallyaligned_part1/72a.jpg,72,neutral,basic_expression_support,fei_subject_72,False,1,1,1.0,1.0,260.0,360.0,79.96445512820513,63.870756147360545,63.870758056640625,68.27796693227683,0.0325,86.8075117370892,0.03636508315429299,0.079025499522686,0.2513726426354739,0.48471153846153847,0.0,0.5134615384615384,0.5486111111111112,0.057777777777777775,0.0,0.48826291079812206,0.0,,ok,phase3-opencv-v1,Aggregated from Phase 3 frame features.
fei_face_database,image,FEI Face Database/frontalimages_manuallyaligned_part1/72b.jpg,72,generic_smile,basic_expression_support,fei_subject_72,False,1,1,1.0,1.0,260.0,360.0,76.93207264957265,62.57424548359234,62.57424545288086,79.70595126276116,0.03293803418803419,83.61052757221294,0.049375348134001754,0.0959991067647934,0.25125328240630224,0.48471153846153847,0.0,0.5096153846153846,0.5458333333333333,0.057777777777777775,0.0,0.48826291079812206,0.0,,ok,phase3-opencv-v1,Aggregated from Phase 3 frame features.
fei_face_database,image,FEI Face Database/frontalimages_manuallyaligned_part1/73a.jpg,73,neutral,basic_expression_support,fei_subject_73,False,1,1,1.0,0.0,260.0,360.0,88.31689102564103,51.144865030291726,51.14486312866211,66.44523380816713,0.03063034188034188,107.84823084340924,0.020250723240115717,0.09269162267446518,0.2566575179882798,0.5218055555555555,0.0,0.5019230769230769,0.5486111111111112,,,,,,ok,phase3-opencv-v1,Aggregated from Phase 3 frame features.
fei_face_database,image,FEI Face Database/frontalimages_manuallyaligned_part1/73b.jpg,73,generic_smile,basic_expression_support,fei_subject_73,False,1,1,1.0,1.0,260.0,360.0,88.70711538461538,52.02325487377641,52.02325439453125,53.577736949375414,0.028878205128205128,106.17390698969646,0.022417153996101363,0.10822863131761551,0.26068643831801724,0.5553846153846154,0.0,0.5,0.5555555555555556,0.057777777777777775,0.0,0.45614035087719296,0.0,,ok,phase3-opencv-v1,Aggregated from Phase 3 frame features.
fei_face_database,image,FEI Face Database/frontalimages_manuallyaligned_part1/74a.jpg,74,neutral,basic_expression_support,fei_subject_74,False,1,1,1.0,1.0,260.0,360.0,88.20259615384616,47.48246743109983,47.48246383666992,74.21400986010667,0.027457264957264957,98.17613678510496,0.019212224612417478,0.1200832799077034,0.25598991172761665,0.5218055555555555,0.0,0.5134615384615384,0.5597222222222222,0.057777777777777775,0.0,0.47058823529411764,0.0,,ok,phase3-opencv-v1,Aggregated from Phase 3 frame features.
fei_face_database,image,FEI Face Database/frontalimages_manuallyaligned_part1/74b.jpg,74,generic_smile,basic_expression_support,fei_subject_74,False,1,1,1.0,1.0,260.0,360.0,87.64542735042735,47.68709671143851,47.68709945678711,47.07057014939001,0.026185897435897436,96.14595334101382,0.025777649769585253,0.139959454536438,0.264544930875576,0.5360683760683761,0.0,0.49615384615384617,0.5555555555555556,0.16641025641025642,0.0,0.7901785714285714,0.0,,ok,phase3-opencv-v1,Aggregated from Phase 3 frame features.
fei_face_database,image,FEI Face Database/frontalimages_manuallyaligned_part1/75a.jpg,75,neutral,basic_expression_support,fei_subject_75,False,1,1,1.0,1.0,260.0,360.0,92.14668803418803,50.04738950530627,50.047386169433594,60.65726029464809,0.023846153846153847,90.78894748406944,0.03255694719109353,0.09806564450263977,0.25587782904856077,0.5265384615384615,0.0,0.5115384615384615,0.5583333333333333,0.057777777777777775,0.0,0.46846846846846846,0.0,,ok,phase3-opencv-v1,Aggregated from Phase 3 frame features.
fei_face_database,image,FEI Face Database/frontalimages_manuallyaligned_part1/75b.jpg,75,generic_smile,basic_expression_support,fei_subject_75,False,1,1,1.0,1.0,260.0,360.0,94.32885683760684,49.910368856778405,49.91036605834961,58.704388283361645,0.02420940170940171,85.88678804855276,0.03260192966075319,0.09610467404127121,0.2575474634298164,0.49846153846153846,0.0,0.5192307692307693,0.5527777777777778,0.057777777777777775,0.0,0.48148148148148145,0.0,,ok,phase3-opencv-v1,Aggregated from Phase 3 frame features.
fei_face_database,image,FEI Face Database/frontalimages_manuallyaligned_part1/76a.jpg,76,neutral,basic_expression_support,fei_subject_76,False,1,1,1.0,0.0,260.0,360.0,99.71985042735042,53.24708048634694,53.2470817565918,61.39069034340987,0.02626068376068376,109.28096794273264,0.01882975412387177,0.1017008125782013,0.25058356676003735,0.49846153846153846,0.0,0.5153846153846153,0.5388888888888889,,,,,,ok,phase3-opencv-v1,Aggregated from Phase 3 frame features.
fei_face_database,image,FEI Face Database/frontalimages_manuallyaligned_part1/76b.jpg,76,generic_smile,basic_expression_support,fei_subject_76,False,1,1,1.0,1.0,260.0,360.0,97.644797008547,52.990843182353146,52.990840911865234,76.71565303790908,0.027991452991452993,105.01542912246866,0.025035234774868333,0.09698167443275452,0.2565833395148728,0.5218055555555555,0.0,0.5134615384615384,0.5458333333333333,0.057777777777777775,0.0,0.47058823529411764,0.0,,ok,phase3-opencv-v1,Aggregated from Phase 3 frame features.
fei_face_database,image,FEI Face Database/frontalimages_manuallyaligned_part1/77a.jpg,77,neutral,basic_expression_support,fei_subject_77,False,1,1,1.0,1.0,260.0,360.0,82.74209401709402,54.50728036426978,54.50727844238281,118.287168602071,0.05368589743589743,96.72229074889867,0.03954185022026432,0.12874183058738708,0.2583964757709251,0.5505235042735043,0.0,0.5211538461538462,0.5708333333333333,0.057777777777777775,0.0,0.4581497797356828,0.0,,ok,phase3-opencv-v1,Aggregated from Phase 3 frame features.
fei_face_database,image,FEI Face Database/frontalimages_manuallyaligned_part1/77b.jpg,77,generic_smile,basic_expression_support,fei_subject_77,False,1,1,1.0,1.0,260.0,360.0,79.56672008547008,53.798230332342094,53.7982292175293,81.56916984394405,0.0492948717948718,93.46526872246696,0.04754185022026432,0.11123289912939072,0.25434361233480174,0.5505235042735043,0.0,0.5173076923076924,0.5680555555555555,0.16641025641025642,0.0,0.7797356828193832,0.0,,ok,phase3-opencv-v1,Aggregated from Phase 3 frame features.
fei_face_database,image,FEI Face Database/frontalimages_manuallyaligned_part1/78a.jpg,78,neutral,basic_expression_support,fei_subject_78,False,1,1,1.0,1.0,260.0,360.0,83.06001068376068,63.70509009034277,63.70509338378906,53.21703813178007,0.027681623931623933,90.18574159021406,0.029357798165137616,0.0889953225851059,0.25351681957186545,0.5077350427350428,0.0,0.5076923076923077,0.5472222222222223,0.057777777777777775,0.0,0.47706422018348627,0.0,,ok,phase3-opencv-v1,Aggregated from Phase 3 frame features.
fei_face_database,image,FEI Face Database/frontalimages_manuallyaligned_part1/78b.jpg,78,generic_smile,basic_expression_support,fei_subject_78,False,1,1,1.0,1.0,260.0,360.0,89.22961538461539,68.514248245694,68.51424407958984,44.52520679194975,0.03317307692307692,92.12536802737328,0.04153735975173072,0.09438633918762207,0.25372006047584944,0.48471153846153847,0.0,0.5019230769230769,0.5513888888888889,0.057777777777777775,0.0,0.48826291079812206,0.0,,ok,phase3-opencv-v1,Aggregated from Phase 3 frame features.
fei_face_database,image,FEI Face Database/frontalimages_manuallyaligned_part1/79a.jpg,79,neutral,basic_expression_support,fei_subject_79,False,1,1,1.0,1.0,260.0,360.0,101.69767094017094,54.42909630418284,54.42909622192383,54.796827925706765,0.04436965811965812,89.30365242301265,0.040025463515556615,0.07731271535158157,0.2532824063022201,0.48471153846153847,0.0,0.5173076923076924,0.5430555555555555,0.057777777777777775,0.0,0.48826291079812206,0.0,,ok,phase3-opencv-v1,Aggregated from Phase 3 frame features.
fei_face_database,image,FEI Face Database/frontalimages_manuallyaligned_part1/79b.jpg,79,generic_smile,basic_expression_support,fei_subject_79,False,1,1,1.0,1.0,260.0,360.0,103.3096794871795,55.22633515218727,55.22633743286133,74.47034077076029,0.04865384615384615,88.39147938245065,0.054758647645104554,0.07610023021697998,0.25432870822747705,0.49385683760683763,0.0,0.5173076923076924,0.5458333333333333,0.057777777777777775,0.0,0.48372093023255813,0.0,,ok,phase3-opencv-v1,Aggregated from Phase 3 frame features.
fei_face_database,image,FEI Face Database/frontalimages_manuallyaligned_part1/7a.jpg,7,neutral,basic_expression_support,fei_subject_7,False,1,1,1.0,0.0,260.0,360.0,88.59525641025641,55.17886714320762,55.17886734008789,91.75800013685715,0.032735042735042734,96.2152688172043,0.023333333333333334,0.1284935027360916,0.25415770609318994,0.5408653846153846,0.0,0.5019230769230769,0.5430555555555555,,,,,,ok,phase3-opencv-v1,Aggregated from Phase 3 frame features.
fei_face_database,image,FEI Face Database/frontalimages_manuallyaligned_part1/7b.jpg,7,generic_smile,basic_expression_support,fei_subject_7,False,1,1,1.0,1.0,260.0,360.0,86.13647435897435,54.454078971457086,54.454078674316406,88.55535764299803,0.03447649572649573,92.3454449339207,0.03090748898678414,0.12416616827249527,0.25272246696035244,0.5505235042735043,0.0,0.5019230769230769,0.5458333333333333,0.057777777777777775,0.0,0.4581497797356828,0.0,,ok,phase3-opencv-v1,Aggregated from Phase 3 frame features.
fei_face_database,image,FEI Face Database/frontalimages_manuallyaligned_part1/80a.jpg,80,neutral,basic_expression_support,fei_subject_80,False,1,1,1.0,0.0,260.0,360.0,75.27701923076923,49.23294469843458,49.23294448852539,45.88064280341423,0.022094017094017093,93.95179211469534,0.02028673835125448,0.13183563947677612,0.25455197132616486,0.5408653846153846,0.0,0.5019230769230769,0.5458333333333333,,,,,,ok,phase3-opencv-v1,Aggregated from Phase 3 frame features.
fei_face_database,image,FEI Face Database/frontalimages_manuallyaligned_part1/80b.jpg,80,generic_smile,basic_expression_support,fei_subject_80,False,1,1,1.0,1.0,260.0,360.0,75.19294871794872,49.05533694470005,49.05533981323242,24.073691784347837,0.016762820512820513,88.91596485471581,0.01935907251449196,0.11569216102361679,0.26318859601152067,0.531292735042735,0.0,0.4980769230769231,0.5458333333333333,0.057777777777777775,0.0,0.4663677130044843,0.0,,ok,phase3-opencv-v1,Aggregated from Phase 3 frame features.
fei_face_database,image,FEI Face Database/frontalimages_manuallyaligned_part1/81a.jpg,81,neutral,basic_expression_support,fei_subject_81,False,1,1,1.0,0.0,260.0,360.0,91.37260683760684,50.31981531879085,50.3198127746582,34.76825861538005,0.016655982905982906,99.99255504514494,0.01599873277364169,0.09338463842868805,0.2567321400285126,0.4892735042735043,0.0,0.5153846153846153,0.5555555555555556,,,,,,ok,phase3-opencv-v1,Aggregated from Phase 3 frame features.
fei_face_database,image,FEI Face Database/frontalimages_manuallyaligned_part1/81b.jpg,81,generic_smile,basic_expression_support,fei_subject_81,False,1,1,1.0,1.0,260.0,360.0,99.24084401709402,50.53764396798334,50.53764343261719,43.75583140101085,0.0240491452991453,97.0756498470948,0.03298929663608563,0.08829855918884277,0.25420489296636084,0.5077350427350428,0.0,0.5076923076923077,0.5444444444444444,0.057777777777777775,0.0,0.47706422018348627,0.0,,ok,phase3-opencv-v1,Aggregated from Phase 3 frame features.
fei_face_database,image,FEI Face Database/frontalimages_manuallyaligned_part1/82a.jpg,82,neutral,basic_expression_support,fei_subject_82,False,1,1,1.0,0.0,260.0,360.0,96.92564102564103,56.15506047451804,56.155059814453125,49.66080550031046,0.02480769230769231,89.80381156998489,0.023553751889870297,0.1268490105867386,0.25375984721890665,0.48471153846153847,0.0,0.5057692307692307,0.5430555555555555,,,,,,ok,phase3-opencv-v1,Aggregated from Phase 3 frame features.
fei_face_database,image,FEI Face Database/frontalimages_manuallyaligned_part1/82b.jpg,82,generic_smile,basic_expression_support,fei_subject_82,False,1,1,1.0,1.0,260.0,360.0,95.93721153846154,57.01806525018238,57.018062591552734,28.489151379643328,0.0227991452991453,87.1628078817734,0.024630541871921183,0.12789271771907806,0.263752052545156,0.47115384615384615,0.0,0.5115384615384615,0.5416666666666666,0.057777777777777775,0.0,0.49523809523809526,0.0,,ok,phase3-opencv-v1,Aggregated from Phase 3 frame features.
fei_face_database,image,FEI Face Database/frontalimages_manuallyaligned_part1/83a.jpg,83,neutral,basic_expression_support,fei_subject_83,False,1,1,1.0,1.0,260.0,360.0,81.37190170940171,60.78944677072817,60.78944778442383,79.6871027540361,0.02653846153846154,77.04464831804282,0.02217125382262997,0.1278575211763382,0.25496941896024466,0.5077350427350428,0.0,0.5230769230769231,0.5361111111111111,0.057777777777777775,0.0,0.47706422018348627,0.0,,ok,phase3-opencv-v1,Aggregated from Phase 3 frame features.
fei_face_database,image,FEI Face Database/frontalimages_manuallyaligned_part1/83b.jpg,83,generic_smile,basic_expression_support,fei_subject_83,False,1,1,1.0,1.0,260.0,360.0,78.55201923076923,60.10242919262358,60.10243225097656,106.82740562392708,0.0277991452991453,71.71863326741375,0.03149490954369003,0.11745891720056534,0.25679337874459823,0.5265384615384615,0.0,0.5153846153846153,0.5305555555555556,0.057777777777777775,0.0,0.46846846846846846,0.0,,ok,phase3-opencv-v1,Aggregated from Phase 3 frame features.
fei_face_database,image,FEI Face Database/frontalimages_manuallyaligned_part1/84a.jpg,84,neutral,basic_expression_support,fei_subject_84,False,1,1,1.0,1.0,260.0,360.0,104.26514957264958,69.14045267210885,69.14044952392578,97.29101558002776,0.042938034188034185,105.43382567089661,0.040732265446224256,0.11947374045848846,0.2507177033492823,0.4666773504273504,0.0,0.5057692307692307,0.5486111111111112,0.057777777777777775,0.0,0.49760765550239233,0.0,,ok,phase3-opencv-v1,Aggregated from Phase 3 frame features.
fei_face_database,image,FEI Face Database/frontalimages_manuallyaligned_part1/84b.jpg,84,generic_smile,basic_expression_support,fei_subject_84,False,1,1,1.0,1.0,260.0,360.0,112.81127136752137,72.61430358059448,72.61429595947266,130.58460459812622,0.05088675213675214,105.815328854314,0.055162659123055166,0.10038411617279053,0.25101661951909476,0.43594017094017096,0.0,0.5,0.5527777777777778,0.057777777777777775,0.0,0.5148514851485149,0.0,,ok,phase3-opencv-v1,Aggregated from Phase 3 frame features.
fei_face_database,image,FEI Face Database/frontalimages_manuallyaligned_part1/85a.jpg,85,neutral,basic_expression_support,fei_subject_85,False,1,1,1.0,0.0,260.0,360.0,97.5882905982906,47.78088838137946,47.78089141845703,67.13058686536635,0.031025641025641027,98.2042652329749,0.031827956989247314,0.14421026408672333,0.25308243727598567,0.5408653846153846,0.0,0.5057692307692307,0.5513888888888889,,,,,,ok,phase3-opencv-v1,Aggregated from Phase 3 frame features.
fei_face_database,image,FEI Face Database/frontalimages_manuallyaligned_part1/85b.jpg,85,generic_smile,basic_expression_support,fei_subject_85,False,1,1,1.0,1.0,260.0,360.0,96.25413461538461,48.82563800178165,48.82563781738281,50.13990116962068,0.029252136752136754,94.82872246696036,0.033797356828193834,0.15300947427749634,0.25677533039647576,0.5505235042735043,0.0,0.4980769230769231,0.5597222222222222,0.057777777777777775,0.0,0.4581497797356828,0.0,,ok,phase3-opencv-v1,Aggregated from Phase 3 frame features.
fei_face_database,image,FEI Face Database/frontalimages_manuallyaligned_part1/86a.jpg,86,neutral,basic_expression_support,fei_subject_86,False,1,1,1.0,1.0,260.0,360.0,102.35753205128205,66.03646753698997,66.03646850585938,108.08242596416373,0.044583333333333336,101.98423937871173,0.03887619917770672,0.11129548400640488,0.2539515760621288,0.4230876068376068,0.0,0.5211538461538462,0.5569444444444445,0.057777777777777775,0.0,0.5226130653266332,0.0,,ok,phase3-opencv-v1,Aggregated from Phase 3 frame features.
fei_face_database,image,FEI Face Database/frontalimages_manuallyaligned_part1/86b.jpg,86,generic_smile,basic_expression_support,fei_subject_86,False,1,1,1.0,1.0,260.0,360.0,104.5813888888889,66.5473541296777,66.54735565185547,102.14779614460059,0.04532051282051282,98.31603712497302,0.0405352903086553,0.0977255180478096,0.25542844808979065,0.44898504273504275,0.0,0.5134615384615384,0.5597222222222222,0.057777777777777775,0.0,0.5073170731707317,0.0,,ok,phase3-opencv-v1,Aggregated from Phase 3 frame features.
fei_face_database,image,FEI Face Database/frontalimages_manuallyaligned_part1/87a.jpg,87,neutral,basic_expression_support,fei_subject_87,False,1,1,1.0,0.0,260.0,360.0,100.76169871794872,56.25070879799427,56.25071334838867,51.36194345779458,0.026794871794871795,94.45591860517234,0.019676392810721168,0.07842501252889633,0.2531934919994622,0.4316346153846154,0.0,0.5173076923076924,0.5597222222222222,,,,,,ok,phase3-opencv-v1,Aggregated from Phase 3 frame features.
fei_face_database,image,FEI Face Database/frontalimages_manuallyaligned_part1/87b.jpg,87,generic_smile,basic_expression_support,fei_subject_87,False,1,1,1.0,1.0,260.0,360.0,97.58548076923077,55.92176885167019,55.92176818847656,59.7201712647929,0.03210470085470085,91.64210869463977,0.02910631956410376,0.07886200398206711,0.25315512504074883,0.41462606837606836,0.0,0.5173076923076924,0.5541666666666667,0.057777777777777775,0.0,0.5279187817258884,0.0,,ok,phase3-opencv-v1,Aggregated from Phase 3 frame features.
fei_face_database,image,FEI Face Database/frontalimages_manuallyaligned_part1/88a.jpg,88,neutral,basic_expression_support,fei_subject_88,False,1,1,1.0,0.0,260.0,360.0,88.17042735042735,52.21020417820822,52.210208892822266,62.06275287080411,0.025662393162393164,93.83597094801223,0.015175840978593272,0.10321371257305145,0.2514525993883792,0.5077350427350428,0.0,0.5192307692307693,0.5472222222222223,,,,,,ok,phase3-opencv-v1,Aggregated from Phase 3 frame features.
fei_face_database,image,FEI Face Database/frontalimages_manuallyaligned_part1/88b.jpg,88,generic_smile,basic_expression_support,fei_subject_88,False,1,1,1.0,1.0,260.0,360.0,93.4113141025641,53.54165482573603,53.54165267944336,78.33329388514501,0.02878205128205128,92.79870938525983,0.02226499113174082,0.0969821885228157,0.2621985735310766,0.5124038461538462,0.0,0.5134615384615384,0.5319444444444444,0.16641025641025642,0.0,0.8082191780821918,0.0,,ok,phase3-opencv-v1,Aggregated from Phase 3 frame features.
fei_face_database,image,FEI Face Database/frontalimages_manuallyaligned_part1/89a.jpg,89,neutral,basic_expression_support,fei_subject_89,False,1,1,1.0,0.0,260.0,360.0,85.12737179487179,52.02587943636057,52.02587890625,65.99472210534006,0.02997863247863248,102.27598202071526,0.023881180379128397,0.12992948293685913,0.2540551104162595,0.49385683760683763,0.0,0.5134615384615384,0.5375,,,,,,ok,phase3-opencv-v1,Aggregated from Phase 3 frame features.
fei_face_database,image,FEI Face Database/frontalimages_manuallyaligned_part1/89b.jpg,89,generic_smile,basic_expression_support,fei_subject_89,False,1,1,1.0,1.0,260.0,360.0,88.97662393162393,53.42359577974942,53.4235954284668,61.505585669949404,0.03383547008547009,101.04795659749723,0.035799144622208144,0.10797980427742004,0.2551481070806273,0.4892735042735043,0.0,0.5153846153846153,0.5416666666666666,0.057777777777777775,0.0,0.48598130841121495,0.0,,ok,phase3-opencv-v1,Aggregated from Phase 3 frame features.
fei_face_database,image,FEI Face Database/frontalimages_manuallyaligned_part1/8a.jpg,8,neutral,basic_expression_support,fei_subject_8,False,1,1,1.0,1.0,260.0,360.0,92.3433547008547,54.79891730973005,54.798919677734375,80.27192782423387,0.02705128205128205,91.39600178028336,0.014835694681403456,0.14503666758537292,0.26162747570655,0.5218055555555555,0.0,0.5019230769230769,0.5569444444444445,0.057777777777777775,0.0,0.47058823529411764,0.0,,ok,phase3-opencv-v1,Aggregated from Phase 3 frame features.
fei_face_database,image,FEI Face Database/frontalimages_manuallyaligned_part1/8b.jpg,8,generic_smile,basic_expression_support,fei_subject_8,False,1,1,1.0,1.0,260.0,360.0,91.44912393162393,54.76345341949397,54.76345443725586,100.94507340519763,0.02608974358974359,88.92477843697355,0.017871530066652017,0.13651470839977264,0.25774555042847724,0.5265384615384615,0.0,0.5038461538461538,0.5638888888888889,0.057777777777777775,0.0,0.46846846846846846,0.0,,ok,phase3-opencv-v1,Aggregated from Phase 3 frame features.
fei_face_database,image,FEI Face Database/frontalimages_manuallyaligned_part1/90a.jpg,90,neutral,basic_expression_support,fei_subject_90,False,1,1,1.0,0.0,260.0,360.0,84.4256623931624,55.38364109027084,55.38364028930664,72.25530445932866,0.033846153846153845,95.67222727272727,0.024636363636363637,0.07151978462934494,0.26245454545454544,0.42735042735042733,0.0,0.5230769230769231,0.5444444444444444,,,,,,ok,phase3-opencv-v1,Aggregated from Phase 3 frame features.
fei_face_database,image,FEI Face Database/frontalimages_manuallyaligned_part1/90b.jpg,90,generic_smile,basic_expression_support,fei_subject_90,False,1,1,1.0,1.0,260.0,360.0,84.45933760683761,56.179487165634704,56.17948913574219,55.03232839312132,0.03431623931623932,90.21276500380978,0.03989063690556228,0.08585020154714584,0.26032002151405137,0.4316346153846154,0.0,0.5173076923076924,0.5486111111111112,0.057777777777777775,0.0,0.5174129353233831,0.0,,ok,phase3-opencv-v1,Aggregated from Phase 3 frame features.
fei_face_database,image,FEI Face Database/frontalimages_manuallyaligned_part1/91a.jpg,91,neutral,basic_expression_support,fei_subject_91,False,1,1,1.0,1.0,260.0,360.0,102.37208333333334,52.20271205477161,52.20271301269531,57.259667652403394,0.03064102564102564,102.86088230635197,0.03516553144305402,0.11151933670043945,0.2512672263583082,0.4892735042735043,0.0,0.5269230769230769,0.5472222222222223,0.057777777777777775,0.0,0.48598130841121495,0.0,,ok,phase3-opencv-v1,Aggregated from Phase 3 frame features.
fei_face_database,image,FEI Face Database/frontalimages_manuallyaligned_part1/91b.jpg,91,generic_smile,basic_expression_support,fei_subject_91,False,1,1,1.0,1.0,260.0,360.0,106.26314102564102,53.747001390868554,53.747005462646484,53.460010472710756,0.032254273504273505,98.16826389988911,0.04490733407254871,0.11620372533798218,0.2567717408522097,0.4892735042735043,0.0,0.5192307692307693,0.5416666666666666,0.057777777777777775,0.0,0.48598130841121495,0.0,,ok,phase3-opencv-v1,Aggregated from Phase 3 frame features.
fei_face_database,image,FEI Face Database/frontalimages_manuallyaligned_part1/92a.jpg,92,neutral,basic_expression_support,fei_subject_92,False,1,1,1.0,0.0,260.0,360.0,99.12114316239317,51.12389983328017,51.123897552490234,40.13858326473355,0.025555555555555557,94.62548368184483,0.017236662106703146,0.10486508160829544,0.2585499316005472,0.49385683760683763,0.0,0.5211538461538462,0.5402777777777777,,,,,,ok,phase3-opencv-v1,Aggregated from Phase 3 frame features.
fei_face_database,image,FEI Face Database/frontalimages_manuallyaligned_part1/92b.jpg,92,generic_smile,basic_expression_support,fei_subject_92,False,1,1,1.0,1.0,260.0,360.0,99.8769764957265,51.73924703349929,51.7392463684082,36.01939567125064,0.023504273504273504,87.70763305322129,0.02357609710550887,0.08771870285272598,0.26151571739807034,0.49846153846153846,0.0,0.5153846153846153,0.5416666666666666,0.057777777777777775,0.0,0.48148148148148145,0.0,,ok,phase3-opencv-v1,Aggregated from Phase 3 frame features.
fei_face_database,image,FEI Face Database/frontalimages_manuallyaligned_part1/93a.jpg,93,neutral,basic_expression_support,fei_subject_93,False,1,1,1.0,0.0,260.0,360.0,81.24444444444444,51.968002884819974,51.96800231933594,60.199940597263314,0.021698717948717947,83.57452659426343,0.022521581732108047,0.08935055136680603,0.2544555834029518,0.5553846153846154,0.0,0.5115384615384615,0.5527777777777778,,,,,,ok,phase3-opencv-v1,Aggregated from Phase 3 frame features.
fei_face_database,image,FEI Face Database/frontalimages_manuallyaligned_part1/93b.jpg,93,generic_smile,basic_expression_support,fei_subject_93,False,1,1,1.0,1.0,260.0,360.0,77.89217948717949,52.06472548371191,52.064727783203125,29.187835645294584,0.016495726495726497,83.99403895473765,0.019858598461218548,0.10769352316856384,0.2501906148194358,0.5602670940170941,0.0,0.5019230769230769,0.5625,0.057777777777777775,0.0,0.45414847161572053,0.0,,ok,phase3-opencv-v1,Aggregated from Phase 3 frame features.
fei_face_database,image,FEI Face Database/frontalimages_manuallyaligned_part1/94a.jpg,94,neutral,basic_expression_support,fei_subject_94,False,1,1,1.0,0.0,260.0,360.0,87.40997863247863,46.48463185524322,46.4846305847168,58.929897937098225,0.022115384615384617,94.46074122903391,0.018970189701897018,0.1107032373547554,0.2649234600454113,0.5265384615384615,0.0,0.5115384615384615,0.5444444444444444,,,,,,ok,phase3-opencv-v1,Aggregated from Phase 3 frame features.
fei_face_database,image,FEI Face Database/frontalimages_manuallyaligned_part1/94b.jpg,94,generic_smile,basic_expression_support,fei_subject_94,False,1,1,1.0,1.0,260.0,360.0,84.09918803418803,46.21045261588165,46.210453033447266,89.32914536477739,0.021784188034188034,91.44974910394265,0.01989247311827957,0.10687573999166489,0.268494623655914,0.5408653846153846,0.0,0.5057692307692307,0.5597222222222222,0.057777777777777775,0.0,0.4622222222222222,0.0,,ok,phase3-opencv-v1,Aggregated from Phase 3 frame features.
fei_face_database,image,FEI Face Database/frontalimages_manuallyaligned_part1/95a.jpg,95,neutral,basic_expression_support,fei_subject_95,False,1,1,1.0,1.0,260.0,360.0,78.29096153846154,50.92235164383801,50.9223518371582,84.17205801179323,0.02436965811965812,85.76958525345623,0.025844854070660523,0.06985475867986679,0.2625192012288787,0.5030876068376068,0.0,0.5173076923076924,0.5541666666666667,0.057777777777777775,0.0,0.4792626728110599,0.0,,ok,phase3-opencv-v1,Aggregated from Phase 3 frame features.
fei_face_database,image,FEI Face Database/frontalimages_manuallyaligned_part1/95b.jpg,95,generic_smile,basic_expression_support,fei_subject_95,False,1,1,1.0,1.0,260.0,360.0,82.42336538461538,52.728767580463405,52.72876739501953,61.62269650711795,0.022393162393162393,82.21195144724557,0.03057889822595705,0.08552144467830658,0.25828664799253037,0.49846153846153846,0.0,0.5076923076923077,0.5527777777777778,0.057777777777777775,0.0,0.48148148148148145,0.0,,ok,phase3-opencv-v1,Aggregated from Phase 3 frame features.
fei_face_database,image,FEI Face Database/frontalimages_manuallyaligned_part1/96a.jpg,96,neutral,basic_expression_support,fei_subject_96,False,1,1,1.0,0.0,260.0,360.0,86.62772435897436,60.63680328796903,60.636802673339844,40.785858225468445,0.021388888888888888,95.30615396800253,0.023839695865674006,0.059184130281209946,0.2576033581498495,0.4892735042735043,0.0,0.5115384615384615,0.5555555555555556,,,,,,ok,phase3-opencv-v1,Aggregated from Phase 3 frame features.
fei_face_database,image,FEI Face Database/frontalimages_manuallyaligned_part1/96b.jpg,96,generic_smile,basic_expression_support,fei_subject_96,False,1,1,1.0,1.0,260.0,360.0,82.79727564102564,59.725402824743405,59.72540283203125,22.964017495685408,0.01872863247863248,90.3141923436041,0.02750544662309368,0.076335109770298,0.2540460628695923,0.49846153846153846,0.0,0.5115384615384615,0.5555555555555556,0.16641025641025642,0.0,0.8194444444444444,0.0,,ok,phase3-opencv-v1,Aggregated from Phase 3 frame features.
fei_face_database,image,FEI Face Database/frontalimages_manuallyaligned_part1/97a.jpg,97,neutral,basic_expression_support,fei_subject_97,False,1,1,1.0,1.0,260.0,360.0,83.79565170940171,57.1962021360219,57.196205139160156,65.08419567615877,0.032735042735042734,87.36914600550965,0.03075587758028605,0.09267526865005493,0.2541982716328918,0.5124038461538462,0.0,0.5134615384615384,0.5569444444444445,0.057777777777777775,0.0,0.4748858447488584,0.0,,ok,phase3-opencv-v1,Aggregated from Phase 3 frame features.
fei_face_database,image,FEI Face Database/frontalimages_manuallyaligned_part1/97b.jpg,97,generic_smile,basic_expression_support,fei_subject_97,False,1,1,1.0,1.0,260.0,360.0,82.13566239316239,56.40083606995818,56.40083694458008,59.308568090711525,0.032435897435897434,79.15048458149779,0.04,0.1044614240527153,0.2534625550660793,0.5505235042735043,0.0,0.5057692307692307,0.5736111111111111,0.16641025641025642,0.0,0.7797356828193832,0.0,,ok,phase3-opencv-v1,Aggregated from Phase 3 frame features.
fei_face_database,image,FEI Face Database/frontalimages_manuallyaligned_part1/98a.jpg,98,neutral,basic_expression_support,fei_subject_98,False,1,1,1.0,1.0,260.0,360.0,90.4807264957265,67.97576532314349,67.97576141357422,65.68325395561673,0.023493589743589744,85.33010033444816,0.02127926421404682,0.073466457426548,0.2507943143812709,0.4622222222222222,0.0,0.5115384615384615,0.5527777777777778,0.057777777777777775,0.0,0.5,0.0,,ok,phase3-opencv-v1,Aggregated from Phase 3 frame features.
fei_face_database,image,FEI Face Database/frontalimages_manuallyaligned_part1/98b.jpg,98,generic_smile,basic_expression_support,fei_subject_98,False,1,1,1.0,1.0,260.0,360.0,86.05284188034189,66.36194128015488,66.3619384765625,53.57619098546278,0.02466880341880342,82.13929146537842,0.0276294601237393,0.0959668830037117,0.2528180354267311,0.45778846153846153,0.0,0.5019230769230769,0.5569444444444445,0.057777777777777775,0.0,0.5024154589371981,0.0,,ok,phase3-opencv-v1,Aggregated from Phase 3 frame features.
fei_face_database,image,FEI Face Database/frontalimages_manuallyaligned_part1/99a.jpg,99,neutral,basic_expression_support,fei_subject_99,False,1,1,1.0,1.0,260.0,360.0,96.14804487179487,59.013694045134024,59.013694763183594,77.77478321725016,0.04248931623931624,106.86732348111659,0.031239737274220032,0.07774944603443146,0.25020525451559933,0.47115384615384615,0.0,0.5230769230769231,0.5611111111111111,0.057777777777777775,0.0,0.49523809523809526,0.0,,ok,phase3-opencv-v1,Aggregated from Phase 3 frame features.
fei_face_database,image,FEI Face Database/frontalimages_manuallyaligned_part1/99b.jpg,99,generic_smile,basic_expression_support,fei_subject_99,False,1,1,1.0,1.0,260.0,360.0,94.53120726495726,58.04896518836444,58.0489616394043,50.751795561673624,0.036570512820512824,101.58405902273827,0.036606998871149814,0.09810467064380646,0.2553620383809063,0.4801709401709402,0.0,0.5038461538461538,0.5611111111111111,0.16641025641025642,0.0,0.8349056603773585,0.0,,ok,phase3-opencv-v1,Aggregated from Phase 3 frame features.
fei_face_database,image,FEI Face Database/frontalimages_manuallyaligned_part1/9a.jpg,9,neutral,basic_expression_support,fei_subject_9,False,1,1,1.0,0.0,260.0,360.0,77.1333547008547,49.7903104596573,49.79030990600586,52.78025958753379,0.0225,90.31734513274337,0.020283185840707964,0.09387749433517456,0.2513982300884956,0.5456837606837607,0.0,0.5076923076923077,0.5444444444444444,,,,,,ok,phase3-opencv-v1,Aggregated from Phase 3 frame features.
fei_face_database,image,FEI Face Database/frontalimages_manuallyaligned_part1/9b.jpg,9,generic_smile,basic_expression_support,fei_subject_9,False,1,1,1.0,1.0,260.0,360.0,79.74847222222222,50.78627869252802,50.786277770996094,51.799613258706806,0.024391025641025642,89.77367611513952,0.02801582069874753,0.07686135917901993,0.26543616787519225,0.5265384615384615,0.0,0.5115384615384615,0.5472222222222223,0.057777777777777775,0.0,0.46846846846846846,0.0,,ok,phase3-opencv-v1,Aggregated from Phase 3 frame features.
fei_face_database,image,FEI Face Database/frontalimages_manuallyaligned_part2/101a.jpg,101,neutral,basic_expression_support,fei_subject_101,False,1,1,1.0,0.0,260.0,360.0,99.68144230769231,71.25912856241861,71.25912475585938,71.57502320795895,0.030032051282051282,111.1548137397194,0.018424447669730688,0.09302105009555817,0.2543944525076601,0.4801709401709402,0.0,0.5153846153846153,0.5472222222222223,,,,,,ok,phase3-opencv-v1,Aggregated from Phase 3 frame features.
fei_face_database,image,FEI Face Database/frontalimages_manuallyaligned_part2/101b.jpg,101,generic_smile,basic_expression_support,fei_subject_101,False,1,1,1.0,1.0,260.0,360.0,103.11145299145299,72.62669326051677,72.62669372558594,84.58543631337206,0.040587606837606836,106.71468926553672,0.04483965942547943,0.12074781954288483,0.2526458184133047,0.48471153846153847,0.0,0.5019230769230769,0.5458333333333333,0.057777777777777775,0.0,0.48826291079812206,0.0,,ok,phase3-opencv-v1,Aggregated from Phase 3 frame features.
fei_face_database,image,FEI Face Database/frontalimages_manuallyaligned_part2/102a.jpg,102,neutral,basic_expression_support,fei_subject_102,False,1,1,1.0,1.0,260.0,360.0,89.03044871794872,57.7453873191293,57.745384216308594,57.64348929797647,0.027008547008547008,84.05446261284278,0.023846022824050416,0.0842636227607727,0.25106455459035937,0.45337606837606836,0.0,0.5153846153846153,0.5527777777777778,0.057777777777777775,0.0,0.5048543689320388,0.0,,ok,phase3-opencv-v1,Aggregated from Phase 3 frame features.
fei_face_database,image,FEI Face Database/frontalimages_manuallyaligned_part2/102b.jpg,102,generic_smile,basic_expression_support,fei_subject_102,False,1,1,1.0,1.0,260.0,360.0,94.04712606837607,59.4628707976049,59.462867736816406,46.29773411817882,0.03196581196581197,85.33767135172653,0.03930244664237376,0.12703555822372437,0.2523425299323269,0.44461538461538463,0.0,0.49230769230769234,0.5527777777777778,0.057777777777777775,0.0,0.5098039215686274,0.0,,ok,phase3-opencv-v1,Aggregated from Phase 3 frame features.
fei_face_database,image,FEI Face Database/frontalimages_manuallyaligned_part2/103a.jpg,103,neutral,basic_expression_support,fei_subject_103,False,1,1,1.0,1.0,260.0,360.0,66.71525641025642,54.92280412124905,54.92280197143555,69.20870214725328,0.026121794871794873,80.97235161532682,0.02501878287002254,0.08179549127817154,0.2523290758827949,0.5170940170940171,0.0,0.5076923076923077,0.5666666666666667,0.057777777777777775,0.0,0.4727272727272727,0.0,,ok,phase3-opencv-v1,Aggregated from Phase 3 frame features.
fei_face_database,image,FEI Face Database/frontalimages_manuallyaligned_part2/103b.jpg,103,generic_smile,basic_expression_support,fei_subject_103,False,1,1,1.0,1.0,260.0,360.0,67.83520299145299,55.22258601764217,55.222591400146484,61.44045150805392,0.026645299145299145,80.51660405709993,0.028324567993989483,0.09012360125780106,0.2521412471825695,0.5170940170940171,0.0,0.5115384615384615,0.5611111111111111,0.16641025641025642,0.0,0.8045454545454546,0.0,,ok,phase3-opencv-v1,Aggregated from Phase 3 frame features.
fei_face_database,image,FEI Face Database/frontalimages_manuallyaligned_part2/104a.jpg,104,neutral,basic_expression_support,fei_subject_104,False,1,1,1.0,1.0,260.0,360.0,90.46886752136753,57.88811242978392,57.88811111450195,51.20007286142158,0.027008547008547008,98.20113600995954,0.01984126984126984,0.1314244270324707,0.2504668534080299,0.49846153846153846,0.0,0.5192307692307693,0.5555555555555556,0.057777777777777775,0.0,0.48148148148148145,0.0,,ok,phase3-opencv-v1,Aggregated from Phase 3 frame features.
fei_face_database,image,FEI Face Database/frontalimages_manuallyaligned_part2/104b.jpg,104,generic_smile,basic_expression_support,fei_subject_104,False,1,1,1.0,1.0,260.0,360.0,86.99239316239316,57.62344965969175,57.623451232910156,59.12282310055063,0.02996794871794872,92.3690082644628,0.03155522163786627,0.0831216424703598,0.2507137490608565,0.5170940170940171,0.0,0.5076923076923077,0.5555555555555556,0.16641025641025642,0.0,0.8045454545454546,0.0,,ok,phase3-opencv-v1,Aggregated from Phase 3 frame features.
fei_face_database,image,FEI Face Database/frontalimages_manuallyaligned_part2/105a.jpg,105,neutral,basic_expression_support,fei_subject_105,False,1,1,1.0,0.0,260.0,360.0,79.53692307692307,62.80683063404193,62.806827545166016,54.01583068419442,0.020886752136752135,92.36684403185026,0.01860447564059021,0.09517675638198853,0.25155666251556663,0.5124038461538462,0.0,0.5173076923076924,0.5513888888888889,,,,,,ok,phase3-opencv-v1,Aggregated from Phase 3 frame features.
fei_face_database,image,FEI Face Database/frontalimages_manuallyaligned_part2/105b.jpg,105,generic_smile,basic_expression_support,fei_subject_105,False,1,1,1.0,1.0,260.0,360.0,80.90763888888888,63.626128567744644,63.626129150390625,30.01512590355394,0.023108974358974358,91.53446934329287,0.03287426081543728,0.09037244319915771,0.2561079987550576,0.49846153846153846,0.0,0.5076923076923077,0.55,0.057777777777777775,0.0,0.48148148148148145,0.0,,ok,phase3-opencv-v1,Aggregated from Phase 3 frame features.
fei_face_database,image,FEI Face Database/frontalimages_manuallyaligned_part2/106a.jpg,106,neutral,basic_expression_support,fei_subject_106,False,1,1,1.0,0.0,260.0,360.0,74.92569444444445,50.37893864953533,50.378936767578125,66.62631475991216,0.034123931623931625,88.0996619083396,0.03328324567993989,0.10732516646385193,0.2514650638617581,0.5170940170940171,0.0,0.5269230769230769,0.5611111111111111,,,,,,ok,phase3-opencv-v1,Aggregated from Phase 3 frame features.
fei_face_database,image,FEI Face Database/frontalimages_manuallyaligned_part2/106b.jpg,106,generic_smile,basic_expression_support,fei_subject_106,False,1,1,1.0,1.0,260.0,360.0,73.05235042735043,49.95106445942206,49.95106887817383,70.88264191036141,0.035897435897435895,84.47635759839994,0.03630325672666893,0.0944586917757988,0.25159439978867126,0.5124038461538462,0.0,0.5288461538461539,0.5652777777777778,0.057777777777777775,0.0,0.4748858447488584,0.0,,ok,phase3-opencv-v1,Aggregated from Phase 3 frame features.
fei_face_database,image,FEI Face Database/frontalimages_manuallyaligned_part2/107a.jpg,107,neutral,basic_expression_support,fei_subject_107,False,1,1,1.0,0.0,260.0,360.0,86.9115811965812,48.450248983463915,48.45024871826172,80.07921928373148,0.025074786324786325,79.85843038350271,0.017543208960759588,0.09612664580345154,0.2591795860841184,0.5218055555555555,0.0,0.5134615384615384,0.5375,,,,,,ok,phase3-opencv-v1,Aggregated from Phase 3 frame features.
fei_face_database,image,FEI Face Database/frontalimages_manuallyaligned_part2/107b.jpg,107,generic_smile,basic_expression_support,fei_subject_107,False,1,1,1.0,1.0,260.0,360.0,87.80647435897436,48.643359197120745,48.64336013793945,75.73514466896322,0.02763888888888889,77.64089861751152,0.024961597542242704,0.09231148660182953,0.255568356374808,0.5030876068376068,0.0,0.5096153846153846,0.5486111111111112,0.057777777777777775,0.0,0.4792626728110599,0.0,,ok,phase3-opencv-v1,Aggregated from Phase 3 frame features.
fei_face_database,image,FEI Face Database/frontalimages_manuallyaligned_part2/108a.jpg,108,neutral,basic_expression_support,fei_subject_108,False,1,1,1.0,1.0,260.0,360.0,76.38416666666667,50.106599627480534,50.10660171508789,41.30597649161736,0.02418803418803419,96.1124111866969,0.02412698412698413,0.10497160255908966,0.2523960695389267,0.6412927350427351,0.0,0.5096153846153846,0.5763888888888888,0.057777777777777775,0.0,0.42448979591836733,0.0,,ok,phase3-opencv-v1,Aggregated from Phase 3 frame features.
fei_face_database,image,FEI Face Database/frontalimages_manuallyaligned_part2/108b.jpg,108,generic_smile,basic_expression_support,fei_subject_108,False,1,1,1.0,1.0,260.0,360.0,81.29363247863247,51.67730161482616,51.67729949951172,30.095233230604865,0.024583333333333332,93.41757768501955,0.02623732856290996,0.0920574814081192,0.2520042403763334,0.585,0.0,0.5115384615384615,0.5583333333333333,0.16641025641025642,0.0,0.7564102564102564,0.0,,ok,phase3-opencv-v1,Aggregated from Phase 3 frame features.
fei_face_database,image,FEI Face Database/frontalimages_manuallyaligned_part2/109a.jpg,109,neutral,basic_expression_support,fei_subject_109,False,1,1,1.0,0.0,260.0,360.0,89.48430555555555,47.981112842261695,47.98111343383789,111.08498847797502,0.0280982905982906,87.7871995169629,0.02109513566549681,0.11227181553840637,0.25936827804822826,0.5124038461538462,0.0,0.5057692307692307,0.5458333333333333,,,,,,ok,phase3-opencv-v1,Aggregated from Phase 3 frame features.
fei_face_database,image,FEI Face Database/frontalimages_manuallyaligned_part2/109b.jpg,109,generic_smile,basic_expression_support,fei_subject_109,False,1,1,1.0,1.0,260.0,360.0,89.46220085470085,48.345099393084084,48.34510040283203,144.76131336109285,0.030865384615384614,86.36817204301076,0.02985663082437276,0.11343380063772202,0.2577060931899642,0.5408653846153846,0.0,0.5019230769230769,0.5513888888888889,0.057777777777777775,0.0,0.4622222222222222,0.0,,ok,phase3-opencv-v1,Aggregated from Phase 3 frame features.
fei_face_database,image,FEI Face Database/frontalimages_manuallyaligned_part2/110a.jpg,110,neutral,basic_expression_support,fei_subject_110,False,1,1,1.0,0.0,260.0,360.0,83.29334401709401,41.94262343757358,41.942623138427734,90.95130511679083,0.028226495726495725,92.94403524229075,0.013215859030837005,0.07739246636629105,0.25959471365638764,0.5505235042735043,0.0,0.5211538461538462,0.5486111111111112,,,,,,ok,phase3-opencv-v1,Aggregated from Phase 3 frame features.
fei_face_database,image,FEI Face Database/frontalimages_manuallyaligned_part2/110b.jpg,110,generic_smile,basic_expression_support,fei_subject_110,False,1,1,1.0,1.0,260.0,360.0,84.26895299145299,42.00758597768984,42.00758743286133,63.652064504232406,0.025982905982905983,92.87291190129618,0.011055659527275248,0.08234584331512451,0.2630137935814792,0.5602670940170941,0.0,0.5096153846153846,0.5513888888888889,0.057777777777777775,0.0,0.45414847161572053,0.0,,ok,phase3-opencv-v1,Aggregated from Phase 3 frame features.
fei_face_database,image,FEI Face Database/frontalimages_manuallyaligned_part2/111a.jpg,111,neutral,basic_expression_support,fei_subject_111,False,1,1,1.0,0.0,260.0,360.0,64.03227564102563,50.06571552146397,50.06571960449219,56.59487534471108,0.02175213675213675,85.66704785362421,0.023926812104152005,0.06356047093868256,0.2522871217452498,0.440267094017094,0.0,0.5211538461538462,0.5569444444444445,,,,,,ok,phase3-opencv-v1,Aggregated from Phase 3 frame features.
fei_face_database,image,FEI Face Database/frontalimages_manuallyaligned_part2/111b.jpg,111,generic_smile,basic_expression_support,fei_subject_111,False,1,1,1.0,1.0,260.0,360.0,63.49633547008547,49.156674858582704,49.156673431396484,35.290841167634596,0.01998931623931624,80.87754515599343,0.02105911330049261,0.0876026302576065,0.25024630541871923,0.47115384615384615,0.0,0.5115384615384615,0.5666666666666667,0.057777777777777775,0.0,0.49523809523809526,0.0,,ok,phase3-opencv-v1,Aggregated from Phase 3 frame features.
fei_face_database,image,FEI Face Database/frontalimages_manuallyaligned_part2/112a.jpg,112,neutral,basic_expression_support,fei_subject_112,False,1,1,1.0,0.0,260.0,360.0,86.01239316239317,47.59360745248409,47.593605041503906,73.06300071213656,0.03264957264957265,99.41954149271223,0.01966600747088552,0.10567813366651535,0.25774555042847724,0.5265384615384615,0.0,0.5192307692307693,0.55,,,,,,ok,phase3-opencv-v1,Aggregated from Phase 3 frame features.
fei_face_database,image,FEI Face Database/frontalimages_manuallyaligned_part2/112b.jpg,112,generic_smile,basic_expression_support,fei_subject_112,False,1,1,1.0,1.0,260.0,360.0,84.37798076923077,47.19392937954713,47.193931579589844,41.36457525191303,0.02488247863247863,96.94322466960352,0.01575330396475771,0.09995821863412857,0.25138325991189425,0.5505235042735043,0.0,0.5019230769230769,0.5513888888888889,0.057777777777777775,0.0,0.4581497797356828,0.0,,ok,phase3-opencv-v1,Aggregated from Phase 3 frame features.
fei_face_database,image,FEI Face Database/frontalimages_manuallyaligned_part2/113a.jpg,113,neutral,basic_expression_support,fei_subject_113,False,1,1,1.0,1.0,260.0,360.0,93.54959401709402,43.6835761672308,43.68357849121094,46.90395313344657,0.028141025641025642,97.28722094686762,0.02016169278371095,0.08703318983316422,0.2641314835146555,0.5800106837606838,0.0,0.5057692307692307,0.5458333333333333,0.057777777777777775,0.0,0.44635193133047213,0.0,,ok,phase3-opencv-v1,Aggregated from Phase 3 frame features.
fei_face_database,image,FEI Face Database/frontalimages_manuallyaligned_part2/113b.jpg,113,generic_smile,basic_expression_support,fei_subject_113,False,1,1,1.0,1.0,260.0,360.0,91.5934188034188,43.85932435362209,43.85932540893555,65.1058274705055,0.031164529914529913,96.11838953381242,0.023340089675081385,0.0980677604675293,0.2535163687734169,0.6308653846153847,0.0,0.4980769230769231,0.5486111111111112,0.16641025641025642,0.0,0.7283950617283951,0.0,,ok,phase3-opencv-v1,Aggregated from Phase 3 frame features.
fei_face_database,image,FEI Face Database/frontalimages_manuallyaligned_part2/114a.jpg,114,neutral,basic_expression_support,fei_subject_114,False,1,1,1.0,0.0,260.0,360.0,85.19284188034187,54.15410438194778,54.15410232543945,86.74271572692949,0.03775641025641026,90.26922286888052,0.03765833618623759,0.1059771403670311,0.2564190345771996,0.5651709401709402,0.0,0.5115384615384615,0.5527777777777778,,,,,,ok,phase3-opencv-v1,Aggregated from Phase 3 frame features.
fei_face_database,image,FEI Face Database/frontalimages_manuallyaligned_part2/114b.jpg,114,generic_smile,basic_expression_support,fei_subject_114,False,1,1,1.0,1.0,260.0,360.0,82.99679487179488,53.21620562393757,53.21620559692383,73.3740691064678,0.0357051282051282,87.29561061946903,0.038584070796460174,0.09747284650802612,0.25649557522123895,0.5456837606837607,0.0,0.5192307692307693,0.55,0.057777777777777775,0.0,0.46017699115044247,0.0,,ok,phase3-opencv-v1,Aggregated from Phase 3 frame features.
fei_face_database,image,FEI Face Database/frontalimages_manuallyaligned_part2/115a.jpg,115,neutral,basic_expression_support,fei_subject_115,False,1,1,1.0,0.0,260.0,360.0,83.0892094017094,47.466705504239876,47.466705322265625,42.92572471224615,0.021303418803418805,101.13602391629297,0.016077873783222136,0.10577119886875153,0.25185023150679936,0.531292735042735,0.0,0.5019230769230769,0.5486111111111112,,,,,,ok,phase3-opencv-v1,Aggregated from Phase 3 frame features.
fei_face_database,image,FEI Face Database/frontalimages_manuallyaligned_part2/115b.jpg,115,generic_smile,basic_expression_support,fei_subject_115,False,1,1,1.0,1.0,260.0,360.0,81.07815170940171,46.77015097957455,46.77014923095703,37.14301654053893,0.020224358974358973,98.92089605734768,0.018566308243727597,0.1072586253285408,0.26275985663082435,0.5408653846153846,0.0,0.5019230769230769,0.5597222222222222,0.057777777777777775,0.0,0.4622222222222222,0.0,,ok,phase3-opencv-v1,Aggregated from Phase 3 frame features.
fei_face_database,image,FEI Face Database/frontalimages_manuallyaligned_part2/116a.jpg,116,neutral,basic_expression_support,fei_subject_116,False,1,1,1.0,0.0,260.0,360.0,90.24202991452991,49.636939676966705,49.636940002441406,38.65076889792899,0.01561965811965812,83.58217170917155,0.017186757484555677,0.10169273614883423,0.2553857120228101,0.4892735042735043,0.0,0.5,0.5611111111111111,,,,,,ok,phase3-opencv-v1,Aggregated from Phase 3 frame features.
fei_face_database,image,FEI Face Database/frontalimages_manuallyaligned_part2/116b.jpg,116,generic_smile,basic_expression_support,fei_subject_116,False,1,1,1.0,1.0,260.0,360.0,94.29542735042735,51.75788998473636,51.75789260864258,58.98286309993424,0.01876068376068376,81.75282874617737,0.025802752293577983,0.10499190539121628,0.26460244648318043,0.5077350427350428,0.0,0.49615384615384617,0.55,0.057777777777777775,0.0,0.47706422018348627,0.0,,ok,phase3-opencv-v1,Aggregated from Phase 3 frame features.
fei_face_database,image,FEI Face Database/frontalimages_manuallyaligned_part2/117a.jpg,117,neutral,basic_expression_support,fei_subject_117,False,1,1,1.0,1.0,260.0,360.0,87.0430235042735,67.27578952522994,67.27578735351562,64.3797234051976,0.018504273504273503,91.62154170211042,0.014177502329161097,0.06593597680330276,0.2517114270668773,0.4756517094017094,0.0,0.5134615384615384,0.5430555555555555,0.057777777777777775,0.0,0.4928909952606635,0.0,,ok,phase3-opencv-v1,Aggregated from Phase 3 frame features.
fei_face_database,image,FEI Face Database/frontalimages_manuallyaligned_part2/117b.jpg,117,generic_smile,basic_expression_support,fei_subject_117,False,1,1,1.0,1.0,260.0,360.0,88.49933760683761,67.55493111172531,67.554931640625,64.88516676893855,0.022916666666666665,91.2417724152278,0.031246099438319117,0.09546560049057007,0.253505304763886,0.4666773504273504,0.0,0.5057692307692307,0.5430555555555555,0.16641025641025642,0.0,0.84688995215311,0.0,,ok,phase3-opencv-v1,Aggregated from Phase 3 frame features.
fei_face_database,image,FEI Face Database/frontalimages_manuallyaligned_part2/118a.jpg,118,neutral,basic_expression_support,fei_subject_118,False,1,1,1.0,0.0,260.0,360.0,80.95236111111112,44.53327918417012,44.53327560424805,57.79547934461522,0.01844017094017094,92.97372258146316,0.011284392037530113,0.10475441068410873,0.25624445289717257,0.610267094017094,0.0,0.49423076923076925,0.5541666666666667,,,,,,ok,phase3-opencv-v1,Aggregated from Phase 3 frame features.
fei_face_database,image,FEI Face Database/frontalimages_manuallyaligned_part2/118b.jpg,118,generic_smile,basic_expression_support,fei_subject_118,False,1,1,1.0,1.0,260.0,360.0,82.42428418803419,45.98157674106501,45.9815788269043,62.94666435824386,0.024305555555555556,88.9391403575504,0.02120578166603271,0.10545095056295395,0.2593508304805376,0.610267094017094,0.0,0.4980769230769231,0.5513888888888889,0.16641025641025642,0.0,0.7405857740585774,0.0,,ok,phase3-opencv-v1,Aggregated from Phase 3 frame features.
fei_face_database,image,FEI Face Database/frontalimages_manuallyaligned_part2/119a.jpg,119,neutral,basic_expression_support,fei_subject_119,False,1,1,1.0,0.0,260.0,360.0,71.19087606837607,53.53799651275742,53.53799819946289,87.14958665614272,0.030096153846153845,76.10268181818182,0.027545454545454547,0.11139287054538727,0.254,0.42735042735042733,0.0,0.5269230769230769,0.5472222222222223,,,,,,ok,phase3-opencv-v1,Aggregated from Phase 3 frame features.
fei_face_database,image,FEI Face Database/frontalimages_manuallyaligned_part2/119b.jpg,119,generic_smile,basic_expression_support,fei_subject_119,False,1,1,1.0,1.0,260.0,360.0,71.26154914529914,53.23815224878776,53.2381477355957,71.13742192351066,0.031933760683760685,72.22277445460944,0.03615411681914145,0.10597387701272964,0.2511435608726249,0.440267094017094,0.0,0.525,0.5541666666666667,0.057777777777777775,0.0,0.5123152709359606,0.0,,ok,phase3-opencv-v1,Aggregated from Phase 3 frame features.
fei_face_database,image,FEI Face Database/frontalimages_manuallyaligned_part2/120a.jpg,120,neutral,basic_expression_support,fei_subject_120,False,1,1,1.0,0.0,260.0,360.0,98.77300213675214,56.98565927490637,56.985660552978516,141.79345747851832,0.03549145299145299,99.94927035330261,0.023809523809523808,0.1208614706993103,0.2649385560675883,0.5030876068376068,0.0,0.5019230769230769,0.5458333333333333,,,,,,ok,phase3-opencv-v1,Aggregated from Phase 3 frame features.
fei_face_database,image,FEI Face Database/frontalimages_manuallyaligned_part2/120b.jpg,120,generic_smile,basic_expression_support,fei_subject_120,False,1,1,1.0,1.0,260.0,360.0,102.46219017094018,60.67828838660446,60.67828369140625,87.22350061625666,0.03295940170940171,96.18081761006289,0.035397516529592,0.12537099421024323,0.2570956297371392,0.4801709401709402,0.0,0.5038461538461538,0.5611111111111111,0.057777777777777775,0.0,0.49056603773584906,0.0,,ok,phase3-opencv-v1,Aggregated from Phase 3 frame features.
fei_face_database,image,FEI Face Database/frontalimages_manuallyaligned_part2/121a.jpg,121,neutral,basic_expression_support,fei_subject_121,False,1,1,1.0,1.0,260.0,360.0,106.71974358974359,53.34139285196109,53.341392517089844,65.56587799407828,0.027254273504273504,97.05001193602291,0.032625129306914934,0.09046665579080582,0.25280496538553354,0.48471153846153847,0.0,0.5173076923076924,0.5458333333333333,0.057777777777777775,0.0,0.48826291079812206,0.0,,ok,phase3-opencv-v1,Aggregated from Phase 3 frame features.
fei_face_database,image,FEI Face Database/frontalimages_manuallyaligned_part2/121b.jpg,121,generic_smile,basic_expression_support,fei_subject_121,False,1,1,1.0,1.0,260.0,360.0,107.3751282051282,53.762598652524716,53.76259994506836,59.08739146349258,0.02783119658119658,95.58659370725034,0.03677936290795388,0.09997890144586563,0.25256986515536445,0.49385683760683763,0.0,0.5134615384615384,0.5430555555555555,0.057777777777777775,0.0,0.48372093023255813,0.0,,ok,phase3-opencv-v1,Aggregated from Phase 3 frame features.
fei_face_database,image,FEI Face Database/frontalimages_manuallyaligned_part2/122a.jpg,122,neutral,basic_expression_support,fei_subject_122,False,1,1,1.0,1.0,260.0,360.0,74.69184829059829,50.45979157733677,50.45979309082031,70.88121488866517,0.027297008547008547,78.91478254608295,0.030025921658986175,0.0910767912864685,0.2567684331797235,0.5360683760683761,0.0,0.5192307692307693,0.55,0.057777777777777775,0.0,0.4642857142857143,0.0,,ok,phase3-opencv-v1,Aggregated from Phase 3 frame features.
fei_face_database,image,FEI Face Database/frontalimages_manuallyaligned_part2/122b.jpg,122,generic_smile,basic_expression_support,fei_subject_122,False,1,1,1.0,1.0,260.0,360.0,76.15535256410256,50.94372565838599,50.9437255859375,57.048247386587775,0.029113247863247864,77.84441065202878,0.034047919293820936,0.0916483998298645,0.25105704324605,0.5218055555555555,0.0,0.5096153846153846,0.5458333333333333,0.16641025641025642,0.0,0.8009049773755657,0.0,,ok,phase3-opencv-v1,Aggregated from Phase 3 frame features.
fei_face_database,image,FEI Face Database/frontalimages_manuallyaligned_part2/123a.jpg,123,neutral,basic_expression_support,fei_subject_123,False,1,1,1.0,1.0,260.0,360.0,83.78805555555556,57.3834626783203,57.38346481323242,66.40880684023212,0.024433760683760682,91.28801652892562,0.0304282494365139,0.09790869057178497,0.26111945905334333,0.5170940170940171,0.0,0.5076923076923077,0.5472222222222223,0.057777777777777775,0.0,0.4727272727272727,0.0,,ok,phase3-opencv-v1,Aggregated from Phase 3 frame features.
fei_face_database,image,FEI Face Database/frontalimages_manuallyaligned_part2/123b.jpg,123,generic_smile,basic_expression_support,fei_subject_123,False,1,1,1.0,1.0,260.0,360.0,80.56251068376068,55.729366869996426,55.72936248779297,77.0631397066075,0.026431623931623932,84.74935483870968,0.03347670250896057,0.10289712995290756,0.2539784946236559,0.5408653846153846,0.0,0.5019230769230769,0.5458333333333333,0.057777777777777775,0.0,0.4622222222222222,0.0,,ok,phase3-opencv-v1,Aggregated from Phase 3 frame features.
fei_face_database,image,FEI Face Database/frontalimages_manuallyaligned_part2/124a.jpg,124,neutral,basic_expression_support,fei_subject_124,False,1,1,1.0,0.0,260.0,360.0,98.42805555555556,51.08313961628379,51.08313751220703,123.16178551939512,0.0372542735042735,97.22295180950225,0.025246235707007812,0.09465137124061584,0.26246273444280915,0.5124038461538462,0.0,0.5019230769230769,0.5486111111111112,,,,,,ok,phase3-opencv-v1,Aggregated from Phase 3 frame features.
fei_face_database,image,FEI Face Database/frontalimages_manuallyaligned_part2/124b.jpg,124,generic_smile,basic_expression_support,fei_subject_124,False,1,1,1.0,1.0,260.0,360.0,95.28708333333333,50.01770784549195,50.01770782470703,85.58380991021531,0.033525641025641026,89.70280890133832,0.03042328042328042,0.0916115939617157,0.2566915655150949,0.49846153846153846,0.0,0.5,0.55,0.057777777777777775,0.0,0.48148148148148145,0.0,,ok,phase3-opencv-v1,Aggregated from Phase 3 frame features.
fei_face_database,image,FEI Face Database/frontalimages_manuallyaligned_part2/125a.jpg,125,neutral,basic_expression_support,fei_subject_125,False,1,1,1.0,1.0,260.0,360.0,79.30768162393163,53.02967965110328,53.02968215942383,58.95941842800332,0.029155982905982907,87.92937788018433,0.0293394777265745,0.08049322664737701,0.2554915514592934,0.5030876068376068,0.0,0.5134615384615384,0.5569444444444445,0.057777777777777775,0.0,0.4792626728110599,0.0,,ok,phase3-opencv-v1,Aggregated from Phase 3 frame features.
fei_face_database,image,FEI Face Database/frontalimages_manuallyaligned_part2/125b.jpg,125,generic_smile,basic_expression_support,fei_subject_125,False,1,1,1.0,1.0,260.0,360.0,79.95415598290599,53.303398678876555,53.30339813232422,59.16076852297008,0.030993589743589744,81.77688172043011,0.03525345622119816,0.07848705351352692,0.25944700460829495,0.5030876068376068,0.0,0.5134615384615384,0.5597222222222222,0.057777777777777775,0.0,0.4792626728110599,0.0,,ok,phase3-opencv-v1,Aggregated from Phase 3 frame features.
fei_face_database,image,FEI Face Database/frontalimages_manuallyaligned_part2/126a.jpg,126,neutral,basic_expression_support,fei_subject_126,False,1,1,1.0,1.0,260.0,360.0,95.04161324786325,48.88204262290166,48.882041931152344,45.04633745890861,0.019797008547008547,106.76295518207283,0.016378773731714907,0.11813618242740631,0.25322906940554,0.49846153846153846,0.0,0.5076923076923077,0.5472222222222223,0.057777777777777775,0.0,0.48148148148148145,0.0,,ok,phase3-opencv-v1,Aggregated from Phase 3 frame features.
fei_face_database,image,FEI Face Database/frontalimages_manuallyaligned_part2/126b.jpg,126,generic_smile,basic_expression_support,fei_subject_126,False,1,1,1.0,1.0,260.0,360.0,95.04259615384615,50.22921724084008,50.229217529296875,50.28246010665498,0.025844017094017093,103.01618425147836,0.026649548708372238,0.11639784276485443,0.26420012449424213,0.49846153846153846,0.0,0.5,0.5527777777777778,0.057777777777777775,0.0,0.48148148148148145,0.0,,ok,phase3-opencv-v1,Aggregated from Phase 3 frame features.
fei_face_database,image,FEI Face Database/frontalimages_manuallyaligned_part2/127a.jpg,127,neutral,basic_expression_support,fei_subject_127,False,1,1,1.0,0.0,260.0,360.0,95.37832264957265,49.71406921112348,49.71406936645508,55.697843487015106,0.026805555555555555,95.85390683696468,0.027235161532682194,0.09192587435245514,0.2548084147257701,0.5170940170940171,0.0,0.5153846153846153,0.5444444444444444,,,,,,ok,phase3-opencv-v1,Aggregated from Phase 3 frame features.
fei_face_database,image,FEI Face Database/frontalimages_manuallyaligned_part2/127b.jpg,127,generic_smile,basic_expression_support,fei_subject_127,False,1,1,1.0,1.0,260.0,360.0,97.09699786324786,50.50285029998874,50.502845764160156,58.5606959219081,0.02780982905982906,94.78673929376409,0.03211870773854245,0.08909031748771667,0.2628099173553719,0.5170940170940171,0.0,0.5115384615384615,0.5472222222222223,0.057777777777777775,0.0,0.4727272727272727,0.0,,ok,phase3-opencv-v1,Aggregated from Phase 3 frame features.
fei_face_database,image,FEI Face Database/frontalimages_manuallyaligned_part2/128a.jpg,128,neutral,basic_expression_support,fei_subject_128,False,1,1,1.0,1.0,260.0,360.0,91.27041666666666,67.87460334081182,67.87460327148438,95.10755032827453,0.03362179487179487,87.42456186014229,0.033532882179420444,0.08514457941055298,0.2541211174735381,0.44461538461538463,0.0,0.5076923076923077,0.5555555555555556,0.057777777777777775,0.0,0.5098039215686274,0.0,,ok,phase3-opencv-v1,Aggregated from Phase 3 frame features.
fei_face_database,image,FEI Face Database/frontalimages_manuallyaligned_part2/128b.jpg,128,generic_smile,basic_expression_support,fei_subject_128,False,1,1,1.0,1.0,260.0,360.0,98.97289529914529,70.9114723033169,70.9114761352539,95.53867330703484,0.04283119658119658,87.98859618104667,0.05016796322489392,0.0890936627984047,0.25132602545968885,0.43594017094017096,0.0,0.5038461538461538,0.5527777777777778,0.057777777777777775,0.0,0.5148514851485149,0.0,,ok,phase3-opencv-v1,Aggregated from Phase 3 frame features.
fei_face_database,image,FEI Face Database/frontalimages_manuallyaligned_part2/129a.jpg,129,neutral,basic_expression_support,fei_subject_129,False,1,1,1.0,1.0,260.0,360.0,97.47417735042735,48.24312687270309,48.243125915527344,53.88052758590382,0.027767094017094016,90.12105911330049,0.026765188834154352,0.08027978986501694,0.25242200328407227,0.47115384615384615,0.0,0.5115384615384615,0.5666666666666667,0.057777777777777775,0.0,0.49523809523809526,0.0,,ok,phase3-opencv-v1,Aggregated from Phase 3 frame features.
fei_face_database,image,FEI Face Database/frontalimages_manuallyaligned_part2/129b.jpg,129,generic_smile,basic_expression_support,fei_subject_129,False,1,1,1.0,1.0,260.0,360.0,96.40787393162393,49.03097960989026,49.030982971191406,47.44869037080411,0.027916666666666666,86.60065681444992,0.032389162561576354,0.0937950387597084,0.25779967159277506,0.47115384615384615,0.0,0.49230769230769234,0.5583333333333333,0.16641025641025642,0.0,0.8428571428571429,0.0,,ok,phase3-opencv-v1,Aggregated from Phase 3 frame features.
fei_face_database,image,FEI Face Database/frontalimages_manuallyaligned_part2/130a.jpg,130,neutral,basic_expression_support,fei_subject_130,False,1,1,1.0,0.0,260.0,360.0,106.46181623931624,47.288003024388836,47.288002014160156,57.19632405581124,0.02691239316239316,98.74976239505781,0.037858387454459054,0.1003863736987114,0.25906858862664345,0.4892735042735043,0.0,0.5192307692307693,0.5416666666666666,,,,,,ok,phase3-opencv-v1,Aggregated from Phase 3 frame features.
fei_face_database,image,FEI Face Database/frontalimages_manuallyaligned_part2/130b.jpg,130,generic_smile,basic_expression_support,fei_subject_130,False,1,1,1.0,1.0,260.0,360.0,106.43650641025641,47.34239244493475,47.34239196777344,36.14664391801812,0.029946581196581196,94.48285191374234,0.04340733667541975,0.11116085201501846,0.2608418874830906,0.48471153846153847,0.0,0.5019230769230769,0.5319444444444444,0.057777777777777775,0.0,0.48826291079812206,0.0,,ok,phase3-opencv-v1,Aggregated from Phase 3 frame features.
fei_face_database,image,FEI Face Database/frontalimages_manuallyaligned_part2/131a.jpg,131,neutral,basic_expression_support,fei_subject_131,False,1,1,1.0,0.0,260.0,360.0,102.18142094017094,46.80641441575674,46.80641174316406,80.1058245119256,0.03231837606837607,93.77353858955689,0.025546078635323488,0.09438619017601013,0.25666736009985436,0.4666773504273504,0.0,0.5134615384615384,0.5513888888888889,,,,,,ok,phase3-opencv-v1,Aggregated from Phase 3 frame features.
fei_face_database,image,FEI Face Database/frontalimages_manuallyaligned_part2/131b.jpg,131,generic_smile,basic_expression_support,fei_subject_131,False,1,1,1.0,1.0,260.0,360.0,102.1619017094017,48.45733304096843,48.45733642578125,68.80205685404339,0.03512820512820513,91.10909530720852,0.030599903241412676,0.0993761271238327,0.26358651830349944,0.4801709401709402,0.0,0.5076923076923077,0.5555555555555556,0.057777777777777775,0.0,0.49056603773584906,0.0,,ok,phase3-opencv-v1,Aggregated from Phase 3 frame features.
fei_face_database,image,FEI Face Database/frontalimages_manuallyaligned_part2/132a.jpg,132,neutral,basic_expression_support,fei_subject_132,False,1,1,1.0,1.0,260.0,360.0,104.49347222222222,52.608054249497116,52.608055114746094,96.49118541518283,0.03378205128205128,93.64571403782752,0.04056047197640118,0.09689363837242126,0.2597171612007635,0.44461538461538463,0.0,0.5115384615384615,0.5388888888888889,0.057777777777777775,0.0,0.5098039215686274,0.0,,ok,phase3-opencv-v1,Aggregated from Phase 3 frame features.
fei_face_database,image,FEI Face Database/frontalimages_manuallyaligned_part2/132b.jpg,132,generic_smile,basic_expression_support,fei_subject_132,False,1,1,1.0,1.0,260.0,360.0,105.02350427350427,54.39428921941971,54.394290924072266,112.37538242829551,0.04311965811965812,96.11271063033077,0.04514250052007489,0.10149616003036499,0.25620969419596423,0.4666773504273504,0.0,0.5096153846153846,0.5402777777777777,0.057777777777777775,0.0,0.49760765550239233,0.0,,ok,phase3-opencv-v1,Aggregated from Phase 3 frame features.
fei_face_database,image,FEI Face Database/frontalimages_manuallyaligned_part2/133a.jpg,133,neutral,basic_expression_support,fei_subject_133,False,1,1,1.0,1.0,260.0,360.0,114.0872329059829,50.22686999485378,50.226871490478516,42.13656693684254,0.02388888888888889,92.48356946814035,0.03197092203842445,0.10217293351888657,0.2635561160151324,0.5218055555555555,0.0,0.5134615384615384,0.5458333333333333,0.057777777777777775,0.0,0.47058823529411764,0.0,,ok,phase3-opencv-v1,Aggregated from Phase 3 frame features.
fei_face_database,image,FEI Face Database/frontalimages_manuallyaligned_part2/133b.jpg,133,generic_smile,basic_expression_support,fei_subject_133,False,1,1,1.0,1.0,260.0,360.0,116.1438888888889,50.952603888282304,50.952606201171875,49.33167618605723,0.02607905982905983,92.59439324116744,0.03317972350230415,0.10793663561344147,0.25341781874039937,0.5030876068376068,0.0,0.5057692307692307,0.5458333333333333,0.057777777777777775,0.0,0.4792626728110599,0.0,,ok,phase3-opencv-v1,Aggregated from Phase 3 frame features.
fei_face_database,image,FEI Face Database/frontalimages_manuallyaligned_part2/134a.jpg,134,neutral,basic_expression_support,fei_subject_134,False,1,1,1.0,1.0,260.0,360.0,88.0007264957265,60.30577391090816,60.3057746887207,69.14419541922346,0.03360042735042735,77.90093100978754,0.02793029362616376,0.07113377004861832,0.2502586138298719,0.48471153846153847,0.0,0.5134615384615384,0.5513888888888889,0.057777777777777775,0.0,0.48826291079812206,0.0,,ok,phase3-opencv-v1,Aggregated from Phase 3 frame features.
fei_face_database,image,FEI Face Database/frontalimages_manuallyaligned_part2/134b.jpg,134,generic_smile,basic_expression_support,fei_subject_134,False,1,1,1.0,1.0,260.0,360.0,88.97145299145299,60.514678918056596,60.514678955078125,55.44030570850682,0.02863247863247863,79.41419690001703,0.028359734287174247,0.08929667621850967,0.2502980752853006,0.45337606837606836,0.0,0.5076923076923077,0.5444444444444444,0.057777777777777775,0.0,0.5048543689320388,0.0,,ok,phase3-opencv-v1,Aggregated from Phase 3 frame features.
fei_face_database,image,FEI Face Database/frontalimages_manuallyaligned_part2/135a.jpg,135,neutral,basic_expression_support,fei_subject_135,False,1,1,1.0,1.0,260.0,360.0,97.2665811965812,57.859673144133566,57.85966873168945,47.796142290228474,0.02661324786324786,82.7425426289661,0.021282106626375998,0.08823801577091217,0.2511115907619253,0.44898504273504275,0.0,0.5173076923076924,0.5458333333333333,0.057777777777777775,0.0,0.5073170731707317,0.0,,ok,phase3-opencv-v1,Aggregated from Phase 3 frame features.
fei_face_database,image,FEI Face Database/frontalimages_manuallyaligned_part2/135b.jpg,135,generic_smile,basic_expression_support,fei_subject_135,False,1,1,1.0,1.0,260.0,360.0,95.1511217948718,58.60162563946268,58.60162353515625,53.24617599429743,0.02939102564102564,80.62549887211522,0.03973624848169356,0.08408984541893005,0.2508242234947076,0.44461538461538463,0.0,0.5076923076923077,0.5472222222222223,0.057777777777777775,0.0,0.5098039215686274,0.0,,ok,phase3-opencv-v1,Aggregated from Phase 3 frame features.
fei_face_database,image,FEI Face Database/frontalimages_manuallyaligned_part2/136a.jpg,136,neutral,basic_expression_support,fei_subject_136,False,1,1,1.0,1.0,260.0,360.0,101.25709401709402,45.181426920404036,45.181427001953125,69.07617812191815,0.02936965811965812,88.71970043686291,0.04281256500936135,0.09892681241035461,0.26120241314749326,0.4666773504273504,0.0,0.5096153846153846,0.5430555555555555,0.057777777777777775,0.0,0.49760765550239233,0.0,,ok,phase3-opencv-v1,Aggregated from Phase 3 frame features.
fei_face_database,image,FEI Face Database/frontalimages_manuallyaligned_part2/136b.jpg,136,generic_smile,basic_expression_support,fei_subject_136,False,1,1,1.0,1.0,260.0,360.0,99.31461538461538,46.33750456299492,46.33750534057617,71.53208898339908,0.029711538461538463,84.57454013377927,0.05217391304347826,0.11747622489929199,0.2523829431438127,0.4622222222222222,0.0,0.5115384615384615,0.5472222222222223,0.057777777777777775,0.0,0.5,0.0,,ok,phase3-opencv-v1,Aggregated from Phase 3 frame features.
fei_face_database,image,FEI Face Database/frontalimages_manuallyaligned_part2/137a.jpg,137,neutral,basic_expression_support,fei_subject_137,False,1,1,1.0,1.0,260.0,360.0,95.52974358974359,54.534297918895994,54.534297943115234,79.17446394185113,0.03173076923076923,77.44722727272728,0.043727272727272726,0.08997397124767303,0.2560454545454545,0.42735042735042733,0.0,0.5192307692307693,0.5444444444444444,0.057777777777777775,0.0,0.52,0.0,,ok,phase3-opencv-v1,Aggregated from Phase 3 frame features.
fei_face_database,image,FEI Face Database/frontalimages_manuallyaligned_part2/137b.jpg,137,generic_smile,basic_expression_support,fei_subject_137,False,1,1,1.0,1.0,260.0,360.0,96.37148504273505,55.56011356133547,55.560115814208984,79.82046986448972,0.03186965811965812,75.81852001254987,0.04934785531800457,0.10287510603666306,0.2611716193805746,0.4316346153846154,0.0,0.5134615384615384,0.5402777777777777,0.057777777777777775,0.0,0.5174129353233831,0.0,,ok,phase3-opencv-v1,Aggregated from Phase 3 frame features.
fei_face_database,image,FEI Face Database/frontalimages_manuallyaligned_part2/138a.jpg,138,neutral,basic_expression_support,fei_subject_138,False,1,1,1.0,0.0,260.0,360.0,79.35817307692308,50.67418057977438,50.67417907714844,40.66318979552469,0.022403846153846153,88.70782268578878,0.014569752281616688,0.09508704394102097,0.2548239895697523,0.5950427350427351,0.0,0.5115384615384615,0.5361111111111111,,,,,,ok,phase3-opencv-v1,Aggregated from Phase 3 frame features.
fei_face_database,image,FEI Face Database/frontalimages_manuallyaligned_part2/138b.jpg,138,generic_smile,basic_expression_support,fei_subject_138,False,1,1,1.0,1.0,260.0,360.0,78.6463782051282,50.910904503384025,50.91090774536133,37.9996901680866,0.025576923076923077,85.4926948051948,0.028984036796536796,0.07942801713943481,0.25169101731601734,0.5700961538461539,0.0,0.5134615384615384,0.5402777777777777,0.057777777777777775,0.0,0.45021645021645024,0.0,,ok,phase3-opencv-v1,Aggregated from Phase 3 frame features.
fei_face_database,image,FEI Face Database/frontalimages_manuallyaligned_part2/139a.jpg,139,neutral,basic_expression_support,fei_subject_139,False,1,1,1.0,1.0,260.0,360.0,72.17352564102563,64.68796814080065,64.6879653930664,46.17202704315508,0.020662393162393163,69.97058456417724,0.008695652173913044,0.06961178034543991,0.25704181402121906,0.4666773504273504,0.0,0.525,0.5597222222222222,0.057777777777777775,0.0,0.49760765550239233,0.0,,ok,phase3-opencv-v1,Aggregated from Phase 3 frame features.
fei_face_database,image,FEI Face Database/frontalimages_manuallyaligned_part2/139b.jpg,139,generic_smile,basic_expression_support,fei_subject_139,False,1,1,1.0,1.0,260.0,360.0,85.03917735042735,69.40450776456235,69.40449523925781,53.89636996116863,0.028205128205128206,79.35488861386139,0.03346004243281471,0.0722338929772377,0.25190063649222066,0.43594017094017096,0.0,0.5153846153846153,0.5444444444444444,0.057777777777777775,0.0,0.5148514851485149,0.0,,ok,phase3-opencv-v1,Aggregated from Phase 3 frame features.
fei_face_database,image,FEI Face Database/frontalimages_manuallyaligned_part2/140a.jpg,140,neutral,basic_expression_support,fei_subject_140,False,1,1,1.0,0.0,260.0,360.0,94.9201923076923,61.05500111085723,61.05500030517578,58.04129495899992,0.030170940170940172,84.51444991789819,0.021264367816091954,0.0794423520565033,0.25135467980295567,0.47115384615384615,0.0,0.5192307692307693,0.5555555555555556,,,,,,ok,phase3-opencv-v1,Aggregated from Phase 3 frame features.
fei_face_database,image,FEI Face Database/frontalimages_manuallyaligned_part2/140b.jpg,140,generic_smile,basic_expression_support,fei_subject_140,False,1,1,1.0,1.0,260.0,360.0,80.41061965811966,55.77116518287331,55.77116394042969,57.61599485798361,0.03107905982905983,73.37288340590227,0.01689243670375746,0.07254458963871002,0.25233833252701177,0.4801709401709402,0.0,0.5153846153846153,0.5777777777777777,0.057777777777777775,0.0,0.49056603773584906,0.0,,ok,phase3-opencv-v1,Aggregated from Phase 3 frame features.
fei_face_database,image,FEI Face Database/frontalimages_manuallyaligned_part2/141a.jpg,141,neutral,basic_expression_support,fei_subject_141,False,1,1,1.0,0.0,260.0,360.0,95.63141025641026,46.53114245883071,46.53113555908203,64.49110356387885,0.02863247863247863,86.29306234121556,0.023529411764705882,0.08349987864494324,0.25499316005471956,0.49385683760683763,0.0,0.5211538461538462,0.5513888888888889,,,,,,ok,phase3-opencv-v1,Aggregated from Phase 3 frame features.
fei_face_database,image,FEI Face Database/frontalimages_manuallyaligned_part2/141b.jpg,141,generic_smile,basic_expression_support,fei_subject_141,False,1,1,1.0,1.0,260.0,360.0,92.3765811965812,47.64536441989866,47.645362854003906,47.87928222477902,0.025256410256410258,83.53163046073048,0.02912389591788016,0.09824331849813461,0.25849446964271505,0.48471153846153847,0.0,0.5057692307692307,0.5458333333333333,0.057777777777777775,0.0,0.48826291079812206,0.0,,ok,phase3-opencv-v1,Aggregated from Phase 3 frame features.
fei_face_database,image,FEI Face Database/frontalimages_manuallyaligned_part2/142a.jpg,142,neutral,basic_expression_support,fei_subject_142,False,1,1,1.0,0.0,260.0,360.0,86.83121794871795,52.600207538868,52.6002082824707,62.01379088033731,0.027275641025641027,72.31145484949833,0.019774247491638797,0.06652764230966568,0.25058528428093646,0.4622222222222222,0.0,0.5230769230769231,0.5444444444444444,,,,,,ok,phase3-opencv-v1,Aggregated from Phase 3 frame features.
fei_face_database,image,FEI Face Database/frontalimages_manuallyaligned_part2/142b.jpg,142,generic_smile,basic_expression_support,fei_subject_142,False,1,1,1.0,1.0,260.0,360.0,86.27154914529915,52.02942533610454,52.02942657470703,52.56926273730276,0.02825854700854701,71.58984840742633,0.02163174927610288,0.06315923482179642,0.25378981434167946,0.45337606837606836,0.0,0.5192307692307693,0.5472222222222223,0.057777777777777775,0.0,0.5048543689320388,0.0,,ok,phase3-opencv-v1,Aggregated from Phase 3 frame features.
fei_face_database,image,FEI Face Database/frontalimages_manuallyaligned_part2/143a.jpg,143,neutral,basic_expression_support,fei_subject_143,False,1,1,1.0,0.0,260.0,360.0,101.94111111111111,50.97118879969665,50.97118377685547,57.508753275896716,0.02980769230769231,99.87727174616879,0.026375998273257067,0.11820640414953232,0.2565508309950356,0.44898504273504275,0.0,0.5096153846153846,0.5402777777777777,,,,,,ok,phase3-opencv-v1,Aggregated from Phase 3 frame features.
fei_face_database,image,FEI Face Database/frontalimages_manuallyaligned_part2/143b.jpg,143,generic_smile,basic_expression_support,fei_subject_143,False,1,1,1.0,1.0,260.0,360.0,99.98298076923076,50.06043376481922,50.06043243408203,63.240771787566665,0.03401709401709402,94.21056869226206,0.03690990761928977,0.1063682958483696,0.2609966946351386,0.45778846153846153,0.0,0.5173076923076924,0.5402777777777777,0.057777777777777775,0.0,0.5024154589371981,0.0,,ok,phase3-opencv-v1,Aggregated from Phase 3 frame features.
fei_face_database,image,FEI Face Database/frontalimages_manuallyaligned_part2/144a.jpg,144,neutral,basic_expression_support,fei_subject_144,False,1,1,1.0,1.0,260.0,360.0,90.50425213675214,60.69980395246801,60.69980239868164,52.86672193446837,0.024241452991452993,74.54548440065682,0.023604269293924465,0.06147654354572296,0.2539819376026273,0.47115384615384615,0.0,0.5115384615384615,0.5583333333333333,0.057777777777777775,0.0,0.49523809523809526,0.0,,ok,phase3-opencv-v1,Aggregated from Phase 3 frame features.
fei_face_database,image,FEI Face Database/frontalimages_manuallyaligned_part2/144b.jpg,144,generic_smile,basic_expression_support,fei_subject_144,False,1,1,1.0,1.0,260.0,360.0,91.4129594017094,61.193783104175836,61.19378662109375,57.634837332438444,0.02736111111111111,75.96154526166903,0.029481966053748233,0.08300468325614929,0.2506188118811881,0.43594017094017096,0.0,0.5,0.5527777777777778,0.057777777777777775,0.0,0.5148514851485149,0.0,,ok,phase3-opencv-v1,Aggregated from Phase 3 frame features.
fei_face_database,image,FEI Face Database/frontalimages_manuallyaligned_part2/145a.jpg,145,neutral,basic_expression_support,fei_subject_145,False,1,1,1.0,1.0,260.0,360.0,68.83845085470085,52.79639554593555,52.7963981628418,50.847113927126706,0.021784188034188034,82.03754279489574,0.019996887643946467,0.0710798054933548,0.25,0.49846153846153846,0.0,0.5192307692307693,0.5638888888888889,0.057777777777777775,0.0,0.48148148148148145,0.0,,ok,phase3-opencv-v1,Aggregated from Phase 3 frame features.
fei_face_database,image,FEI Face Database/frontalimages_manuallyaligned_part2/145b.jpg,145,generic_smile,basic_expression_support,fei_subject_145,False,1,1,1.0,1.0,260.0,360.0,66.9579594017094,51.89852664631416,51.898529052734375,45.37219583230605,0.021517094017094018,80.54805550127027,0.02239593511823334,0.07952102273702621,0.2503029118624194,0.49385683760683763,0.0,0.5211538461538462,0.5680555555555555,0.057777777777777775,0.0,0.48372093023255813,0.0,,ok,phase3-opencv-v1,Aggregated from Phase 3 frame features.
fei_face_database,image,FEI Face Database/frontalimages_manuallyaligned_part2/146a.jpg,146,neutral,basic_expression_support,fei_subject_146,False,1,1,1.0,0.0,260.0,360.0,86.59106837606838,54.697761025948175,54.69776153564453,49.20388645582219,0.01972222222222222,90.31599627334225,0.009316644387734435,0.12374855577945709,0.25231903430955566,0.4756517094017094,0.0,0.5211538461538462,0.5569444444444445,,,,,,ok,phase3-opencv-v1,Aggregated from Phase 3 frame features.
fei_face_database,image,FEI Face Database/frontalimages_manuallyaligned_part2/146b.jpg,146,generic_smile,basic_expression_support,fei_subject_146,False,1,1,1.0,1.0,260.0,360.0,83.35311965811965,54.040956362991096,54.040958404541016,44.120074044853524,0.021837606837606837,86.76821637890068,0.02197845715190876,0.08442678302526474,0.2566133375574212,0.4892735042735043,0.0,0.5038461538461538,0.5555555555555556,0.057777777777777775,0.0,0.48598130841121495,0.0,,ok,phase3-opencv-v1,Aggregated from Phase 3 frame features.
fei_face_database,image,FEI Face Database/frontalimages_manuallyaligned_part2/147a.jpg,147,neutral,basic_expression_support,fei_subject_147,False,1,1,1.0,1.0,260.0,360.0,85.84295940170941,55.49956558891412,55.499568939208984,56.92536976210369,0.020972222222222222,98.23388246475527,0.02063202914620624,0.11823656409978867,0.2653255187707904,0.4892735042735043,0.0,0.5076923076923077,0.5611111111111111,0.057777777777777775,0.0,0.48598130841121495,0.0,,ok,phase3-opencv-v1,Aggregated from Phase 3 frame features.
fei_face_database,image,FEI Face Database/frontalimages_manuallyaligned_part2/147b.jpg,147,generic_smile,basic_expression_support,fei_subject_147,False,1,1,1.0,1.0,260.0,360.0,81.81454059829059,53.93480430569929,53.9348030090332,50.2447222440235,0.023974358974358973,93.694716320522,0.030078777751253283,0.12130150198936462,0.2680830747195035,0.48471153846153847,0.0,0.4980769230769231,0.5625,0.057777777777777775,0.0,0.48826291079812206,0.0,,ok,phase3-opencv-v1,Aggregated from Phase 3 frame features.
fei_face_database,image,FEI Face Database/frontalimages_manuallyaligned_part2/148a.jpg,148,neutral,basic_expression_support,fei_subject_148,False,1,1,1.0,0.0,260.0,360.0,72.75712606837607,44.2478882767776,44.247886657714844,48.915197292990726,0.022446581196581196,97.95131362889984,0.01293103448275862,0.06007598340511322,0.25882594417077176,0.47115384615384615,0.0,0.5115384615384615,0.5444444444444444,,,,,,ok,phase3-opencv-v1,Aggregated from Phase 3 frame features.
fei_face_database,image,FEI Face Database/frontalimages_manuallyaligned_part2/148b.jpg,148,generic_smile,basic_expression_support,fei_subject_148,False,1,1,1.0,0.0,260.0,360.0,72.76537393162393,44.47006392196241,44.470062255859375,55.652737913539156,0.020811965811965812,95.01211785205132,0.012474259464596864,0.06387317925691605,0.255068905433233,0.4892735042735043,0.0,0.5038461538461538,0.55,,,,,,ok,phase3-opencv-v1,Aggregated from Phase 3 frame features.
fei_face_database,image,FEI Face Database/frontalimages_manuallyaligned_part2/149a.jpg,149,neutral,basic_expression_support,fei_subject_149,False,1,1,1.0,0.0,260.0,360.0,75.58783119658119,49.41493272563667,49.41493225097656,25.89138392870188,0.015341880341880342,90.45064317180616,0.008669603524229075,0.05710358917713165,0.2500088105726872,0.5505235042735043,0.0,0.5096153846153846,0.5680555555555555,,,,,,ok,phase3-opencv-v1,Aggregated from Phase 3 frame features.
fei_face_database,image,FEI Face Database/frontalimages_manuallyaligned_part2/149b.jpg,149,generic_smile,basic_expression_support,fei_subject_149,False,1,1,1.0,0.0,260.0,360.0,77.233547008547,50.52301251312748,50.52301025390625,15.788330900266637,0.016613247863247863,91.49977064220184,0.015099388379204893,0.06255921721458435,0.2640672782874618,0.5077350427350428,0.0,0.5115384615384615,0.5583333333333333,,,,,,ok,phase3-opencv-v1,Aggregated from Phase 3 frame features.
fei_face_database,image,FEI Face Database/frontalimages_manuallyaligned_part2/150a.jpg,150,neutral,basic_expression_support,fei_subject_150,False,1,1,1.0,1.0,260.0,360.0,63.08044871794872,49.92823377612891,49.92823028564453,56.12208193439987,0.023685897435897437,74.53576258452291,0.019383921863260708,0.06474625319242477,0.2514650638617581,0.5170940170940171,0.0,0.5153846153846153,0.5527777777777778,0.057777777777777775,0.0,0.4727272727272727,0.0,,ok,phase3-opencv-v1,Aggregated from Phase 3 frame features.
fei_face_database,image,FEI Face Database/frontalimages_manuallyaligned_part2/150b.jpg,150,generic_smile,basic_expression_support,fei_subject_150,False,1,1,1.0,1.0,260.0,360.0,64.63,50.22159997723594,50.22159957885742,79.6968732371795,0.024754273504273505,74.11158719695305,0.02893137039478503,0.06544708460569382,0.25173954442247126,0.5265384615384615,0.0,0.5,0.5361111111111111,0.057777777777777775,0.0,0.46846846846846846,0.0,,ok,phase3-opencv-v1,Aggregated from Phase 3 frame features.
fei_face_database,image,FEI Face Database/frontalimages_manuallyaligned_part2/151a.jpg,151,neutral,basic_expression_support,fei_subject_151,False,1,1,1.0,0.0,260.0,360.0,86.51127136752137,45.057684550571814,45.057682037353516,81.61261884542333,0.04592948717948718,96.40179765886288,0.027508361204013378,0.07378943264484406,0.25179765886287625,0.4622222222222222,0.0,0.5153846153846153,0.5527777777777778,,,,,,ok,phase3-opencv-v1,Aggregated from Phase 3 frame features.
fei_face_database,image,FEI Face Database/frontalimages_manuallyaligned_part2/151b.jpg,151,generic_smile,basic_expression_support,fei_subject_151,False,1,1,1.0,1.0,260.0,360.0,83.71179487179487,42.44415956752849,42.44416046142578,84.33574301435002,0.04447649572649573,90.20758256791089,0.02212233730701583,0.08482328802347183,0.25663474692202465,0.49385683760683763,0.0,0.5096153846153846,0.5597222222222222,0.057777777777777775,0.0,0.48372093023255813,0.0,,ok,phase3-opencv-v1,Aggregated from Phase 3 frame features.
fei_face_database,image,FEI Face Database/frontalimages_manuallyaligned_part2/152a.jpg,152,neutral,basic_expression_support,fei_subject_152,False,1,1,1.0,1.0,260.0,360.0,85.99742521367521,45.00478943879534,45.004791259765625,27.497700941905915,0.014508547008547009,75.90332512315271,0.008579638752052546,0.07536720484495163,0.2669129720853859,0.47115384615384615,0.0,0.5038461538461538,0.5527777777777778,0.057777777777777775,0.0,0.49523809523809526,0.0,,ok,phase3-opencv-v1,Aggregated from Phase 3 frame features.
fei_face_database,image,FEI Face Database/frontalimages_manuallyaligned_part2/152b.jpg,152,generic_smile,basic_expression_support,fei_subject_152,False,1,1,1.0,1.0,260.0,360.0,85.19227564102565,45.749678740557215,45.74967575073242,23.84244654820933,0.013846153846153847,72.04102042545979,0.014068988897364184,0.0834510549902916,0.25069921179760996,0.45778846153846153,0.0,0.49423076923076925,0.5569444444444445,0.057777777777777775,0.0,0.5024154589371981,0.0,,ok,phase3-opencv-v1,Aggregated from Phase 3 frame features.
fei_face_database,image,FEI Face Database/frontalimages_manuallyaligned_part2/153a.jpg,153,neutral,basic_expression_support,fei_subject_153,False,1,1,1.0,0.0,260.0,360.0,90.03625,51.64514646979151,51.64514923095703,50.378577276348715,0.021367521367521368,78.96257391845627,0.018674136321195144,0.06822650134563446,0.25466853408029877,0.49846153846153846,0.0,0.5153846153846153,0.5472222222222223,,,,,,ok,phase3-opencv-v1,Aggregated from Phase 3 frame features.
fei_face_database,image,FEI Face Database/frontalimages_manuallyaligned_part2/153b.jpg,153,generic_smile,basic_expression_support,fei_subject_153,False,1,1,1.0,1.0,260.0,360.0,89.85682692307692,51.23199583042993,51.231998443603516,50.664283735001646,0.022670940170940172,76.89770848985725,0.024192336589030805,0.07379473000764847,0.26746806912096166,0.5170940170940171,0.0,0.5076923076923077,0.5472222222222223,0.057777777777777775,0.0,0.4727272727272727,0.0,,ok,phase3-opencv-v1,Aggregated from Phase 3 frame features.
fei_face_database,image,FEI Face Database/frontalimages_manuallyaligned_part2/154a.jpg,154,neutral,basic_expression_support,fei_subject_154,False,1,1,1.0,0.0,260.0,360.0,66.0196047008547,44.02694845707603,44.026947021484375,47.08989690068213,0.016762820512820513,78.73797805242626,0.012322724124102227,0.09039397537708282,0.25144919610631083,0.531292735042735,0.0,0.5096153846153846,0.5458333333333333,,,,,,ok,phase3-opencv-v1,Aggregated from Phase 3 frame features.
fei_face_database,image,FEI Face Database/frontalimages_manuallyaligned_part2/154b.jpg,154,generic_smile,basic_expression_support,fei_subject_154,False,1,1,1.0,1.0,260.0,360.0,66.13873931623931,44.169210416737435,44.169212341308594,46.66383741496366,0.019230769230769232,76.60329203539823,0.017132743362831857,0.08006302267313004,0.2535221238938053,0.5456837606837607,0.0,0.5115384615384615,0.5472222222222223,0.057777777777777775,0.0,0.46017699115044247,0.0,,ok,phase3-opencv-v1,Aggregated from Phase 3 frame features.
fei_face_database,image,FEI Face Database/frontalimages_manuallyaligned_part2/155a.jpg,155,neutral,basic_expression_support,fei_subject_155,False,1,1,1.0,1.0,260.0,360.0,75.07119658119659,59.381206697275886,59.381202697753906,44.376854960986,0.014326923076923077,84.8810291858679,0.006989247311827957,0.07090172171592712,0.2541858678955453,0.5030876068376068,0.0,0.5173076923076924,0.5736111111111111,0.057777777777777775,0.0,0.4792626728110599,0.0,,ok,phase3-opencv-v1,Aggregated from Phase 3 frame features.
fei_face_database,image,FEI Face Database/frontalimages_manuallyaligned_part2/155b.jpg,155,generic_smile,basic_expression_support,fei_subject_155,False,1,1,1.0,1.0,260.0,360.0,90.84213675213675,63.96993897148478,63.969940185546875,45.46494064577397,0.023108974358974358,106.30685550082102,0.03165024630541872,0.07173283398151398,0.25287356321839083,0.47115384615384615,0.0,0.5192307692307693,0.5611111111111111,0.057777777777777775,0.0,0.49523809523809526,0.0,,ok,phase3-opencv-v1,Aggregated from Phase 3 frame features.
fei_face_database,image,FEI Face Database/frontalimages_manuallyaligned_part2/156a.jpg,156,neutral,basic_expression_support,fei_subject_156,False,1,1,1.0,1.0,260.0,360.0,91.78476495726495,57.04896493690403,57.0489616394043,70.65359196754694,0.04433760683760684,75.13177257525084,0.03745819397993311,0.08795462548732758,0.2528428093645485,0.4622222222222222,0.0,0.5153846153846153,0.5638888888888889,0.057777777777777775,0.0,0.5,0.0,,ok,phase3-opencv-v1,Aggregated from Phase 3 frame features.
fei_face_database,image,FEI Face Database/frontalimages_manuallyaligned_part2/156b.jpg,156,generic_smile,basic_expression_support,fei_subject_156,False,1,1,1.0,1.0,260.0,360.0,91.76138888888889,57.45215222693476,57.452152252197266,68.62309189677843,0.046613247863247866,74.01098620337251,0.05931698177482541,0.09923886507749557,0.25289558848577753,0.45337606837606836,0.0,0.5192307692307693,0.5527777777777778,0.057777777777777775,0.0,0.5048543689320388,0.0,,ok,phase3-opencv-v1,Aggregated from Phase 3 frame features.
fei_face_database,image,FEI Face Database/frontalimages_manuallyaligned_part2/157a.jpg,157,neutral,basic_expression_support,fei_subject_157,False,1,1,1.0,1.0,260.0,360.0,91.53738247863248,56.02841418929672,56.02841567993164,56.49345678829718,0.01642094017094017,76.76798881261124,0.018772777354013052,0.12619487941265106,0.25722518857530297,0.45778846153846153,0.0,0.5134615384615384,0.5402777777777777,0.057777777777777775,0.0,0.5024154589371981,0.0,,ok,phase3-opencv-v1,Aggregated from Phase 3 frame features.
fei_face_database,image,FEI Face Database/frontalimages_manuallyaligned_part2/157b.jpg,157,generic_smile,basic_expression_support,fei_subject_157,False,1,1,1.0,1.0,260.0,360.0,88.1435576923077,56.477764138142724,56.477760314941406,53.17233973799675,0.018055555555555554,75.52315373413772,0.023465779072186395,0.12985901534557343,0.2675681298106927,0.4666773504273504,0.0,0.5134615384615384,0.5458333333333333,0.057777777777777775,0.0,0.49760765550239233,0.0,,ok,phase3-opencv-v1,Aggregated from Phase 3 frame features.
fei_face_database,image,FEI Face Database/frontalimages_manuallyaligned_part2/158a.jpg,158,neutral,basic_expression_support,fei_subject_158,False,1,1,1.0,0.0,260.0,360.0,89.19708333333334,49.80247280054085,49.80247116088867,69.50466202231263,0.03126068376068376,88.62504973342882,0.026458184133046868,0.12030889093875885,0.2518102968091032,0.48471153846153847,0.0,0.5211538461538462,0.5180555555555556,,,,,,ok,phase3-opencv-v1,Aggregated from Phase 3 frame features.
fei_face_database,image,FEI Face Database/frontalimages_manuallyaligned_part2/158b.jpg,158,generic_smile,basic_expression_support,fei_subject_158,False,1,1,1.0,1.0,260.0,360.0,89.35507478632479,51.0067521181236,51.00675582885742,85.56409843259188,0.03829059829059829,85.58233011246634,0.042016473942658006,0.10698092728853226,0.2512672263583082,0.4892735042735043,0.0,0.5115384615384615,0.5222222222222223,0.057777777777777775,0.0,0.48598130841121495,0.0,,ok,phase3-opencv-v1,Aggregated from Phase 3 frame features.
fei_face_database,image,FEI Face Database/frontalimages_manuallyaligned_part2/159a.jpg,159,neutral,basic_expression_support,fei_subject_159,False,1,1,1.0,1.0,260.0,360.0,97.71356837606838,65.95573664391182,65.95573425292969,61.492148860284715,0.024561965811965812,90.81223241590214,0.02224770642201835,0.08207831531763077,0.25015290519877675,0.5077350427350428,0.0,0.5192307692307693,0.5444444444444444,0.057777777777777775,0.0,0.47706422018348627,0.0,,ok,phase3-opencv-v1,Aggregated from Phase 3 frame features.
fei_face_database,image,FEI Face Database/frontalimages_manuallyaligned_part2/159b.jpg,159,generic_smile,basic_expression_support,fei_subject_159,False,1,1,1.0,1.0,260.0,360.0,93.34481837606837,64.90149323895791,64.9014892578125,58.83840496749214,0.025352564102564104,87.7177093059446,0.031862745098039214,0.09684675931930542,0.25136165577342046,0.49846153846153846,0.0,0.5038461538461538,0.55,0.057777777777777775,0.0,0.48148148148148145,0.0,,ok,phase3-opencv-v1,Aggregated from Phase 3 frame features.
fei_face_database,image,FEI Face Database/frontalimages_manuallyaligned_part2/160a.jpg,160,neutral,basic_expression_support,fei_subject_160,False,1,1,1.0,1.0,260.0,360.0,83.33714743589744,55.520688532390714,55.520687103271484,28.214454956534443,0.017788461538461538,76.10237128988621,0.017466380202116653,0.058712542057037354,0.2561868385453967,0.48471153846153847,0.0,0.5096153846153846,0.5430555555555555,0.057777777777777775,0.0,0.48826291079812206,0.0,,ok,phase3-opencv-v1,Aggregated from Phase 3 frame features.
fei_face_database,image,FEI Face Database/frontalimages_manuallyaligned_part2/160b.jpg,160,generic_smile,basic_expression_support,fei_subject_160,False,1,1,1.0,1.0,260.0,360.0,85.44386752136752,55.80601044812553,55.80601119995117,31.65230629417324,0.01987179487179487,76.88765246317124,0.02570093457943925,0.05581603944301605,0.25138602882939964,0.4892735042735043,0.0,0.5076923076923077,0.5388888888888889,0.16641025641025642,0.0,0.8271028037383178,0.0,,ok,phase3-opencv-v1,Aggregated from Phase 3 frame features.
fei_face_database,image,FEI Face Database/frontalimages_manuallyaligned_part2/161a.jpg,161,neutral,basic_expression_support,fei_subject_161,False,1,1,1.0,0.0,260.0,360.0,91.27174145299145,64.83667063918519,64.836669921875,49.84646972751844,0.026420940170940172,101.7560690943044,0.020969498910675382,0.10832219570875168,0.2538515406162465,0.49846153846153846,0.0,0.5192307692307693,0.55,,,,,,ok,phase3-opencv-v1,Aggregated from Phase 3 frame features.
fei_face_database,image,FEI Face Database/frontalimages_manuallyaligned_part2/161b.jpg,161,generic_smile,basic_expression_support,fei_subject_161,False,1,1,1.0,1.0,260.0,360.0,92.54371794871795,65.4421894605501,65.44219207763672,45.793978380337315,0.027307692307692307,99.3859683408247,0.02966581981629861,0.1105218306183815,0.252921633769787,0.49385683760683763,0.0,0.5173076923076924,0.5513888888888889,0.057777777777777775,0.0,0.48372093023255813,0.0,,ok,phase3-opencv-v1,Aggregated from Phase 3 frame features.
fei_face_database,image,FEI Face Database/frontalimages_manuallyaligned_part2/162a.jpg,162,neutral,basic_expression_support,fei_subject_162,False,1,1,1.0,1.0,260.0,360.0,98.9196047008547,66.0541596632498,66.05416107177734,67.98674152136296,0.03232905982905983,106.77990232907588,0.024192336589030805,0.07880349457263947,0.2518031555221638,0.5170940170940171,0.0,0.5,0.5777777777777777,0.057777777777777775,0.0,0.4727272727272727,0.0,,ok,phase3-opencv-v1,Aggregated from Phase 3 frame features.
fei_face_database,image,FEI Face Database/frontalimages_manuallyaligned_part2/162b.jpg,162,generic_smile,basic_expression_support,fei_subject_162,False,1,1,1.0,1.0,260.0,360.0,95.77051282051282,64.45381741389872,64.45381927490234,77.91213460157334,0.03316239316239316,105.5358999413719,0.028454172366621067,0.07377403229475021,0.2595270666406097,0.49385683760683763,0.0,0.5096153846153846,0.5708333333333333,0.057777777777777775,0.0,0.48372093023255813,0.0,,ok,phase3-opencv-v1,Aggregated from Phase 3 frame features.
fei_face_database,image,FEI Face Database/frontalimages_manuallyaligned_part2/163a.jpg,163,neutral,basic_expression_support,fei_subject_163,False,1,1,1.0,1.0,260.0,360.0,81.58971153846154,58.03095260623313,58.03095245361328,113.27373290187377,0.037008547008547006,92.09407856165723,0.03713113152237639,0.10658732801675797,0.25018565565761186,0.49385683760683763,0.0,0.5057692307692307,0.5597222222222222,0.057777777777777775,0.0,0.48372093023255813,0.0,,ok,phase3-opencv-v1,Aggregated from Phase 3 frame features.
fei_face_database,image,FEI Face Database/frontalimages_manuallyaligned_part2/163b.jpg,163,generic_smile,basic_expression_support,fei_subject_163,False,1,1,1.0,1.0,260.0,360.0,80.16751068376068,57.72107969016325,57.72108459472656,86.29901672408047,0.036292735042735044,88.66701070336391,0.04128440366972477,0.11555105447769165,0.2514908256880734,0.5077350427350428,0.0,0.49230769230769234,0.5583333333333333,0.16641025641025642,0.0,0.8119266055045872,0.0,,ok,phase3-opencv-v1,Aggregated from Phase 3 frame features.
fei_face_database,image,FEI Face Database/frontalimages_manuallyaligned_part2/164a.jpg,164,neutral,basic_expression_support,fei_subject_164,False,1,1,1.0,0.0,260.0,360.0,101.65175213675214,48.80602878382921,48.806026458740234,59.44584795627421,0.028846153846153848,87.68501074848544,0.03416064100058628,0.11099151521921158,0.25796365057650966,0.49385683760683763,0.0,0.5211538461538462,0.5486111111111112,,,,,,ok,phase3-opencv-v1,Aggregated from Phase 3 frame features.
fei_face_database,image,FEI Face Database/frontalimages_manuallyaligned_part2/164b.jpg,164,generic_smile,basic_expression_support,fei_subject_164,False,1,1,1.0,1.0,260.0,360.0,101.15445512820513,50.77827914502037,50.778282165527344,59.337375287525575,0.026036324786324786,84.3297690867485,0.039983357603494904,0.1134612113237381,0.25254836696484295,0.4666773504273504,0.0,0.5173076923076924,0.5486111111111112,0.057777777777777775,0.0,0.49760765550239233,0.0,,ok,phase3-opencv-v1,Aggregated from Phase 3 frame features.
fei_face_database,image,FEI Face Database/frontalimages_manuallyaligned_part2/165a.jpg,165,neutral,basic_expression_support,fei_subject_165,False,1,1,1.0,0.0,260.0,360.0,78.29372863247863,46.53755072343855,46.53755187988281,125.0601439786279,0.019476495726495728,99.32069874752801,0.015015015015015015,0.13065777719020844,0.25547498718230427,0.5265384615384615,0.0,0.5230769230769231,0.5555555555555556,,,,,,ok,phase3-opencv-v1,Aggregated from Phase 3 frame features.
fei_face_database,image,FEI Face Database/frontalimages_manuallyaligned_part2/165b.jpg,165,generic_smile,basic_expression_support,fei_subject_165,False,1,1,1.0,1.0,260.0,360.0,76.62889957264957,45.95197358496327,45.95197296142578,36.75940677722533,0.01987179487179487,92.4724197017755,0.023588173101461957,0.11598283797502518,0.25141273834263006,0.531292735042735,0.0,0.5134615384615384,0.5597222222222222,0.057777777777777775,0.0,0.4663677130044843,0.0,,ok,phase3-opencv-v1,Aggregated from Phase 3 frame features.
fei_face_database,image,FEI Face Database/frontalimages_manuallyaligned_part2/166a.jpg,166,neutral,basic_expression_support,fei_subject_166,False,1,1,1.0,1.0,260.0,360.0,89.29931623931624,42.11307610493029,42.113075256347656,81.29885341834684,0.05327991452991453,92.54251217532467,0.018465909090909092,0.08330109715461731,0.25027056277056275,0.5700961538461539,0.0,0.5096153846153846,0.5875,0.057777777777777775,0.0,0.45021645021645024,0.0,,ok,phase3-opencv-v1,Aggregated from Phase 3 frame features.
fei_face_database,image,FEI Face Database/frontalimages_manuallyaligned_part2/166b.jpg,166,generic_smile,basic_expression_support,fei_subject_166,False,1,1,1.0,1.0,260.0,360.0,88.30055555555556,42.007504260801696,42.007503509521484,65.02397748146322,0.04978632478632478,90.09085213032581,0.035192147034252295,0.06929851323366165,0.25201893622946253,0.5553846153846154,0.0,0.5076923076923077,0.5888888888888889,0.16641025641025642,0.0,0.7763157894736842,0.0,,ok,phase3-opencv-v1,Aggregated from Phase 3 frame features.
fei_face_database,image,FEI Face Database/frontalimages_manuallyaligned_part2/167a.jpg,167,neutral,basic_expression_support,fei_subject_167,False,1,1,1.0,1.0,260.0,360.0,77.1230876068376,67.84376446821638,67.84375762939453,75.35854599313318,0.020053418803418804,77.28718181818182,0.015681818181818182,0.08653832226991653,0.2540454545454545,0.42735042735042733,0.0,0.5192307692307693,0.5444444444444444,0.057777777777777775,0.0,0.52,0.0,,ok,phase3-opencv-v1,Aggregated from Phase 3 frame features.
fei_face_database,image,FEI Face Database/frontalimages_manuallyaligned_part2/167b.jpg,167,generic_smile,basic_expression_support,fei_subject_167,False,1,1,1.0,1.0,260.0,360.0,82.06110042735042,68.81506242010595,68.81507110595703,53.53465455794799,0.025683760683760683,77.67307606113576,0.029357715924880103,0.07504327595233917,0.25068351934023575,0.4316346153846154,0.0,0.5134615384615384,0.5402777777777777,0.057777777777777775,0.0,0.5174129353233831,0.0,,ok,phase3-opencv-v1,Aggregated from Phase 3 frame features.
fei_face_database,image,FEI Face Database/frontalimages_manuallyaligned_part2/168a.jpg,168,neutral,basic_expression_support,fei_subject_168,False,1,1,1.0,1.0,260.0,360.0,87.66856837606838,60.041304366258856,60.04130554199219,57.89483973434418,0.0356517094017094,90.73837908782676,0.029603704108789968,0.0907064825296402,0.253053337708265,0.531292735042735,0.0,0.5096153846153846,0.5708333333333333,0.16641025641025642,0.0,0.7937219730941704,0.0,,ok,phase3-opencv-v1,Aggregated from Phase 3 frame features.
fei_face_database,image,FEI Face Database/frontalimages_manuallyaligned_part2/168b.jpg,168,generic_smile,basic_expression_support,fei_subject_168,False,1,1,1.0,1.0,260.0,360.0,93.67464743589744,61.47170298197297,61.47170639038086,49.26192476155582,0.03385683760683761,89.19057099924869,0.05026296018031555,0.07765206694602966,0.2548084147257701,0.5170940170940171,0.0,0.5076923076923077,0.5583333333333333,0.16641025641025642,0.0,0.8045454545454546,0.0,,ok,phase3-opencv-v1,Aggregated from Phase 3 frame features.
fei_face_database,image,FEI Face Database/frontalimages_manuallyaligned_part2/169a.jpg,169,neutral,basic_expression_support,fei_subject_169,False,1,1,1.0,0.0,260.0,360.0,91.55700854700855,47.72507312436957,47.725074768066406,120.39629238976096,0.03471153846153846,88.8926626206038,0.022331154684095862,0.07424219697713852,0.2627995642701525,0.49846153846153846,0.0,0.5192307692307693,0.5472222222222223,,,,,,ok,phase3-opencv-v1,Aggregated from Phase 3 frame features.
fei_face_database,image,FEI Face Database/frontalimages_manuallyaligned_part2/169b.jpg,169,generic_smile,basic_expression_support,fei_subject_169,False,1,1,1.0,1.0,260.0,360.0,92.92538461538462,47.68300922175335,47.683013916015625,81.61498629556577,0.0409508547008547,86.02614813367208,0.039280828610513976,0.06338848173618317,0.252530779753762,0.49385683760683763,0.0,0.5211538461538462,0.5541666666666667,0.057777777777777775,0.0,0.48372093023255813,0.0,,ok,phase3-opencv-v1,Aggregated from Phase 3 frame features.
fei_face_database,image,FEI Face Database/frontalimages_manuallyaligned_part2/170a.jpg,170,neutral,basic_expression_support,fei_subject_170,False,1,1,1.0,1.0,260.0,360.0,102.31285256410257,59.435486620825536,59.43548583984375,63.35186854853805,0.03157051282051282,85.63773663407531,0.024838776783856875,0.06861991435289383,0.25325566881630956,0.4666773504273504,0.0,0.5134615384615384,0.5513888888888889,0.057777777777777775,0.0,0.49760765550239233,0.0,,ok,phase3-opencv-v1,Aggregated from Phase 3 frame features.
fei_face_database,image,FEI Face Database/frontalimages_manuallyaligned_part2/170b.jpg,170,generic_smile,basic_expression_support,fei_subject_170,False,1,1,1.0,1.0,260.0,360.0,103.73904914529915,59.70309707168109,59.703094482421875,54.870451708374425,0.03594017094017094,82.59244476697307,0.03894533139816159,0.06359221041202545,0.2567731011127238,0.4801709401709402,0.0,0.5115384615384615,0.5555555555555556,0.16641025641025642,0.0,0.8349056603773585,0.0,,ok,phase3-opencv-v1,Aggregated from Phase 3 frame features.
fei_face_database,image,FEI Face Database/frontalimages_manuallyaligned_part2/171a.jpg,171,neutral,basic_expression_support,fei_subject_171,False,1,1,1.0,0.0,260.0,360.0,79.83331196581197,48.875697180994955,48.87569808959961,76.57228108517786,0.024626068376068375,92.68316912972085,0.014203612479474548,0.09377893805503845,0.25385878489326763,0.47115384615384615,0.0,0.5269230769230769,0.5611111111111111,,,,,,ok,phase3-opencv-v1,Aggregated from Phase 3 frame features.
fei_face_database,image,FEI Face Database/frontalimages_manuallyaligned_part2/171b.jpg,171,generic_smile,basic_expression_support,fei_subject_171,False,1,1,1.0,1.0,260.0,360.0,78.21842948717949,49.596399615279,49.59640121459961,67.97540187273998,0.024262820512820513,85.24729333593902,0.023803009575923392,0.08232861012220383,0.2566738323236271,0.49385683760683763,0.0,0.5173076923076924,0.5652777777777778,0.057777777777777775,0.0,0.48372093023255813,0.0,,ok,phase3-opencv-v1,Aggregated from Phase 3 frame features.
fei_face_database,image,FEI Face Database/frontalimages_manuallyaligned_part2/172a.jpg,172,neutral,basic_expression_support,fei_subject_172,False,1,1,1.0,1.0,260.0,360.0,79.47168803418803,57.53117892812507,57.53118133544922,78.13093318540433,0.029594017094017093,93.75087224669603,0.013744493392070485,0.07091501355171204,0.25092511013215857,0.5505235042735043,0.0,0.5057692307692307,0.5625,0.057777777777777775,0.0,0.4581497797356828,0.0,,ok,phase3-opencv-v1,Aggregated from Phase 3 frame features.
fei_face_database,image,FEI Face Database/frontalimages_manuallyaligned_part2/172b.jpg,172,generic_smile,basic_expression_support,fei_subject_172,False,1,1,1.0,1.0,260.0,360.0,78.3788888888889,52.653092932387445,52.65309143066406,71.34971463218643,0.03383547008547009,90.45743793700686,0.02870613894412727,0.1027652770280838,0.25001603694913077,0.6051709401709402,0.0,0.49615384615384617,0.575,0.16641025641025642,0.0,0.7436974789915967,0.0,,ok,phase3-opencv-v1,Aggregated from Phase 3 frame features.
fei_face_database,image,FEI Face Database/frontalimages_manuallyaligned_part2/173a.jpg,173,neutral,basic_expression_support,fei_subject_173,False,1,1,1.0,1.0,260.0,360.0,96.16803418803418,58.61106477521375,58.61106872558594,57.457552528375885,0.024166666666666666,92.75383002741493,0.02088372843089824,0.10068141669034958,0.25124979841960976,0.4801709401709402,0.0,0.5076923076923077,0.55,0.057777777777777775,0.0,0.49056603773584906,0.0,,ok,phase3-opencv-v1,Aggregated from Phase 3 frame features.
fei_face_database,image,FEI Face Database/frontalimages_manuallyaligned_part2/173b.jpg,173,generic_smile,basic_expression_support,fei_subject_173,False,1,1,1.0,1.0,260.0,360.0,94.93686965811966,58.43146836533518,58.43146514892578,60.13339695364436,0.025662393162393164,89.61897233201582,0.02425629290617849,0.08183618634939194,0.2515498231745371,0.4666773504273504,0.0,0.5057692307692307,0.5541666666666667,0.057777777777777775,0.0,0.49760765550239233,0.0,,ok,phase3-opencv-v1,Aggregated from Phase 3 frame features.
fei_face_database,image,FEI Face Database/frontalimages_manuallyaligned_part2/174a.jpg,174,neutral,basic_expression_support,fei_subject_174,False,1,1,1.0,0.0,260.0,360.0,94.59151709401709,48.144625653569655,48.144622802734375,41.937439725326904,0.02889957264957265,82.86860795454545,0.030945616883116884,0.09218643605709076,0.2532129329004329,0.5700961538461539,0.0,0.5096153846153846,0.5513888888888889,,,,,,ok,phase3-opencv-v1,Aggregated from Phase 3 frame features.
fei_face_database,image,FEI Face Database/frontalimages_manuallyaligned_part2/174b.jpg,174,generic_smile,basic_expression_support,fei_subject_174,False,1,1,1.0,1.0,260.0,360.0,92.13035256410257,48.08674370969814,48.08674240112305,52.67507655314029,0.03376068376068376,80.08741918103448,0.038995150862068964,0.09759761393070221,0.2532664331896552,0.5750427350427351,0.0,0.5076923076923077,0.55,0.16641025641025642,0.0,0.7629310344827587,0.0,,ok,phase3-opencv-v1,Aggregated from Phase 3 frame features.
fei_face_database,image,FEI Face Database/frontalimages_manuallyaligned_part2/175a.jpg,175,neutral,basic_expression_support,fei_subject_175,False,1,1,1.0,1.0,260.0,360.0,100.68842948717949,58.05497032811615,58.05497360229492,40.5277628679962,0.025534188034188034,94.46337932209164,0.019289729177312212,0.10239094495773315,0.25327882813830693,0.45337606837606836,0.0,0.5153846153846153,0.5638888888888889,0.057777777777777775,0.0,0.5048543689320388,0.0,,ok,phase3-opencv-v1,Aggregated from Phase 3 frame features.
fei_face_database,image,FEI Face Database/frontalimages_manuallyaligned_part2/175b.jpg,175,generic_smile,basic_expression_support,fei_subject_175,False,1,1,1.0,1.0,260.0,360.0,99.13142094017094,57.286407300881315,57.286407470703125,41.87563674654376,0.026111111111111113,91.53634283336801,0.024089868941127524,0.10387402772903442,0.25392136467651344,0.4666773504273504,0.0,0.5096153846153846,0.5597222222222222,0.057777777777777775,0.0,0.49760765550239233,0.0,,ok,phase3-opencv-v1,Aggregated from Phase 3 frame features.
fei_face_database,image,FEI Face Database/frontalimages_manuallyaligned_part2/176a.jpg,176,neutral,basic_expression_support,fei_subject_176,False,1,1,1.0,1.0,260.0,360.0,91.47231837606837,46.122760093959705,46.122764587402344,55.15826570501406,0.03238247863247863,76.51202103681443,0.032006010518407214,0.10324303060770035,0.25236664162283995,0.5170940170940171,0.0,0.5076923076923077,0.5583333333333333,0.057777777777777775,0.0,0.4727272727272727,0.0,,ok,phase3-opencv-v1,Aggregated from Phase 3 frame features.
fei_face_database,image,FEI Face Database/frontalimages_manuallyaligned_part2/176b.jpg,176,generic_smile,basic_expression_support,fei_subject_176,False,1,1,1.0,1.0,260.0,360.0,90.81778846153846,45.813084732595065,45.813087463378906,50.426625849107864,0.03314102564102564,75.85072629969419,0.037958715596330274,0.09318132698535919,0.2597859327217125,0.5077350427350428,0.0,0.5153846153846153,0.5527777777777778,0.057777777777777775,0.0,0.47706422018348627,0.0,,ok,phase3-opencv-v1,Aggregated from Phase 3 frame features.
fei_face_database,image,FEI Face Database/frontalimages_manuallyaligned_part2/177a.jpg,177,neutral,basic_expression_support,fei_subject_177,False,1,1,1.0,1.0,260.0,360.0,101.89097222222222,45.48924574367317,45.48924255371094,62.00598551345972,0.03172008547008547,87.86985407066052,0.030145929339477726,0.09100914001464844,0.25622119815668204,0.5030876068376068,0.0,0.5096153846153846,0.5569444444444445,0.057777777777777775,0.0,0.4792626728110599,0.0,,ok,phase3-opencv-v1,Aggregated from Phase 3 frame features.
fei_face_database,image,FEI Face Database/frontalimages_manuallyaligned_part2/177b.jpg,177,generic_smile,basic_expression_support,fei_subject_177,False,1,1,1.0,1.0,260.0,360.0,104.0620405982906,45.91578675808285,45.91578674316406,44.75495331835781,0.03144230769230769,89.17396912253274,0.030721125659566154,0.08966449648141861,0.2636310338088724,0.49385683760683763,0.0,0.5134615384615384,0.5486111111111112,0.16641025641025642,0.0,0.8232558139534883,0.0,,ok,phase3-opencv-v1,Aggregated from Phase 3 frame features.
fei_face_database,image,FEI Face Database/frontalimages_manuallyaligned_part2/178a.jpg,178,neutral,basic_expression_support,fei_subject_178,False,1,1,1.0,0.0,260.0,360.0,91.73538461538462,65.88810039430503,65.88809967041016,46.620823229874354,0.020491452991452993,84.80243727598567,0.013405017921146954,0.07843165844678879,0.2541935483870968,0.5408653846153846,0.0,0.5134615384615384,0.5597222222222222,,,,,,ok,phase3-opencv-v1,Aggregated from Phase 3 frame features.
fei_face_database,image,FEI Face Database/frontalimages_manuallyaligned_part2/178b.jpg,178,generic_smile,basic_expression_support,fei_subject_178,False,1,1,1.0,1.0,260.0,360.0,90.13623931623931,65.55725890592869,65.55725860595703,59.1618193941075,0.023717948717948717,82.49194713656388,0.026713656387665197,0.092064268887043,0.25377973568281936,0.5505235042735043,0.0,0.5019230769230769,0.5597222222222222,0.16641025641025642,0.0,0.7797356828193832,0.0,,ok,phase3-opencv-v1,Aggregated from Phase 3 frame features.
fei_face_database,image,FEI Face Database/frontalimages_manuallyaligned_part2/179a.jpg,179,neutral,basic_expression_support,fei_subject_179,False,1,1,1.0,0.0,260.0,360.0,92.1783547008547,62.743806735149384,62.74380874633789,59.41606585020362,0.029732905982905983,109.48310625825361,0.02280413566528167,0.08545330911874771,0.2502657261571166,0.6000961538461539,0.0,0.5173076923076924,0.5680555555555555,,,,,,ok,phase3-opencv-v1,Aggregated from Phase 3 frame features.
fei_face_database,image,FEI Face Database/frontalimages_manuallyaligned_part2/179b.jpg,179,generic_smile,basic_expression_support,fei_subject_179,False,1,1,1.0,1.0,260.0,360.0,95.37885683760683,63.908278488603806,63.90827941894531,57.291972928879936,0.03415598290598291,117.73148329099081,0.028063318350596052,0.08377613872289658,0.25991792065663477,0.49385683760683763,0.0,0.525,0.5569444444444445,0.057777777777777775,0.0,0.48372093023255813,0.0,,ok,phase3-opencv-v1,Aggregated from Phase 3 frame features.
fei_face_database,image,FEI Face Database/frontalimages_manuallyaligned_part2/180a.jpg,180,neutral,basic_expression_support,fei_subject_180,False,1,1,1.0,0.0,260.0,360.0,73.06215811965812,43.99010698369051,43.990108489990234,63.63037267959219,0.03549145299145299,69.3312096931796,0.032909908149306236,0.09929579496383667,0.25237443814735194,0.49385683760683763,0.0,0.525,0.5402777777777777,,,,,,ok,phase3-opencv-v1,Aggregated from Phase 3 frame features.
fei_face_database,image,FEI Face Database/frontalimages_manuallyaligned_part2/180b.jpg,180,generic_smile,basic_expression_support,fei_subject_180,False,1,1,1.0,1.0,260.0,360.0,79.76638888888888,51.83073782142912,51.83073425292969,38.42349725326904,0.0252991452991453,70.67879771899256,0.027641374940598765,0.1006205677986145,0.26053381910343737,0.4892735042735043,0.0,0.5038461538461538,0.5388888888888889,0.057777777777777775,0.0,0.48598130841121495,0.0,,ok,phase3-opencv-v1,Aggregated from Phase 3 frame features.
fei_face_database,image,FEI Face Database/frontalimages_manuallyaligned_part2/181a.jpg,181,neutral,basic_expression_support,fei_subject_181,False,1,1,1.0,0.0,260.0,360.0,101.215,57.45625252735493,57.45625305175781,108.1260931331726,0.043931623931623934,111.51295518207283,0.03182384064737006,0.08359513431787491,0.25093370681605975,0.49846153846153846,0.0,0.5115384615384615,0.5444444444444444,,,,,,ok,phase3-opencv-v1,Aggregated from Phase 3 frame features.
fei_face_database,image,FEI Face Database/frontalimages_manuallyaligned_part2/181b.jpg,181,generic_smile,basic_expression_support,fei_subject_181,False,1,1,1.0,1.0,260.0,360.0,97.02319444444444,57.41151149541951,57.41151428222656,76.3294108974359,0.03704059829059829,107.54036697247706,0.03302752293577982,0.10091682523488998,0.25649847094801226,0.5077350427350428,0.0,0.5038461538461538,0.55,0.16641025641025642,0.0,0.8119266055045872,0.0,,ok,phase3-opencv-v1,Aggregated from Phase 3 frame features.
fei_face_database,image,FEI Face Database/frontalimages_manuallyaligned_part2/182a.jpg,182,neutral,basic_expression_support,fei_subject_182,False,1,1,1.0,1.0,260.0,360.0,79.27751068376068,48.57328310746034,48.57328414916992,53.805783190426624,0.02502136752136752,99.37828126559536,0.015836577170043584,0.10555975139141083,0.2504907342715507,0.5800106837606838,0.0,0.5173076923076924,0.5763888888888888,0.057777777777777775,0.0,0.44635193133047213,0.0,,ok,phase3-opencv-v1,Aggregated from Phase 3 frame features.
fei_face_database,image,FEI Face Database/frontalimages_manuallyaligned_part2/182b.jpg,182,generic_smile,basic_expression_support,fei_subject_182,False,1,1,1.0,1.0,260.0,360.0,78.2869123931624,48.228406439451284,48.22840881347656,57.63832133053912,0.02827991452991453,96.45650516392874,0.025611700284189368,0.1341048777103424,0.2604838150689679,0.5602670940170941,0.0,0.49423076923076925,0.5597222222222222,0.057777777777777775,0.0,0.45414847161572053,0.0,,ok,phase3-opencv-v1,Aggregated from Phase 3 frame features.
fei_face_database,image,FEI Face Database/frontalimages_manuallyaligned_part2/183a.jpg,183,neutral,basic_expression_support,fei_subject_183,False,1,1,1.0,1.0,260.0,360.0,110.78088675213675,52.0693592747409,52.069358825683594,62.17684186105175,0.03875,108.69494047619048,0.03152056277056277,0.12104859203100204,0.2583874458874459,0.5700961538461539,0.0,0.5019230769230769,0.5375,0.057777777777777775,0.0,0.45021645021645024,0.0,,ok,phase3-opencv-v1,Aggregated from Phase 3 frame features.
fei_face_database,image,FEI Face Database/frontalimages_manuallyaligned_part2/183b.jpg,183,generic_smile,basic_expression_support,fei_subject_183,False,1,1,1.0,1.0,260.0,360.0,107.95173076923076,51.95935664277353,51.959354400634766,48.688559331854044,0.03620726495726496,101.7788521522146,0.03361752270049213,0.09828684478998184,0.25528522908435575,0.5602670940170941,0.0,0.5057692307692307,0.5430555555555555,0.16641025641025642,0.0,0.7729257641921398,0.0,,ok,phase3-opencv-v1,Aggregated from Phase 3 frame features.
fei_face_database,image,FEI Face Database/frontalimages_manuallyaligned_part2/184a.jpg,184,neutral,basic_expression_support,fei_subject_184,False,1,1,1.0,1.0,260.0,360.0,75.93574786324787,62.102366002559954,62.10236740112305,42.631007026513075,0.02465811965811966,86.43379106412281,0.024871389800299754,0.07699106633663177,0.25187345566492486,0.4756517094017094,0.0,0.5134615384615384,0.5486111111111112,0.057777777777777775,0.0,0.4928909952606635,0.0,,ok,phase3-opencv-v1,Aggregated from Phase 3 frame features.
fei_face_database,image,FEI Face Database/frontalimages_manuallyaligned_part2/184b.jpg,184,generic_smile,basic_expression_support,fei_subject_184,False,1,1,1.0,1.0,260.0,360.0,74.66772435897435,61.619574091959194,61.619571685791016,46.66122348190152,0.027435897435897437,82.17377369552472,0.036935704514363885,0.07088112831115723,0.253859683408247,0.49385683760683763,0.0,0.5134615384615384,0.5458333333333333,0.057777777777777775,0.0,0.48372093023255813,0.0,,ok,phase3-opencv-v1,Aggregated from Phase 3 frame features.
fei_face_database,image,FEI Face Database/frontalimages_manuallyaligned_part2/185a.jpg,185,neutral,basic_expression_support,fei_subject_185,False,1,1,1.0,0.0,260.0,360.0,102.90745726495726,50.40177491393204,50.40177536010742,91.3687501642514,0.030598290598290598,99.96309294690366,0.024717913883542775,0.09572326391935349,0.25034906977621796,0.5124038461538462,0.0,0.5173076923076924,0.5375,,,,,,ok,phase3-opencv-v1,Aggregated from Phase 3 frame features.
fei_face_database,image,FEI Face Database/frontalimages_manuallyaligned_part2/185b.jpg,185,generic_smile,basic_expression_support,fei_subject_185,False,1,1,1.0,1.0,260.0,360.0,103.78057692307692,50.9644833478671,50.964481353759766,90.1775942563372,0.03192307692307692,96.71596543951915,0.032231404958677684,0.09666652232408524,0.2536814425244177,0.5170940170940171,0.0,0.5076923076923077,0.5444444444444444,0.057777777777777775,0.0,0.4727272727272727,0.0,,ok,phase3-opencv-v1,Aggregated from Phase 3 frame features.
fei_face_database,image,FEI Face Database/frontalimages_manuallyaligned_part2/186a.jpg,186,neutral,basic_expression_support,fei_subject_186,False,1,1,1.0,1.0,260.0,360.0,79.97199786324786,48.85195864360235,48.85195541381836,49.13854316193658,0.025587606837606837,96.37578814627994,0.018952599955492914,0.10475058853626251,0.25168756027000966,0.5218055555555555,0.0,0.5134615384615384,0.5486111111111112,0.057777777777777775,0.0,0.47058823529411764,0.0,,ok,phase3-opencv-v1,Aggregated from Phase 3 frame features.
fei_face_database,image,FEI Face Database/frontalimages_manuallyaligned_part2/186b.jpg,186,generic_smile,basic_expression_support,fei_subject_186,False,1,1,1.0,1.0,260.0,360.0,79.38744658119658,48.70069391844609,48.7006950378418,52.291349930144634,0.025,95.07858407079647,0.020601769911504426,0.1170978993177414,0.2535929203539823,0.5456837606837607,0.0,0.5038461538461538,0.5527777777777778,0.057777777777777775,0.0,0.46017699115044247,0.0,,ok,phase3-opencv-v1,Aggregated from Phase 3 frame features.
fei_face_database,image,FEI Face Database/frontalimages_manuallyaligned_part2/187a.jpg,187,neutral,basic_expression_support,fei_subject_187,False,1,1,1.0,0.0,260.0,360.0,84.69945512820513,44.22109906218091,44.22109603881836,35.61517085068303,0.019348290598290598,99.93546730571722,0.012529955494693597,0.10523632168769836,0.25713796644984593,0.5651709401709402,0.0,0.5,0.5444444444444444,,,,,,ok,phase3-opencv-v1,Aggregated from Phase 3 frame features.
fei_face_database,image,FEI Face Database/frontalimages_manuallyaligned_part2/187b.jpg,187,generic_smile,basic_expression_support,fei_subject_187,False,1,1,1.0,1.0,260.0,360.0,84.5727670940171,44.242649008336,44.24264907836914,40.57281813762418,0.019006410256410255,97.15195786126019,0.011230371695487974,0.10117325186729431,0.2507453786523554,0.585,0.0,0.5038461538461538,0.55,0.057777777777777775,0.0,0.4444444444444444,0.0,,ok,phase3-opencv-v1,Aggregated from Phase 3 frame features.
fei_face_database,image,FEI Face Database/frontalimages_manuallyaligned_part2/188a.jpg,188,neutral,basic_expression_support,fei_subject_188,False,1,1,1.0,0.0,260.0,360.0,74.40313034188034,46.42500980153644,46.425010681152344,62.32681638130981,0.026057692307692306,94.7977207977208,0.023421453654011794,0.09501092880964279,0.2547207314649175,0.585,0.0,0.5115384615384615,0.5333333333333333,,,,,,ok,phase3-opencv-v1,Aggregated from Phase 3 frame features.
fei_face_database,image,FEI Face Database/frontalimages_manuallyaligned_part2/188b.jpg,188,generic_smile,basic_expression_support,fei_subject_188,False,1,1,1.0,1.0,260.0,360.0,73.22144230769231,47.03820632560307,47.0382080078125,53.57686370626051,0.025555555555555557,88.70328599275967,0.02537593984962406,0.09179157018661499,0.2565441381230855,0.5553846153846154,0.0,0.5,0.5527777777777778,0.057777777777777775,0.0,0.45614035087719296,0.0,,ok,phase3-opencv-v1,Aggregated from Phase 3 frame features.
fei_face_database,image,FEI Face Database/frontalimages_manuallyaligned_part2/189a.jpg,189,neutral,basic_expression_support,fei_subject_189,False,1,1,1.0,1.0,260.0,360.0,92.54977564102565,56.14193476025632,56.141937255859375,135.9680571963575,0.053974358974358976,81.37749103942652,0.03476702508960573,0.10348755866289139,0.25132616487455195,0.5408653846153846,0.0,0.5173076923076924,0.5736111111111111,0.057777777777777775,0.0,0.4622222222222222,0.0,,ok,phase3-opencv-v1,Aggregated from Phase 3 frame features.
fei_face_database,image,FEI Face Database/frontalimages_manuallyaligned_part2/189b.jpg,189,generic_smile,basic_expression_support,fei_subject_189,False,1,1,1.0,1.0,260.0,360.0,93.95232905982905,56.67549604029141,56.675498962402344,45.37802035108024,0.037403846153846156,84.28052863436123,0.034643171806167404,0.07485184818506241,0.2530396475770925,0.5505235042735043,0.0,0.5057692307692307,0.5513888888888889,0.16641025641025642,0.0,0.7797356828193832,0.0,,ok,phase3-opencv-v1,Aggregated from Phase 3 frame features.
fei_face_database,image,FEI Face Database/frontalimages_manuallyaligned_part2/190a.jpg,190,neutral,basic_expression_support,fei_subject_190,False,1,1,1.0,0.0,260.0,360.0,91.57287393162393,51.47625924941678,51.476261138916016,26.866457191905912,0.018034188034188034,97.61311162079511,0.013570336391437308,0.13274119794368744,0.2551987767584098,0.5077350427350428,0.0,0.5115384615384615,0.5583333333333333,,,,,,ok,phase3-opencv-v1,Aggregated from Phase 3 frame features.
fei_face_database,image,FEI Face Database/frontalimages_manuallyaligned_part2/190b.jpg,190,generic_smile,basic_expression_support,fei_subject_190,False,1,1,1.0,1.0,260.0,360.0,93.9101282051282,53.571722831761264,53.57172775268555,76.28058866790855,0.025085470085470084,93.70214752567693,0.019491129785247432,0.13309960067272186,0.25054466230936817,0.49846153846153846,0.0,0.5115384615384615,0.5583333333333333,0.057777777777777775,0.0,0.48148148148148145,0.0,,ok,phase3-opencv-v1,Aggregated from Phase 3 frame features.
fei_face_database,image,FEI Face Database/frontalimages_manuallyaligned_part2/191a.jpg,191,neutral,basic_expression_support,fei_subject_191,False,1,1,1.0,0.0,260.0,360.0,81.85469017094017,50.26555640490418,50.26555633544922,78.06047070172676,0.026955128205128204,81.0396097226977,0.01763094830537487,0.11054904013872147,0.25234508729887023,0.5651709401709402,0.0,0.5038461538461538,0.5472222222222223,,,,,,ok,phase3-opencv-v1,Aggregated from Phase 3 frame features.
fei_face_database,image,FEI Face Database/frontalimages_manuallyaligned_part2/191b.jpg,191,generic_smile,basic_expression_support,fei_subject_191,False,1,1,1.0,1.0,260.0,360.0,81.09886752136752,50.23351720568891,50.233516693115234,126.29853396876598,0.029305555555555557,79.10227351493727,0.019130796423372842,0.10118760913610458,0.2597213557912248,0.5602670940170941,0.0,0.4980769230769231,0.5486111111111112,0.057777777777777775,0.0,0.45414847161572053,0.0,,ok,phase3-opencv-v1,Aggregated from Phase 3 frame features.
fei_face_database,image,FEI Face Database/frontalimages_manuallyaligned_part2/192a.jpg,192,neutral,basic_expression_support,fei_subject_192,False,1,1,1.0,1.0,260.0,360.0,93.83297008547008,51.89398675850038,51.893985748291016,36.5010599923981,0.023055555555555555,95.79246017699116,0.020424778761061947,0.13513877987861633,0.2529911504424779,0.5456837606837607,0.0,0.5,0.5416666666666666,0.057777777777777775,0.0,0.46017699115044247,0.0,,ok,phase3-opencv-v1,Aggregated from Phase 3 frame features.
fei_face_database,image,FEI Face Database/frontalimages_manuallyaligned_part2/192b.jpg,192,generic_smile,basic_expression_support,fei_subject_192,False,1,1,1.0,1.0,260.0,360.0,92.39459401709402,51.91385555057317,51.913856506347656,60.8203472477902,0.02706196581196581,93.74018379281537,0.02513227513227513,0.13005444407463074,0.2624617098301309,0.5553846153846154,0.0,0.5038461538461538,0.5472222222222223,0.057777777777777775,0.0,0.45614035087719296,0.0,,ok,phase3-opencv-v1,Aggregated from Phase 3 frame features.
fei_face_database,image,FEI Face Database/frontalimages_manuallyaligned_part2/193a.jpg,193,neutral,basic_expression_support,fei_subject_193,False,1,1,1.0,0.0,260.0,360.0,90.8101923076923,49.773041938474805,49.77304458618164,40.80431203155819,0.02033119658119658,83.51928315412187,0.015913978494623657,0.10052690654993057,0.26136200716845875,0.5408653846153846,0.0,0.5134615384615384,0.5430555555555555,,,,,,ok,phase3-opencv-v1,Aggregated from Phase 3 frame features.
fei_face_database,image,FEI Face Database/frontalimages_manuallyaligned_part2/193b.jpg,193,generic_smile,basic_expression_support,fei_subject_193,False,1,1,1.0,1.0,260.0,360.0,89.70845085470086,49.86018367156846,49.86018371582031,59.634279297131805,0.025715811965811967,77.06229400131839,0.027759466783857028,0.08691244572401047,0.2560243169999268,0.5265384615384615,0.0,0.5115384615384615,0.5472222222222223,0.057777777777777775,0.0,0.46846846846846846,0.0,,ok,phase3-opencv-v1,Aggregated from Phase 3 frame features.
fei_face_database,image,FEI Face Database/frontalimages_manuallyaligned_part2/194a.jpg,194,neutral,basic_expression_support,fei_subject_194,False,1,1,1.0,0.0,260.0,360.0,99.44042735042736,51.51429867709974,51.51429748535156,53.13922769924756,0.030534188034188035,103.0125138602883,0.02427530492634247,0.12066852301359177,0.2639790907650879,0.4892735042735043,0.0,0.5192307692307693,0.5555555555555556,,,,,,ok,phase3-opencv-v1,Aggregated from Phase 3 frame features.
fei_face_database,image,FEI Face Database/frontalimages_manuallyaligned_part2/194b.jpg,194,generic_smile,basic_expression_support,fei_subject_194,False,1,1,1.0,0.0,260.0,360.0,96.29405982905983,51.753461040510466,51.75345993041992,56.32933687632405,0.023782051282051284,101.3190638365278,0.021384444796451765,0.11464329808950424,0.25186123871376526,0.4892735042735043,0.0,0.5115384615384615,0.5527777777777778,,,,,,ok,phase3-opencv-v1,Aggregated from Phase 3 frame features.
fei_face_database,image,FEI Face Database/frontalimages_manuallyaligned_part2/195a.jpg,195,neutral,basic_expression_support,fei_subject_195,False,1,1,1.0,1.0,260.0,360.0,87.84592948717949,55.62548042135132,55.625484466552734,73.23999568951346,0.039775641025641024,82.79913793103448,0.04671592775041051,0.08519688248634338,0.25320197044334974,0.47115384615384615,0.0,0.5153846153846153,0.575,0.057777777777777775,0.0,0.49523809523809526,0.0,,ok,phase3-opencv-v1,Aggregated from Phase 3 frame features.
fei_face_database,image,FEI Face Database/frontalimages_manuallyaligned_part2/195b.jpg,195,generic_smile,basic_expression_support,fei_subject_195,False,1,1,1.0,1.0,260.0,360.0,86.1857264957265,53.490518503481994,53.49052047729492,45.943784783402734,0.029572649572649573,84.63012921780694,0.032689269656094304,0.0902104377746582,0.2517519342163892,0.4756517094017094,0.0,0.5057692307692307,0.5513888888888889,0.057777777777777775,0.0,0.4928909952606635,0.0,,ok,phase3-opencv-v1,Aggregated from Phase 3 frame features.
fei_face_database,image,FEI Face Database/frontalimages_manuallyaligned_part2/196a.jpg,196,neutral,basic_expression_support,fei_subject_196,False,1,1,1.0,0.0,260.0,360.0,115.01016025641026,48.96515433527074,48.96514892578125,85.71604010108481,0.03286324786324786,107.45395305299539,0.030817972350230413,0.09855171293020248,0.2517641129032258,0.5360683760683761,0.0,0.5153846153846153,0.5555555555555556,,,,,,ok,phase3-opencv-v1,Aggregated from Phase 3 frame features.
fei_face_database,image,FEI Face Database/frontalimages_manuallyaligned_part2/196b.jpg,196,generic_smile,basic_expression_support,fei_subject_196,False,1,1,1.0,1.0,260.0,360.0,109.39167735042734,49.06743895241414,49.067440032958984,68.52625734611274,0.027767094017094016,100.14835700362016,0.02478418267891952,0.10589654743671417,0.2547340573656363,0.5553846153846154,0.0,0.5038461538461538,0.5583333333333333,0.057777777777777775,0.0,0.45614035087719296,0.0,,ok,phase3-opencv-v1,Aggregated from Phase 3 frame features.
fei_face_database,image,FEI Face Database/frontalimages_manuallyaligned_part2/197a.jpg,197,neutral,basic_expression_support,fei_subject_197,False,1,1,1.0,0.0,260.0,360.0,89.48977564102564,60.87237193253811,60.87236785888672,40.4331968632433,0.023226495726495728,90.86667969513387,0.019073675982020716,0.09514755010604858,0.25249169435215946,0.49385683760683763,0.0,0.5096153846153846,0.5541666666666667,,,,,,ok,phase3-opencv-v1,Aggregated from Phase 3 frame features.
fei_face_database,image,FEI Face Database/frontalimages_manuallyaligned_part2/197b.jpg,197,generic_smile,basic_expression_support,fei_subject_197,False,1,1,1.0,1.0,260.0,360.0,85.02616452991452,59.7189744327355,59.71897506713867,55.104127755405784,0.025886752136752136,86.07848348641782,0.030603869454758646,0.10308308154344559,0.254094195817862,0.49385683760683763,0.0,0.5019230769230769,0.5541666666666667,0.057777777777777775,0.0,0.48372093023255813,0.0,,ok,phase3-opencv-v1,Aggregated from Phase 3 frame features.
fei_face_database,image,FEI Face Database/frontalimages_manuallyaligned_part2/198a.jpg,198,neutral,basic_expression_support,fei_subject_198,False,1,1,1.0,1.0,260.0,360.0,102.43064102564102,64.43904674099572,64.43904876708984,48.795664310303884,0.025673076923076923,101.08380018674136,0.023420479302832243,0.09633352607488632,0.25132275132275134,0.49846153846153846,0.0,0.5115384615384615,0.55,0.057777777777777775,0.0,0.48148148148148145,0.0,,ok,phase3-opencv-v1,Aggregated from Phase 3 frame features.
fei_face_database,image,FEI Face Database/frontalimages_manuallyaligned_part2/198b.jpg,198,generic_smile,basic_expression_support,fei_subject_198,False,1,1,1.0,1.0,260.0,360.0,95.6799358974359,62.720013395548406,62.72001266479492,26.5157701512163,0.0222008547008547,94.4695865674006,0.02776017741169016,0.11882483214139938,0.25237604942182795,0.4892735042735043,0.0,0.5038461538461538,0.55,0.057777777777777775,0.0,0.48598130841121495,0.0,,ok,phase3-opencv-v1,Aggregated from Phase 3 frame features.
fei_face_database,image,FEI Face Database/frontalimages_manuallyaligned_part2/199a.jpg,199,neutral,basic_expression_support,fei_subject_199,False,1,1,1.0,0.0,260.0,360.0,96.83248931623932,44.57621589484867,44.57621383666992,65.17465336949375,0.03985042735042735,90.07132743362831,0.033734513274336284,0.11169710010290146,0.2513982300884956,0.5456837606837607,0.0,0.5038461538461538,0.5333333333333333,,,,,,ok,phase3-opencv-v1,Aggregated from Phase 3 frame features.
fei_face_database,image,FEI Face Database/frontalimages_manuallyaligned_part2/199b.jpg,199,generic_smile,basic_expression_support,fei_subject_199,False,1,1,1.0,1.0,260.0,360.0,98.60495726495726,45.943746365815436,45.94374465942383,89.37758924638396,0.04392094017094017,87.81373785327499,0.04454417328091388,0.12170889228582382,0.25161338179660264,0.5218055555555555,0.0,0.5096153846153846,0.5347222222222222,0.16641025641025642,0.0,0.8009049773755657,0.0,,ok,phase3-opencv-v1,Aggregated from Phase 3 frame features.
fei_face_database,image,FEI Face Database/frontalimages_manuallyaligned_part2/200a.jpg,200,neutral,basic_expression_support,fei_subject_200,False,1,1,1.0,1.0,260.0,360.0,86.36568376068377,46.142064325011475,46.142066955566406,53.68710924099642,0.02158119658119658,87.61619083395942,0.014462809917355372,0.07853537797927856,0.2576634109691961,0.5170940170940171,0.0,0.5076923076923077,0.5555555555555556,0.057777777777777775,0.0,0.4727272727272727,0.0,,ok,phase3-opencv-v1,Aggregated from Phase 3 frame features.
fei_face_database,image,FEI Face Database/frontalimages_manuallyaligned_part2/200b.jpg,200,generic_smile,basic_expression_support,fei_subject_200,False,1,1,1.0,1.0,260.0,360.0,87.65516025641026,46.52665519079949,46.52665710449219,52.25827141089561,0.02389957264957265,86.1617832505007,0.020250723240115717,0.07855264097452164,0.25636080409465173,0.5218055555555555,0.0,0.5019230769230769,0.5513888888888889,0.16641025641025642,0.0,0.8009049773755657,0.0,,ok,phase3-opencv-v1,Aggregated from Phase 3 frame features.
osf_smile_types,video,OSF Smile Types/Types of Smiles/Andrew_Affiliation.mp4,Andrew,affiliative,smile_subtype_positive,Andrew,True,12,12,1.0,1.0,1724.0,970.0,205.50203484663652,48.94467870547403,48.944680531819664,22.43947507861984,0.009337102638314158,157.27359503734175,0.025220648423514437,0.07202373010416825,0.25434238568556805,0.20054132681129955,0.0033874973166193364,0.4963988785769528,0.5255584192439863,0.026999067141866194,0.0,0.5198235529209451,0.004341981314117429,2569.2333333333336,ok,phase3-opencv-v1,Aggregated from Phase 3 frame features.
osf_smile_types,video,OSF Smile Types/Types of Smiles/Andrew_Anger.mp4,Andrew,negative_other,negative_oob,Andrew,False,12,12,1.0,0.4166666666666667,1764.0,992.0,203.5437819449016,51.99755687784741,51.997551918029785,25.14110809718801,0.008356201463560335,159.18248058741904,0.01929202256791443,0.06726597373684247,0.2708569553125736,0.18671314011715798,0.002888029907286331,0.4978032879818594,0.5485131048387096,0.01904144722405091,0.00827952527854008,0.4381969703586144,0.10448553928920133,2235.5666666666666,ok,phase3-opencv-v1,Aggregated from Phase 3 frame features.
osf_smile_types,video,OSF Smile Types/Types of Smiles/Andrew_Disgust.mp4,Andrew,negative_other,negative_oob,Andrew,False,12,12,1.0,0.75,1634.0,918.0,203.72034134838032,50.38654112543783,50.38654359181722,17.64628813468363,0.0076813274382693825,146.7493134581694,0.02114142889881097,0.062197412364184856,0.26253508396587066,0.18775744238490538,0.0077653792083387935,0.497781517747858,0.5267338416848221,0.030099759201926386,0.0,0.5728388970499294,0.00798260684007063,2452.4500000000003,ok,phase3-opencv-v1,Aggregated from Phase 3 frame features.
osf_smile_types,video,OSF Smile Types/Types of Smiles/Andrew_Dominance.mp4,Andrew,dominance,smile_subtype_positive,Andrew,True,12,12,1.0,0.5833333333333334,1634.0,918.0,205.97621269029847,49.865783950254546,49.86578241984049,24.246621607072317,0.009727922176622586,146.8774955642487,0.027164431838170498,0.08571098155031602,0.2641049809233688,0.18586979081945124,0.007419116544491397,0.49319155446756424,0.5089415395787945,0.030099759201926386,0.0,0.5763456941620626,0.010372373992133957,3003.0,ok,phase3-opencv-v1,Aggregated from Phase 3 frame features.
osf_smile_types,video,OSF Smile Types/Types of Smiles/Andrew_Reward.mp4,Andrew,reward,smile_subtype_positive,Andrew,True,12,12,1.0,0.6666666666666666,1650.0,928.0,212.2237458638105,50.74723479877473,50.74723752339681,22.43515457318045,0.009477751654475793,163.85509014821528,0.025789147085222456,0.07884123735129833,0.2555787356089644,0.1909205198537095,0.0029166387540540033,0.49808080808080807,0.5223599137931034,0.029486677115987462,0.0,0.5587179660334746,0.0031122454858611447,2769.4333333333334,ok,phase3-opencv-v1,Aggregated from Phase 3 frame features.
osf_smile_types,video,OSF Smile Types/Types of Smiles/Andrew_Sadness.mp4,Andrew,frown_candidate,negative_oob,Andrew,False,12,12,1.0,0.0,1706.0,960.0,199.6827187235411,51.36425224494862,51.364251136779785,20.169400801435998,0.008697448547609744,152.1538910993293,0.023059818985431437,0.07913978087405364,0.26607242832758526,0.18938596009183276,0.0024132343700826162,0.5094519343493552,0.4672309027777778,,,,,2635.9666666666667,ok,phase3-opencv-v1,Aggregated from Phase 3 frame features.
osf_smile_types,video,OSF Smile Types/Types of Smiles/Anna_Affiliation.mp4,Anna,affiliative,smile_subtype_positive,Anna,True,12,12,1.0,1.0,1828.0,1028.0,202.62276609599346,55.794425821814535,55.794426600138344,37.74709884837236,0.013494598364680272,138.52994849136314,0.01686864815730494,0.17475964253147444,0.2534289362030687,0.20025079147828703,0.003463503790322131,0.4863466447848286,0.5843466277561609,0.024026385920697495,0.0,0.49073072864836265,0.004229017389393431,2569.2333333333336,ok,phase3-opencv-v1,Aggregated from Phase 3 frame features.
osf_smile_types,video,OSF Smile Types/Types of Smiles/Anna_Anger.mp4,Anna,negative_other,negative_oob,Anna,False,12,12,1.0,1.0,1850.0,1040.0,203.2929889119889,55.67640712140722,55.67640495300293,47.68537091640629,0.015510351697851699,140.49949240322897,0.019689687543503413,0.1049920277049144,0.2545448758043201,0.18139977477477479,0.011001322780238075,0.48121621621621624,0.6563301282051281,0.02218581081081081,0.004248348126731229,0.49230409783313167,0.057981717570042765,2836.1666666666665,ok,phase3-opencv-v1,Aggregated from Phase 3 frame features.
osf_smile_types,video,OSF Smile Types/Types of Smiles/Anna_Disgust.mp4,Anna,negative_other,negative_oob,Anna,False,12,12,1.0,1.0,1828.0,1028.0,202.05766292710027,56.273136256043884,56.27313550313314,36.868500540692196,0.012851367047257391,141.87195979177406,0.014424941059998576,0.1687034691373507,0.2531098458549384,0.1968172089587821,0.0061560462422636094,0.5041712253829321,0.5807798313878081,0.024026385920697495,0.0,0.4951189603947171,0.007740563239183499,2886.2166666666667,ok,phase3-opencv-v1,Aggregated from Phase 3 frame features.
osf_smile_types,video,OSF Smile Types/Types of Smiles/Anna_Dominance.mp4,Anna,dominance,smile_subtype_positive,Anna,True,12,12,1.0,0.8333333333333334,1828.0,1028.0,205.27924106065896,53.503318526739946,53.503318786621094,42.05536070981487,0.01408949309913239,147.44065506551755,0.017730524575517215,0.21056347340345383,0.2518051166502868,0.20662483468001713,0.004807555287524882,0.4846599197665937,0.588886186770428,0.024026385920697495,0.0,0.4836883890816193,0.006120503640043397,2002.0000000000002,ok,phase3-opencv-v1,Aggregated from Phase 3 frame features.
osf_smile_types,video,OSF Smile Types/Types of Smiles/Anna_Reward.mp4,Anna,reward,smile_subtype_positive,Anna,True,12,12,1.0,1.0,1828.0,1028.0,202.71141521177987,56.029256429391005,56.029259045918785,40.4739537319999,0.013368568485044573,140.34803912092474,0.017750012882624025,0.17400318135817847,0.2531727321477169,0.20509234327239909,0.0057460228673566075,0.4925920860685631,0.5682149805447471,0.024026385920697495,0.0,0.48499262916545205,0.0068020847791486335,3169.8333333333335,ok,phase3-opencv-v1,Aggregated from Phase 3 frame features.
osf_smile_types,video,OSF Smile Types/Types of Smiles/Anna_Sadness.mp4,Anna,frown_candidate,negative_oob,Anna,False,12,12,1.0,0.8333333333333334,1764.0,992.0,204.7984277184216,50.784440055048385,50.78443972269694,30.498132504067243,0.010880696364567332,145.62531704690943,0.01284555237819979,0.1611561986307303,0.2522948775815223,0.23677315348182285,0.0032677337050753845,0.49919690098261527,0.5916498655913979,0.025801651305683564,0.0,0.46799764852870207,0.003417584871710002,2936.2666666666664,ok,phase3-opencv-v1,Aggregated from Phase 3 frame features.
osf_smile_types,video,OSF Smile Types/Types of Smiles/Anthony_Affiliation.mp4,Anthony,affiliative,smile_subtype_positive,Anthony,True,12,12,1.0,1.0,1920.0,1080.0,203.4477619036137,57.35820257476871,57.358201026916504,69.29221085666397,0.006987967785493827,155.24863317107798,0.009698068451404265,0.07194670227666695,0.2724336010766997,0.24097752700617284,0.0060359877079131565,0.4999565972222222,0.5928240740740741,0.021773726851851853,0.0,0.4259085300136411,0.005260310336286432,2802.8,ok,phase3-opencv-v1,Aggregated from Phase 3 frame features.
osf_smile_types,video,OSF Smile Types/Types of Smiles/Anthony_Anger.mp4,Anthony,negative_other,negative_oob,Anthony,False,12,12,1.0,1.0,1896.0,1066.0,201.63823706898827,58.84067233119318,58.84067185719808,63.63809704229345,0.0067434023902069595,146.01902140175252,0.010293604319323229,0.08817768283188343,0.26700152415313533,0.20532648470958906,0.019962040813047473,0.5066148030942335,0.6405175109443402,0.022338922269456385,0.0,0.468986663821513,0.023755131751711688,3236.5666666666666,ok,phase3-opencv-v1,Aggregated from Phase 3 frame features.
osf_smile_types,video,OSF Smile Types/Types of Smiles/Anthony_Disgust.mp4,Anthony,negative_other,negative_oob,Anthony,False,12,12,1.0,1.0,1850.0,1040.0,201.11650736313237,58.91626894206661,58.91626834869385,68.39917835951815,0.006780708593208593,152.37669912606634,0.009069705544486502,0.07631527446210384,0.27473619740407745,0.2383667706167706,0.005595127112878457,0.5084234234234235,0.5448717948717949,0.023466735966735968,0.0,0.44455999437174076,0.005193259453051894,2736.066666666667,ok,phase3-opencv-v1,Aggregated from Phase 3 frame features.
osf_smile_types,video,OSF Smile Types/Types of Smiles/Anthony_Dominance.mp4,Anthony,dominance,smile_subtype_positive,Anthony,True,12,12,1.0,1.0,1806.0,1016.0,203.2829558187494,56.77550148811475,56.77550252278646,63.791909092403145,0.007007118296259479,153.7861552774683,0.008765474218824733,0.0782902507732312,0.27063674304624413,0.23856388409297674,0.011750384307430226,0.5082364341085271,0.5248933727034121,0.024606299212598427,0.0,0.45536508991321395,0.011368379270445253,3503.5000000000005,ok,phase3-opencv-v1,Aggregated from Phase 3 frame features.
osf_smile_types,video,OSF Smile Types/Types of Smiles/Anthony_Reward.mp4,Anthony,reward,smile_subtype_positive,Anthony,True,12,12,1.0,1.0,1920.0,1080.0,204.26935908564815,56.2696615167325,56.26966635386149,59.092597588894876,0.006974987139917696,155.78872363699813,0.01132062894606979,0.11385222524404526,0.26233998757861343,0.24153436856995886,0.004982671699188132,0.4913194444444444,0.5969907407407408,0.04243007330246913,0.020656346450617282,0.5744482369152183,0.15110771921725635,2602.6000000000004,ok,phase3-opencv-v1,Aggregated from Phase 3 frame features.
osf_smile_types,video,OSF Smile Types/Types of Smiles/Anthony_Sadness.mp4,Anthony,frown_candidate,negative_oob,Anthony,False,12,12,1.0,1.0,1828.0,1028.0,200.56858358024903,58.40484532905441,58.4048433303833,72.39452883668415,0.0070682718314615985,154.6959633491783,0.008811203000969964,0.07518034366269906,0.2995562381310056,0.25110522262144985,0.0031403110053446924,0.505584427425237,0.5566228923476005,0.024026385920697495,0.0,0.43820703959851803,0.0027313592301870197,2585.916666666667,ok,phase3-opencv-v1,Aggregated from Phase 3 frame features.
osf_smile_types,video,OSF Smile Types/Types of Smiles/Ashley_Affiliation.mp4,Ashley,affiliative,smile_subtype_positive,Ashley,True,12,12,1.0,1.0,1706.0,960.0,179.33496925678975,84.3971696155901,84.39716974894206,53.61514814899042,0.012985419109026964,125.23873423408611,0.024137637343444616,0.06684981007128954,0.28258634144660444,0.14713623078676566,0.004497280144774103,0.5014165689722548,0.57890625,0.027568141852286048,0.0,0.6133870443311704,0.009423116250854806,2502.5,ok,phase3-opencv-v1,Aggregated from Phase 3 frame features.
osf_smile_types,video,OSF Smile Types/Types of Smiles/Ashley_Anger.mp4,Ashley,negative_other,negative_oob,Ashley,False,12,12,1.0,0.9166666666666666,1764.0,992.0,176.83810711504583,85.20874304204806,85.20874214172363,60.11799771545925,0.013430049999390438,127.49732173378146,0.021937055226074177,0.07946675084531307,0.27705419298036266,0.15238118096701045,0.004190109915543845,0.4742063492063492,0.6007224462365591,0.025801651305683564,0.0,0.5832450868353386,0.008223840935426361,2802.8,ok,phase3-opencv-v1,Aggregated from Phase 3 frame features.
osf_smile_types,video,OSF Smile Types/Types of Smiles/Ashley_Disgust.mp4,Ashley,negative_other,negative_oob,Ashley,False,12,12,1.0,1.0,1650.0,928.0,172.74055403169626,86.90826010373057,86.90826034545898,56.36084523194064,0.013814383054684779,121.98377545240493,0.022778264271015498,0.07440312206745148,0.27348534904582633,0.15985980494601185,0.005764854092711197,0.5032323232323233,0.5897988505747127,0.029486677115987462,0.0,0.6087020170189066,0.011538291265022314,2535.866666666667,ok,phase3-opencv-v1,Aggregated from Phase 3 frame features.
osf_smile_types,video,OSF Smile Types/Types of Smiles/Ashley_Dominance.mp4,Ashley,dominance,smile_subtype_positive,Ashley,True,12,12,1.0,1.0,1724.0,970.0,181.55150408424427,83.80674549259106,83.80674298604329,47.777601309844364,0.012062971910605083,127.40514127790794,0.021899752455133235,0.0900955032557249,0.27000992012274616,0.13991068082697475,0.0034890702364808054,0.4891724671307038,0.5911512027491409,0.026999067141866194,0.0,0.6224262806981089,0.00776603008164902,3003.0,ok,phase3-opencv-v1,Aggregated from Phase 3 frame features.
osf_smile_types,video,OSF Smile Types/Types of Smiles/Ashley_Reward.mp4,Ashley,reward,smile_subtype_positive,Ashley,True,12,12,1.0,1.0,1724.0,970.0,177.35000363774807,83.72421546124347,83.72421391805013,51.41335356065927,0.013159628371644302,127.06129401210329,0.0239723422307156,0.07845866059263547,0.2797029347597857,0.13905391640953269,0.006654202891978588,0.499395784996133,0.5763316151202749,0.026999067141866194,0.0,0.6247291758106133,0.014890593548162365,2736.066666666667,ok,phase3-opencv-v1,Aggregated from Phase 3 frame features.
osf_smile_types,video,OSF Smile Types/Types of Smiles/Ashley_Sadness.mp4,Ashley,frown_candidate,negative_oob,Ashley,False,12,12,1.0,1.0,1668.0,938.0,171.86969118734862,86.06320951798422,86.06321207682292,50.039846075210164,0.013364148766274828,122.02780894933522,0.021620452579296994,0.07734512413541476,0.2764156587241808,0.16454757302899684,0.005083469286718518,0.4985011990407674,0.5769367448471926,0.028857511006120478,0.0,0.593439752250984,0.009160914799939244,2902.9,ok,phase3-opencv-v1,Aggregated from Phase 3 frame features.
osf_smile_types,video,OSF Smile Types/Types of Smiles/Dmonte_Affiliation.mp4,Dmonte,affiliative,smile_subtype_positive,Dmonte,True,12,12,1.0,1.0,1744.0,980.0,194.3743163148287,72.39747997124653,72.39748128255208,40.937454260406724,0.010021092726081258,120.9210390506284,0.008404889937570863,0.08612302628656228,0.28135235601285924,0.18064954479498221,0.005809502436782067,0.4924264143730887,0.5201955782312925,0.02641710353866317,0.0,0.5419098771107862,0.008567714125440112,2669.3333333333335,ok,phase3-opencv-v1,Aggregated from Phase 3 frame features.
osf_smile_types,video,OSF Smile Types/Types of Smiles/Dmonte_Anger.mp4,Dmonte,negative_other,negative_oob,Dmonte,False,12,12,1.0,1.0,1764.0,992.0,190.02680104860045,77.23621010917316,77.23620859781902,34.077960000746735,0.010152554525394387,112.21944721445843,0.01569669996919429,0.06768468829492728,0.2766803815540896,0.16836710882829833,0.004198863649084927,0.4996456916099773,0.5772429435483871,0.02298489960500329,0.006298448278459229,0.5165741582801422,0.08538515846128641,4004.0000000000005,ok,phase3-opencv-v1,Aggregated from Phase 3 frame features.
osf_smile_types,video,OSF Smile Types/Types of Smiles/Dmonte_Disgust.mp4,Dmonte,negative_other,negative_oob,Dmonte,False,12,12,1.0,1.0,1706.0,960.0,197.5574080349583,73.6767068200589,73.67670885721843,37.90746962877109,0.009044161944770092,116.96568911744264,0.007990354472752143,0.04384366019318501,0.27104111167301975,0.16691192034648952,0.008611905050675214,0.49995115279406016,0.552951388888889,0.027568141852286048,0.0,0.5762735990191478,0.014785508302496485,2669.3333333333335,ok,phase3-opencv-v1,Aggregated from Phase 3 frame features.
osf_smile_types,video,OSF Smile Types/Types of Smiles/Dmonte_Dominance.mp4,Dmonte,dominance,smile_subtype_positive,Dmonte,True,12,12,1.0,1.0,1724.0,970.0,195.37259529903287,71.56200690392905,71.56200853983562,34.07312465025808,0.009310292933400308,119.18698135694748,0.007496398807116335,0.12425001586476962,0.3058651585667445,0.17315805367522186,0.003813332805472531,0.4884715777262181,0.5069158075601374,0.026999067141866194,0.0,0.5594606208105388,0.006152309194856417,3203.2000000000003,ok,phase3-opencv-v1,Aggregated from Phase 3 frame features.
osf_smile_types,video,OSF Smile Types/Types of Smiles/Dmonte_Reward.mp4,Dmonte,reward,smile_subtype_positive,Dmonte,True,12,12,1.0,1.0,1744.0,980.0,196.89044103593272,71.90015952739077,71.90016237894694,38.225585530403045,0.00930303313986145,123.13817881160325,0.010910707107170544,0.10539435222744942,0.2749205019307107,0.17830462460213442,0.0040691574339156295,0.49001337920489296,0.5393707482993197,0.02641710353866317,0.0,0.5453620308849492,0.00629984993638241,2969.633333333333,ok,phase3-opencv-v1,Aggregated from Phase 3 frame features.
osf_smile_types,video,OSF Smile Types/Types of Smiles/Dmonte_Sadness.mp4,Dmonte,frown_candidate,negative_oob,Dmonte,False,12,12,1.0,1.0,1550.0,872.0,196.13737009223635,72.22138315356491,72.2213815053304,36.10949059040856,0.007691933017658084,118.9669461590076,0.007920578180273898,0.05437947157770395,0.289470164689112,0.2088384753871954,0.004947014338085557,0.49776881720430105,0.5575783639143731,0.03340485350695472,0.0,0.5666674301354124,0.006692650809918111,2802.8,ok,phase3-opencv-v1,Aggregated from Phase 3 frame features.
osf_smile_types,video,OSF Smile Types/Types of Smiles/Jessica_Affiliation.mp4,Jessica,affiliative,smile_subtype_positive,Jessica,True,12,12,1.0,1.0,1550.0,872.0,196.98363643089672,68.6774293533598,68.677427927653,50.86024807420947,0.017293824602939725,139.1362407398844,0.01177877560348545,0.0910220555961132,0.25331280425332786,0.2277936026437802,0.005535565838209308,0.5031182795698925,0.5394686544342507,0.03340485350695472,0.0,0.542586613938934,0.006669858409080269,2535.866666666667,ok,phase3-opencv-v1,Aggregated from Phase 3 frame features.
osf_smile_types,video,OSF Smile Types/Types of Smiles/Jessica_Anger.mp4,Jessica,negative_other,negative_oob,Jessica,False,12,12,1.0,0.9166666666666666,1566.0,880.0,194.05995684817523,73.6398283453589,73.63982963562012,46.54588000106711,0.01346873911529084,131.63760899698372,0.012127509992687973,0.09107894885043304,0.2580121727539046,0.2065825883354619,0.006240826247338856,0.49941464452958706,0.5681818181818182,0.0327629745733194,0.0,0.565329709174843,0.008227978295804347,3003.0,ok,phase3-opencv-v1,Aggregated from Phase 3 frame features.
osf_smile_types,video,OSF Smile Types/Types of Smiles/Jessica_Disgust.mp4,Jessica,negative_other,negative_oob,Jessica,False,12,12,1.0,0.9166666666666666,1534.0,862.0,193.66347634842512,72.90314320024669,72.90314292907715,39.73391006336945,0.013270735713615889,126.03072968362284,0.011606121335646676,0.08449713016549747,0.26165490888694337,0.19739072389589515,0.01162150879938377,0.5041829639287266,0.5610015467904099,0.03414484371265999,0.0,0.591569005917983,0.01785880778453637,2602.6000000000004,ok,phase3-opencv-v1,Aggregated from Phase 3 frame features.
osf_smile_types,video,OSF Smile Types/Types of Smiles/Jessica_Dominance.mp4,Jessica,dominance,smile_subtype_positive,Jessica,True,12,12,1.0,1.0,1422.0,798.0,194.06976352919335,71.57537481267074,71.57537333170573,43.79924554921565,0.015187332489686477,134.83267081721476,0.011207109311873392,0.06777349828432004,0.2555789993694945,0.2353477311422015,0.005118544951682433,0.4981540084388186,0.5320071010860484,0.0397882892886224,0.0,0.5825560572396428,0.006367545357913658,3069.733333333333,ok,phase3-opencv-v1,Aggregated from Phase 3 frame features.
osf_smile_types,video,OSF Smile Types/Types of Smiles/Jessica_Reward.mp4,Jessica,reward,smile_subtype_positive,Jessica,True,12,12,1.0,1.0,1462.0,822.0,189.8931431906209,73.03307412199787,73.03307342529297,56.49848956478666,0.02039293904626865,132.79205775392,0.010731236317248085,0.06066319936265548,0.25569950294491806,0.2511194654968308,0.004012730177638917,0.49840401276789786,0.5227088402270884,0.037569772434521254,0.0,0.5479717250289878,0.004364532923196752,2869.5333333333333,ok,phase3-opencv-v1,Aggregated from Phase 3 frame features.
osf_smile_types,video,OSF Smile Types/Types of Smiles/Jessica_Sadness.mp4,Jessica,frown_candidate,negative_oob,Jessica,False,12,12,1.0,0.75,1504.0,846.0,194.72166997803598,70.9316277281443,70.93163172403972,36.28294554444995,0.013477718466542596,133.36713644410693,0.012914589571486538,0.07759183955689271,0.25618306213394604,0.2275739216043794,0.004462908305434411,0.5031305407801419,0.5662431048069346,0.027736909612192547,0.010956847380880277,0.48118066152779143,0.10800749676726103,3203.2000000000003,ok,phase3-opencv-v1,Aggregated from Phase 3 frame features.
osf_smile_types,video,OSF Smile Types/Types of Smiles/Joeseph_Affiliation.mp4,Joeseph,affiliative,smile_subtype_positive,Joeseph,True,12,12,1.0,1.0,1744.0,980.0,183.672333276774,74.36275336906084,74.36275100708008,19.60579352402428,0.0039283373900018724,89.78040623618007,0.005601787097495757,0.13785317043463388,0.2861948647422935,0.1758730613805155,0.010669496622123454,0.5169151376146789,0.5076530612244898,0.01343937230855645,0.007492696619172729,0.3801217259324384,0.09957081620491595,2569.2333333333336,ok,phase3-opencv-v1,Aggregated from Phase 3 frame features.
osf_smile_types,video,OSF Smile Types/Types of Smiles/Joeseph_Anger.mp4,Joeseph,negative_other,negative_oob,Joeseph,False,12,12,1.0,0.75,1706.0,960.0,181.8523315381985,75.62900034554274,75.62899843851726,19.276218629571282,0.0037550271916113064,78.70900854198136,0.005077064780959525,0.05741185725977024,0.28433254390308316,0.16550440846033607,0.01114106877798615,0.5063012895662368,0.5254340277777778,0.010827118883244323,0.0062273737185036945,0.3461861941165679,0.0843551631746579,2802.8,ok,phase3-opencv-v1,Aggregated from Phase 3 frame features.
osf_smile_types,video,OSF Smile Types/Types of Smiles/Joeseph_Disgust.mp4,Joeseph,negative_other,negative_oob,Joeseph,False,12,12,1.0,0.5,1786.0,1004.0,188.60640714484356,72.92901314014252,72.92901229858398,15.914487835375747,0.00318862660593163,84.85098579569222,0.006581612127740218,0.08445091856022675,0.28979112854211303,0.1487796945848558,0.015907337790774613,0.5114081746920492,0.4854332669322709,0.008686418937910173,0.0,0.32880421201767734,0.0019603005025728834,2402.4,ok,phase3-opencv-v1,Aggregated from Phase 3 frame features.
osf_smile_types,video,OSF Smile Types/Types of Smiles/Joeseph_Dominance.mp4,Joeseph,dominance,smile_subtype_positive,Joeseph,True,12,12,1.0,0.9166666666666666,1724.0,970.0,182.725647668652,74.93429888258795,74.93430010477702,19.187961703236482,0.003615921576131589,85.82392145228854,0.006051972172252965,0.08057686313986778,0.29011481180396936,0.17571150365568763,0.02000723664780146,0.5154195668986852,0.46580756013745706,0.017352792159642687,0.0088058040061026,0.42875392106301313,0.10905776867488502,2602.6000000000004,ok,phase3-opencv-v1,Aggregated from Phase 3 frame features.
osf_smile_types,video,OSF Smile Types/Types of Smiles/Joeseph_Reward.mp4,Joeseph,reward,smile_subtype_positive,Joeseph,True,12,12,1.0,0.8333333333333334,1744.0,980.0,183.84429579744742,74.86623665942672,74.86623954772949,18.960020066341766,0.0038720218592023965,91.05284541336431,0.009133149930988375,0.12301065400242805,0.2777847679283717,0.17136435709604944,0.01357852549429091,0.5146932339449541,0.470875850340136,0.016034918554577792,0.008477018542064887,0.4165993938701029,0.12155877069596563,2802.8,ok,phase3-opencv-v1,Aggregated from Phase 3 frame features.
osf_smile_types,video,OSF Smile Types/Types of Smiles/Joeseph_Sadness.mp4,Joeseph,frown_candidate,negative_oob,Joeseph,False,12,12,1.0,0.75,1668.0,938.0,182.88432249935659,75.02660866597276,75.02660814921062,18.99206428162169,0.0035748054008818532,86.16262322538775,0.005654761115955484,0.11309629430373509,0.28771396978890335,0.17776301346982115,0.004492290001819329,0.5164368505195843,0.4871179815209666,0.011333506045199377,0.006518629604557256,0.345448376072653,0.08766171355083997,3470.1333333333337,ok,phase3-opencv-v1,Aggregated from Phase 3 frame features.
osf_smile_types,video,OSF Smile Types/Types of Smiles/Jourdan_Affiliation.mp4,Jourdan,affiliative,smile_subtype_positive,Jourdan,True,12,12,1.0,1.0,1724.0,970.0,204.59791268009346,57.64556177618394,57.645562489827476,57.70324924160939,0.009674914886661723,169.47601996255156,0.016880907147560745,0.061744178645312786,0.26371909215533906,0.2129715617799252,0.004371015310342781,0.5022476798143851,0.5192869415807561,0.026999067141866194,0.0,0.5044520017601385,0.005180689363023685,2235.5666666666666,ok,phase3-opencv-v1,Aggregated from Phase 3 frame features.
osf_smile_types,video,OSF Smile Types/Types of Smiles/Jourdan_Anger.mp4,Jourdan,negative_other,negative_oob,Jourdan,False,12,12,1.0,0.8333333333333334,1686.0,948.0,203.21100862901733,60.20149391438012,60.20149294535319,63.464965813039846,0.010094298541976365,166.62781487919437,0.015394111752292931,0.07094807860751946,0.25714516037455626,0.20504004810026477,0.005599995231456623,0.5012603795966786,0.5403041490857946,0.02084703515173356,0.009064623738440383,0.4392687969153968,0.1055088398607733,2235.5666666666666,ok,phase3-opencv-v1,Aggregated from Phase 3 frame features.
osf_smile_types,video,OSF Smile Types/Types of Smiles/Jourdan_Disgust.mp4,Jourdan,negative_other,negative_oob,Jourdan,False,12,12,1.0,1.0,1764.0,992.0,201.6722994557366,61.945325444928336,61.94532616933187,47.753834717011195,0.009013814979396777,165.43147102405968,0.014203801705983909,0.08171304439504941,0.2607565993898796,0.193724493605686,0.005905929141002948,0.5011810279667422,0.5477150537634409,0.025801651305683564,0.0,0.5171523454724135,0.007790167415316466,1935.2666666666667,ok,phase3-opencv-v1,Aggregated from Phase 3 frame features.
osf_smile_types,video,OSF Smile Types/Types of Smiles/Jourdan_Dominance.mp4,Jourdan,dominance,smile_subtype_positive,Jourdan,True,12,12,1.0,1.0,1668.0,938.0,206.10712639909394,58.22769824049735,58.22770277659098,48.23126903156565,0.009284683127698267,167.56552826881202,0.014208941108439692,0.10612718823055427,0.2587797218582846,0.20926398540016602,0.012996877588305927,0.49338029576338926,0.5182569296375267,0.028857511006120478,0.0,0.5268308024018379,0.016899439096012988,2135.4666666666667,ok,phase3-opencv-v1,Aggregated from Phase 3 frame features.
osf_smile_types,video,OSF Smile Types/Types of Smiles/Jourdan_Reward.mp4,Jourdan,reward,smile_subtype_positive,Jourdan,True,12,12,1.0,1.0,1724.0,970.0,206.38336368112198,58.40910903188725,58.4091100692749,40.018531537710764,0.008508244233421836,169.58552032878808,0.01705368311587942,0.07885315020879109,0.2693928204006854,0.21212745473246106,0.00768953987325468,0.4989365815931941,0.5283505154639175,0.026999067141866194,0.0,0.5056229364656338,0.009132805200624159,1968.6333333333334,ok,phase3-opencv-v1,Aggregated from Phase 3 frame features.
osf_smile_types,video,OSF Smile Types/Types of Smiles/Jourdan_Sadness.mp4,Jourdan,frown_candidate,negative_oob,Jourdan,False,12,12,1.0,0.08333333333333333,1650.0,928.0,204.87265559691744,59.27960313214265,59.279601097106934,47.98196874111693,0.009871614855451061,165.3349375622302,0.01612048305808592,0.05609191426386436,0.2670468921355754,0.2153199016022292,0.00416787505954063,0.49757575757575756,0.5264008620689655,0.029486677115987462,0.0,0.5110356536502547,0.0,2802.8,ok,phase3-opencv-v1,Aggregated from Phase 3 frame features.
osf_smile_types,video,OSF Smile Types/Types of Smiles/KJ_Affiliation.mp4,KJ,affiliative,smile_subtype_positive,KJ,True,12,12,1.0,1.0,1582.0,890.0,207.0365919023471,50.85599523408839,50.855994860331215,34.3851065923963,0.007189140944236897,167.5555574179063,0.017477292017357933,0.09003322385251522,0.27738769898788607,0.22124361378239274,0.005576126697526038,0.5006584492203962,0.5738295880149813,0.032067216863875904,0.0,0.5394320308167178,0.0068213872762161835,2502.5,ok,phase3-opencv-v1,Aggregated from Phase 3 frame features.
osf_smile_types,video,OSF Smile Types/Types of Smiles/KJ_Anger.mp4,KJ,negative_other,negative_oob,KJ,False,12,12,1.0,0.9166666666666666,1764.0,992.0,205.89503242493234,56.095514555962815,56.09551239013672,37.0359395101745,0.008024656435154707,152.76485034292395,0.019381962758273925,0.12969767302274704,0.2671232043011081,0.1865500344402994,0.029382867261530474,0.49650415721844293,0.6264280913978495,0.024265241287130687,0.004858555078528644,0.5119372369481888,0.06418651440579147,3536.866666666667,ok,phase3-opencv-v1,Aggregated from Phase 3 frame features.
osf_smile_types,video,OSF Smile Types/Types of Smiles/KJ_Disgust.mp4,KJ,negative_other,negative_oob,KJ,False,12,12,1.0,1.0,1598.0,898.0,205.4250139720865,51.30396360758934,51.30396270751953,43.572918695871124,0.008612113044051909,160.3124126693101,0.027520342516263223,0.10252525222798188,0.28588047863728366,0.20392463482099468,0.008677651423935761,0.4994785148101794,0.6016146993318485,0.021158826038115575,0.0103045008933773,0.44411915276702674,0.12254147815707636,2969.633333333333,ok,phase3-opencv-v1,Aggregated from Phase 3 frame features.
osf_smile_types,video,OSF Smile Types/Types of Smiles/KJ_Dominance.mp4,KJ,dominance,smile_subtype_positive,KJ,True,12,12,1.0,0.4166666666666667,1534.0,862.0,206.38380152985033,48.09954913710559,48.09954802195231,31.679156388634254,0.00812537623609628,163.76151813813593,0.016962388176367887,0.17697383711735407,0.2718072417831424,0.23035064447919848,0.0071994532706483975,0.48299652325076053,0.5494972931167826,0.02967175574828255,0.008946175928754876,0.5051288915122522,0.09274803151535223,2736.066666666667,ok,phase3-opencv-v1,Aggregated from Phase 3 frame features.
osf_smile_types,video,OSF Smile Types/Types of Smiles/KJ_Reward.mp4,KJ,reward,smile_subtype_positive,KJ,True,12,12,1.0,1.0,1598.0,898.0,209.56193054746421,47.97315409163458,47.97315311431885,36.3981935582952,0.0076519531188298665,169.92251288761454,0.021468465329711806,0.0711269893993934,0.2910432630410428,0.22343898228390538,0.007526634843425285,0.500052148518982,0.5667223459539718,0.02974591011592999,0.005696027185869087,0.5137317936697192,0.062225302533510815,2535.866666666667,ok,phase3-opencv-v1,Aggregated from Phase 3 frame features.
osf_smile_types,video,OSF Smile Types/Types of Smiles/KJ_Sadness.mp4,KJ,frown_candidate,negative_oob,KJ,False,12,12,1.0,0.5833333333333334,1490.0,838.0,202.1905507013076,51.97453195996395,51.97453180948893,38.587040677838786,0.008905231375438484,161.29632337629607,0.023876327214147952,0.10806948753694694,0.27208975664250307,0.24535627332575163,0.008205396014780686,0.4993008948545861,0.5720465393794749,0.036159920552289726,0.0,0.5489770482616324,0.008686437975621667,3937.266666666667,ok,phase3-opencv-v1,Aggregated from Phase 3 frame features.
osf_smile_types,video,OSF Smile Types/Types of Smiles/Lulu_Affiliation.mp4,Lulu,affiliative,smile_subtype_positive,Lulu,True,12,12,1.0,1.0,1534.0,862.0,176.95912544581142,87.65438226030716,87.65438270568848,34.62740654361182,0.007650323021061155,59.89540354879229,0.009475145554065572,0.039654201517502465,0.25840642975585265,0.18406478167970952,0.002642228401680318,0.4965232507605389,0.555201082753287,0.03414484371265999,0.0,0.6101666573513859,0.0043889050413352445,2569.2333333333336,ok,phase3-opencv-v1,Aggregated from Phase 3 frame features.
osf_smile_types,video,OSF Smile Types/Types of Smiles/Lulu_Anger.mp4,Lulu,negative_other,negative_oob,Lulu,False,12,12,1.0,1.0,1896.0,1066.0,177.83611031947711,86.29004445951853,86.29004669189453,29.489997455145055,0.007321666297237461,64.70162003112185,0.014121670615977322,0.05820264915625254,0.2548793904970315,0.15856313808999822,0.009774708192429185,0.49749472573839665,0.5651969981238274,0.019900194741966894,0.005453160530066489,0.49413564524469694,0.07506711996913622,3036.366666666667,ok,phase3-opencv-v1,Aggregated from Phase 3 frame features.
osf_smile_types,video,OSF Smile Types/Types of Smiles/Lulu_Disgust.mp4,Lulu,negative_other,negative_oob,Lulu,False,12,12,1.0,1.0,1706.0,960.0,175.5747631928162,86.80537022213828,86.80537414550781,34.277291485716844,0.0075683657353132735,61.60598312521651,0.012090784304814651,0.046403612941503525,0.25537327829894896,0.17292277256740915,0.008716103952566563,0.5022469714732317,0.54140625,0.027568141852286048,0.0,0.5661577191993091,0.014523260596002745,2469.133333333333,ok,phase3-opencv-v1,Aggregated from Phase 3 frame features.
osf_smile_types,video,OSF Smile Types/Types of Smiles/Lulu_Dominance.mp4,Lulu,dominance,smile_subtype_positive,Lulu,True,12,12,1.0,1.0,1566.0,880.0,178.09110852296917,86.69832953931747,86.69833437601726,28.124917857430113,0.007143211327837765,60.797319051592204,0.01042220654192933,0.05024504537383715,0.2549265295182172,0.1756560456093502,0.006583223531436976,0.5034855257556407,0.5366950757575758,0.0327629745733194,0.0,0.6121127783404245,0.011694387117532965,2569.2333333333336,ok,phase3-opencv-v1,Aggregated from Phase 3 frame features.
osf_smile_types,video,OSF Smile Types/Types of Smiles/Lulu_Reward.mp4,Lulu,reward,smile_subtype_positive,Lulu,True,12,12,1.0,1.0,1582.0,890.0,178.2389800162881,85.25341628895798,85.25341606140137,37.085927636972166,0.008111206598578578,63.1603968396119,0.017846941892068837,0.05609233522166809,0.26268889799521933,0.19156184746942428,0.01562833158654639,0.49939422671723555,0.5523876404494382,0.032067216863875904,0.0,0.5809875819637854,0.023066402528699192,2669.3333333333335,ok,phase3-opencv-v1,Aggregated from Phase 3 frame features.
osf_smile_types,video,OSF Smile Types/Types of Smiles/Lulu_Sadness.mp4,Lulu,frown_candidate,negative_oob,Lulu,False,12,12,1.0,1.0,1566.0,880.0,173.40500424503657,87.1310564839565,87.13105773925781,27.671187070599487,0.006632899880026317,55.944247236443246,0.008413056471642217,0.042021285742521286,0.2734398177402586,0.1834893474979682,0.0033977150392921185,0.5057471264367817,0.5919507575757575,0.0327629745733194,0.0,0.5986590408006658,0.00552970004406739,3036.366666666667,ok,phase3-opencv-v1,Aggregated from Phase 3 frame features.
osf_smile_types,video,OSF Smile Types/Types of Smiles/Marcus_Affiliation.mp4,Marcus,affiliative,smile_subtype_positive,Marcus,True,12,12,1.0,1.0,1920.0,1080.0,205.81979705182613,53.00165360884658,53.0016508102417,39.13467386334655,0.008435570987654321,182.46867015910547,0.010654228363460977,0.06715632664660613,0.2737579492957409,0.22406872910236625,0.005629604390694611,0.5027126736111112,0.6043595679012346,0.021773726851851853,0.0,0.44168802659314405,0.005521535609047945,2669.3333333333335,ok,phase3-opencv-v1,Aggregated from Phase 3 frame features.
osf_smile_types,video,OSF Smile Types/Types of Smiles/Marcus_Anger.mp4,Marcus,negative_other,negative_oob,Marcus,False,12,12,1.0,0.75,1896.0,1066.0,204.1888618991168,55.64297425404236,55.642975171407066,33.90146827357129,0.008167560223557444,177.73461350958306,0.00961751042599839,0.08283682726323605,0.26888939129231537,0.20639749955800435,0.00825194698457697,0.49549490154711673,0.5995544090056285,0.022338922269456385,0.0,0.4685081449109021,0.008205446718431849,2869.5333333333333,ok,phase3-opencv-v1,Aggregated from Phase 3 frame features.
osf_smile_types,video,OSF Smile Types/Types of Smiles/Marcus_Disgust.mp4,Marcus,negative_other,negative_oob,Marcus,False,12,12,1.0,0.9166666666666666,1806.0,1016.0,201.08970444828117,56.719179287468265,56.71918169657389,39.55490368572943,0.008927390616870565,177.82816448834842,0.01124890965220553,0.10025704900423686,0.2712234366559485,0.2312909923323538,0.021387864598590454,0.4892718715393134,0.5446604330708661,0.023141068782892626,0.004633465454857568,0.4478654987226717,0.05656523633333561,2769.4333333333334,ok,phase3-opencv-v1,Aggregated from Phase 3 frame features.
osf_smile_types,video,OSF Smile Types/Types of Smiles/Marcus_Dominance.mp4,Marcus,dominance,smile_subtype_positive,Marcus,True,12,12,1.0,1.0,1896.0,1066.0,205.20838903633071,53.43360632593067,53.43360551198324,41.412624576593856,0.008839129743536967,184.11813175256285,0.010987650372907533,0.0936737625549237,0.26452136770489354,0.22219513349588219,0.0057772303647709786,0.48477056962025317,0.5672686053783615,0.022338922269456385,0.0,0.4492718476709207,0.0057287715916994756,2635.9666666666667,ok,phase3-opencv-v1,Aggregated from Phase 3 frame features.
osf_smile_types,video,OSF Smile Types/Types of Smiles/Marcus_Reward.mp4,Marcus,reward,smile_subtype_positive,Marcus,True,12,12,1.0,1.0,1896.0,1066.0,206.43535005396305,51.80959424381621,51.80959669748942,32.593335449800726,0.008213780105181772,182.70423357102993,0.011962596174078913,0.07772598974406719,0.2643787002310194,0.22103427643331935,0.0055545024145215284,0.4907700421940928,0.5925578486554096,0.022338922269456385,0.0,0.4504459193325738,0.005704103715126167,2802.8,ok,phase3-opencv-v1,Aggregated from Phase 3 frame features.
osf_smile_types,video,OSF Smile Types/Types of Smiles/Marcus_Sadness.mp4,Marcus,frown_candidate,negative_oob,Marcus,False,12,12,1.0,0.8333333333333334,1668.0,938.0,197.9559652917325,57.16915601951831,57.16915321350098,32.275708784382054,0.008365429191827775,179.59881573547744,0.01011839357008829,0.07044428462783496,0.27014217951123154,0.28720035698520074,0.009206561697837366,0.49892585931254996,0.5263415067519545,0.028857511006120478,0.0,0.4484399669683919,0.007393333847951296,3136.4666666666667,ok,phase3-opencv-v1,Aggregated from Phase 3 frame features.
osf_smile_types,video,OSF Smile Types/Types of Smiles/Mary_Affiliation.mp4,Mary,affiliative,smile_subtype_positive,Mary,True,12,12,1.0,0.5833333333333334,1534.0,862.0,201.786368922117,55.39012374147699,55.39012432098389,38.53314955728345,0.011381677592008317,169.28783914258037,0.013812929978112572,0.062329856057961784,0.2657000693353053,0.17151198258398698,0.005478310671130015,0.5052151238591917,0.5772428460943542,0.03414484371265999,0.0,0.6327042265123612,0.010005062618073034,2702.7000000000003,ok,phase3-opencv-v1,Aggregated from Phase 3 frame features.
osf_smile_types,video,OSF Smile Types/Types of Smiles/Mary_Anger.mp4,Mary,negative_other,negative_oob,Mary,False,12,12,1.0,0.4166666666666667,1534.0,862.0,200.66755954991828,55.079712432627474,55.07971159617106,28.565460155151673,0.00975125815367272,169.77549456193947,0.010621944111475675,0.0651593195895354,0.27616524175735696,0.18569753289954635,0.010450221465744475,0.4986962190352021,0.6052784222737819,0.0117794038907728,0.0,0.3623119738202466,0.004355158115126042,3036.366666666667,ok,phase3-opencv-v1,Aggregated from Phase 3 frame features.
osf_smile_types,video,OSF Smile Types/Types of Smiles/Mary_Disgust.mp4,Mary,negative_other,negative_oob,Mary,False,12,12,1.0,1.0,1504.0,846.0,201.5424224002607,53.56226189453413,53.56226126352946,25.814649195021858,0.008387339566252535,165.80578570912883,0.01152449094488745,0.06794310826808214,0.2754961703035318,0.17691193591452475,0.010228225159721499,0.5067874556737588,0.5505811662726556,0.018052333257884412,0.010064506977265113,0.44062934265731524,0.12210594691035118,2836.1666666666665,ok,phase3-opencv-v1,Aggregated from Phase 3 frame features.
osf_smile_types,video,OSF Smile Types/Types of Smiles/Mary_Dominance.mp4,Mary,dominance,smile_subtype_positive,Mary,True,12,12,1.0,0.25,1504.0,846.0,201.32198789830744,56.18711649447784,56.18711725870768,34.96422439251677,0.01137038818469896,165.36707571916435,0.011917187854125455,0.04921359351525704,0.2950436857756358,0.15758430631004477,0.003707324029730698,0.49670323581560283,0.5662431048069346,0.012241587445299532,0.0,0.3962917025784673,0.0030281950593984744,2569.2333333333336,ok,phase3-opencv-v1,Aggregated from Phase 3 frame features.
osf_smile_types,video,OSF Smile Types/Types of Smiles/Mary_Reward.mp4,Mary,reward,smile_subtype_positive,Mary,True,12,12,1.0,0.5833333333333334,1534.0,862.0,203.4031560095429,54.17601437973197,54.176015535990395,33.46072748956831,0.011091213242300583,167.66479384525073,0.015056767692148738,0.05129453322539727,0.28349856627127595,0.17184359972613542,0.0031598285747173184,0.495219469795741,0.5609048723897911,0.03414484371265999,0.0,0.629387775922612,0.005963697258585226,2802.8,ok,phase3-opencv-v1,Aggregated from Phase 3 frame features.
osf_smile_types,video,OSF Smile Types/Types of Smiles/Mary_Sadness.mp4,Mary,frown_candidate,negative_oob,Mary,False,12,12,1.0,0.0,1396.0,784.0,198.29865890213534,56.04349923054063,56.04349708557129,32.62404008213608,0.009952969368263065,166.86842472658878,0.011699353445979862,0.05277532432228327,0.29190941827718037,0.20000338065025436,0.0045609717018268315,0.5047755491881566,0.5645195578231292,,,,,3036.366666666667,ok,phase3-opencv-v1,Aggregated from Phase 3 frame features.
osf_smile_types,video,OSF Smile Types/Types of Smiles/Maurice_Affiliation.mp4,Maurice,affiliative,smile_subtype_positive,Maurice,True,12,12,1.0,1.0,1872.0,1052.0,183.28238916952378,81.73711520842713,81.73711840311687,34.328929156732876,0.0050133445451886515,113.45126067565417,0.00823778733507444,0.08190416917204857,0.2720191074361718,0.20877468165372157,0.01069442729723067,0.500934829059829,0.5657477820025348,0.0229264161060739,0.0,0.46988373322435234,0.011940184364958323,2635.9666666666667,ok,phase3-opencv-v1,Aggregated from Phase 3 frame features.
osf_smile_types,video,OSF Smile Types/Types of Smiles/Maurice_Anger.mp4,Maurice,negative_other,negative_oob,Maurice,False,12,12,1.0,1.0,1850.0,1040.0,182.9751282917533,81.37908499661204,81.37908109029134,38.386441385581115,0.0047248354123354125,105.27761670260125,0.008309171388848862,0.10546791926026344,0.27235935297699126,0.19283233714483713,0.003281313631573726,0.49011261261261263,0.5884214743589744,0.023466735966735968,0.0,0.4942211711785749,0.004217714653300146,4504.5,ok,phase3-opencv-v1,Aggregated from Phase 3 frame features.
osf_smile_types,video,OSF Smile Types/Types of Smiles/Maurice_Disgust.mp4,Maurice,negative_other,negative_oob,Maurice,False,12,12,1.0,1.0,1806.0,1016.0,186.75140548383487,79.32847414348433,79.32847531636556,39.24097031980478,0.005178676793307814,118.04382569164225,0.010722582648061193,0.13663960496584573,0.2722897037240289,0.19198031750391667,0.01720781375092163,0.4865956072351421,0.5493356299212598,0.024606299212598427,0.0,0.5087002898142465,0.023096117835848307,2669.3333333333335,ok,phase3-opencv-v1,Aggregated from Phase 3 frame features.
osf_smile_types,video,OSF Smile Types/Types of Smiles/Maurice_Dominance.mp4,Maurice,dominance,smile_subtype_positive,Maurice,True,12,12,1.0,1.0,1872.0,1052.0,185.59143251932284,79.26928300658354,79.2692813873291,30.398065163722137,0.004450466754411621,117.94514255432419,0.009058170684905022,0.10544140823185444,0.268673836378438,0.19468115609394127,0.0032595461412459714,0.4909633190883191,0.5469740177439797,0.0229264161060739,0.0,0.48617119422947075,0.0040557384001145575,2736.066666666667,ok,phase3-opencv-v1,Aggregated from Phase 3 frame features.
osf_smile_types,video,OSF Smile Types/Types of Smiles/Maurice_Reward.mp4,Maurice,reward,smile_subtype_positive,Maurice,True,12,12,1.0,1.0,1920.0,1080.0,184.213044061857,79.6963266368168,79.69632466634114,36.7144708034378,0.005007233796296296,118.25261395785091,0.010854655453784124,0.08160976537813742,0.26561963191646054,0.21297903806584362,0.0054725828075356964,0.5059461805555555,0.5550154320987655,0.032101900077160496,0.017888920775607088,0.5330451600760194,0.14191569098449797,2535.866666666667,ok,phase3-opencv-v1,Aggregated from Phase 3 frame features.
osf_smile_types,video,OSF Smile Types/Types of Smiles/Maurice_Sadness.mp4,Maurice,frown_candidate,negative_oob,Maurice,False,12,12,1.0,1.0,1806.0,1016.0,181.31976267319783,82.08700591873017,82.08700561523438,35.79229634808002,0.0045069311830207275,102.83062817971212,0.006993528734181285,0.13262235124905905,0.2688023576900542,0.2099705741724145,0.017189538014207535,0.48740310077519383,0.6259842519685039,0.024606299212598427,0.0,0.4862258482000768,0.020954388904868275,3036.366666666667,ok,phase3-opencv-v1,Aggregated from Phase 3 frame features.
osf_smile_types,video,OSF Smile Types/Types of Smiles/Naomi_Affiliation.mp4,Naomi,affiliative,smile_subtype_positive,Naomi,True,12,12,1.0,1.0,1550.0,872.0,188.8063697346355,69.4638175714998,69.46381568908691,97.61479286884855,0.025741035316168493,105.38662053655213,0.03676274452575738,0.09721001485983531,0.29846012936860816,0.17764458173029496,0.006745925260757257,0.4964784946236559,0.5866303516819572,0.030954547696557165,0.008126744994716403,0.5813773187112377,0.112402428493289,2535.866666666667,ok,phase3-opencv-v1,Aggregated from Phase 3 frame features.
osf_smile_types,video,OSF Smile Types/Types of Smiles/Naomi_Anger.mp4,Naomi,negative_other,negative_oob,Naomi,False,12,12,1.0,1.0,1634.0,918.0,186.71237641209981,69.52808389562094,69.52808443705241,122.68034698200589,0.030716087604632496,100.03436769936701,0.05937001915078824,0.1064385666201512,0.2893565301562204,0.1646550716483157,0.0050730988439634216,0.4919165646674827,0.6109749455337691,0.030099759201926386,0.0,0.6058781920264984,0.00928731346372408,3603.6000000000004,ok,phase3-opencv-v1,Aggregated from Phase 3 frame features.
osf_smile_types,video,OSF Smile Types/Types of Smiles/Naomi_Disgust.mp4,Naomi,negative_other,negative_oob,Naomi,False,12,12,1.0,1.0,1616.0,908.0,188.97752723544656,69.54177082830518,69.54177029927571,152.26652132642926,0.03353987656474899,104.23029264482314,0.03597405995707768,0.16394062836964926,0.27382282874359326,0.14021802441808057,0.005627702118282974,0.4916460396039604,0.5634177679882526,0.029090632769224058,0.005570548504377265,0.6413875621879311,0.07777231088550592,2402.4,ok,phase3-opencv-v1,Aggregated from Phase 3 frame features.
osf_smile_types,video,OSF Smile Types/Types of Smiles/Naomi_Dominance.mp4,Naomi,dominance,smile_subtype_positive,Naomi,True,12,12,1.0,1.0,1490.0,838.0,192.55640473749685,70.00804891874509,70.00805028279622,95.62148726672102,0.02088058549972503,105.725187336761,0.031668748424984516,0.11820985997716586,0.309993854041592,0.1747292344081199,0.01332064576515511,0.49527404921700224,0.5870624502784407,0.032212362448142746,0.008827008266002837,0.5987899163353938,0.08933132917666585,2268.9333333333334,ok,phase3-opencv-v1,Aggregated from Phase 3 frame features.
osf_smile_types,video,OSF Smile Types/Types of Smiles/Naomi_Reward.mp4,Naomi,reward,smile_subtype_positive,Naomi,True,12,12,1.0,1.0,1566.0,880.0,191.29283604725416,68.73637742661106,68.73637708028157,83.90745354796964,0.022993041042610008,108.74497621512928,0.037107603037408274,0.1577192135155201,0.2709254389540575,0.16780091383180462,0.007659355116705405,0.48422200936568754,0.6011837121212121,0.0327629745733194,0.0,0.6264429542375985,0.014680822196334634,2602.6000000000004,ok,phase3-opencv-v1,Aggregated from Phase 3 frame features.
osf_smile_types,video,OSF Smile Types/Types of Smiles/Naomi_Sadness.mp4,Naomi,frown_candidate,negative_oob,Naomi,False,12,12,1.0,1.0,1616.0,908.0,187.56446570455503,70.52910038251963,70.52910168965657,119.23930104942234,0.028811497270321746,100.6736406288458,0.06478998872459898,0.10104927234351635,0.2711068941057614,0.17741040176429537,0.008102758532191997,0.49992264851485146,0.6380781938325991,0.030770216338814497,0.0,0.5904009188551688,0.013266113622778648,3036.366666666667,ok,phase3-opencv-v1,Aggregated from Phase 3 frame features.
osf_smile_types,video,OSF Smile Types/Types of Smiles/Zach_Affiliation.mp4,Zach,affiliative,smile_subtype_positive,Zach,True,12,12,1.0,0.8333333333333334,1668.0,938.0,209.15915375375604,44.5687517192076,44.56875133514404,35.826979162005046,0.01029043502937522,177.4098163427766,0.00939169439489548,0.04347117245197296,0.2776522330228153,0.21222797881098107,0.006591245971910583,0.4970523581135092,0.5518834399431415,0.028857511006120478,0.0,0.5244112246219185,0.0076808998722330026,2669.3333333333335,ok,phase3-opencv-v1,Aggregated from Phase 3 frame features.
osf_smile_types,video,OSF Smile Types/Types of Smiles/Zach_Anger.mp4,Zach,negative_other,negative_oob,Zach,False,12,12,1.0,1.0,1650.0,928.0,209.78629544366075,47.228135424832416,47.228136698404946,36.74143635586832,0.01039767284918147,177.949955576014,0.010676874534679448,0.0410790778696537,0.29137951231236403,0.21496299198885405,0.0057057699531768225,0.5009595959595959,0.5714798850574713,0.029486677115987462,0.0,0.5247871161016068,0.0069499161087406905,2669.3333333333335,ok,phase3-opencv-v1,Aggregated from Phase 3 frame features.
osf_smile_types,video,OSF Smile Types/Types of Smiles/Zach_Disgust.mp4,Zach,negative_other,negative_oob,Zach,False,12,12,1.0,0.4166666666666667,1724.0,970.0,210.12237623683436,46.772753245794235,46.77275435129801,39.46096454528905,0.012866565407706844,172.01664002633112,0.01051128656426775,0.06093207218994697,0.29917024408878923,0.1935914340501192,0.011015385473617353,0.5057762954369683,0.555798969072165,0.026999067141866194,0.0,0.5138496422198952,0.0033922318705702525,2452.4500000000003,ok,phase3-opencv-v1,Aggregated from Phase 3 frame features.
osf_smile_types,video,OSF Smile Types/Types of Smiles/Zach_Dominance.mp4,Zach,dominance,smile_subtype_positive,Zach,True,12,12,1.0,0.75,1686.0,948.0,209.50023300390575,42.81073052853349,42.810729026794434,32.412453378418746,0.010355039766556051,177.78015456284254,0.010096888285711373,0.0509764322390159,0.26041390668982267,0.20720397607166155,0.011771670841556765,0.5042259786476868,0.5323927566807314,0.02619237102772397,0.0058149588394346965,0.5037911019772058,0.06798879618074072,2435.766666666667,ok,phase3-opencv-v1,Aggregated from Phase 3 frame features.
osf_smile_types,video,OSF Smile Types/Types of Smiles/Zach_Reward.mp4,Zach,reward,smile_subtype_positive,Zach,True,12,12,1.0,1.0,1686.0,948.0,209.41645519567948,44.76614337645232,44.766143480936684,32.20505188331183,0.010628137653848272,181.77344038635866,0.010845549705145565,0.08201972767710686,0.28568576270907664,0.2217716472046622,0.004844117912150535,0.5118129695531831,0.5490506329113923,0.028248269441566436,0.0,0.5056587970368347,0.005480468231795812,2736.066666666667,ok,phase3-opencv-v1,Aggregated from Phase 3 frame features.
osf_smile_types,video,OSF Smile Types/Types of Smiles/Zach_Sadness.mp4,Zach,frown_candidate,negative_oob,Zach,False,12,12,1.0,1.0,1634.0,918.0,207.80195413992243,48.042828306929344,48.042829831441246,37.2205308578989,0.009962809186415398,179.13318638073787,0.011217599365079675,0.040093363262712955,0.281943823639492,0.23530172869728153,0.0035882441733261186,0.49798551611587105,0.5670388525780683,0.030099759201926386,0.0,0.5066920691799311,0.0038323726014183684,2819.483333333333,ok,phase3-opencv-v1,Aggregated from Phase 3 frame features.
